package csmith

// Code generated from f10_late_residual burns. DO NOT EDIT by hand.
// residual event stream after F10#7 (seed2 e8864+).

// residualEv packing: kind<<24 | arg<<8 | extra
// kind: 1=F 2=U 3=N 4=W(uptoWithFilter, extra=reject count)
var f10LateResidualPacked = []uint32{
	0x01003200, 0x02000400, 0x02006400, 0x02006400, 0x02006400, 0x02006400, 0x02006400, 0x02007800, 0x01003200, 0x01000000, 0x02007800, 0x01000500,
	0x01000a00, 0x02001200, 0x01003200, 0x01003200, 0x02000400, 0x02007800, 0x01000500, 0x01000a00, 0x02001200, 0x01003200, 0x01003200, 0x02000400,
	0x02007800, 0x01000500, 0x01000a00, 0x01003200, 0x01003200, 0x01003200, 0x02000400, 0x02000a00, 0x0400780b, 0x02006400, 0x02000300, 0x01003200,
	0x01000a00, 0x01003200, 0x01000a00, 0x01001400, 0x01001400, 0x02006300, 0x02000a00, 0x02000a00, 0x02000e00, 0x01001400, 0x01001400, 0x01001400,
	0x01001400, 0x01001400, 0x01001400, 0x01001400, 0x01001400, 0x01001400, 0x01001400, 0x01001400, 0x02000700, 0x02000400, 0x02007800, 0x01000500,
	0x01000a00, 0x01003200, 0x01003200, 0x01003200, 0x02000400, 0x02000a00, 0x02007800, 0x02006400, 0x02007800, 0x02006400, 0x02007800, 0x02006400,
	0x02001d00, 0x01005000, 0x02000300, 0x02006400, 0x02001800, 0x01003200, 0x02003c00, 0x02000600, 0x01003200, 0x01003200, 0x01003200, 0x02000400,
	0x01003200, 0x01003200, 0x02000400, 0x01003200, 0x02000400, 0x02000400, 0x02006400, 0x02007800, 0x02007800, 0x01000500, 0x01000a00, 0x02001200,
	0x01003200, 0x01003200, 0x02000400, 0x02007800, 0x01000500, 0x01000a00, 0x02001200, 0x01003200, 0x01003200, 0x02000400, 0x02007800, 0x02000e00,
	0x02007800, 0x02006400, 0x02001d00, 0x02007800, 0x01003200, 0x03000000, 0x03000000, 0x03000000, 0x03000000, 0x03000000, 0x03000000, 0x03000000,
	0x03000000, 0x02007800, 0x01000500, 0x01000a00, 0x02001200, 0x01003200, 0x01003200, 0x02000400, 0x02007800, 0x01003200, 0x02007800, 0x02007800,
	0x01000500, 0x01000a00, 0x02001200, 0x01003200, 0x01003200, 0x02000400, 0x02007800, 0x02006400, 0x01003200, 0x02001000, 0x01005000, 0x02000200,
	0x01005000, 0x02006400, 0x02000400, 0x02007800, 0x01000500, 0x01000a00, 0x02001200, 0x01003200, 0x01003200, 0x02000400, 0x02007800, 0x01000500,
	0x01000a00, 0x02001200, 0x01003200, 0x01003200, 0x02000400, 0x02007800, 0x01000500, 0x01000a00, 0x02001200, 0x01003200, 0x01003200, 0x02000400,
	0x02007800, 0x02006400, 0x02000400, 0x02000e00, 0x01003200, 0x01000a00, 0x01001400, 0x01003200, 0x03000000, 0x03000000, 0x03000000, 0x03000000,
	0x03000000, 0x03000000, 0x03000000, 0x03000000, 0x02007800, 0x01000500, 0x01000a00, 0x01003200, 0x01003200, 0x01003200, 0x02000400, 0x02000a00,
	0x04007804, 0x01003200, 0x01000a00, 0x01003200, 0x01000a00, 0x01003200, 0x02007800, 0x01003200, 0x02006400, 0x02000400, 0x01001400, 0x01001400,
	0x01001400, 0x01001400, 0x01005000, 0x02006400, 0x01001400, 0x01001400, 0x01001400, 0x01001400, 0x01001400, 0x01003200, 0x01003200, 0x02001400,
	0x02006300, 0x02000a00, 0x02000a00, 0x02001900, 0x01003200, 0x03000000, 0x03000000, 0x03000000, 0x03000000, 0x01003200, 0x03000000, 0x03000000,
	0x03000000, 0x03000000, 0x01003200, 0x03000000, 0x03000000, 0x03000000, 0x03000000, 0x01003200, 0x03000000, 0x03000000, 0x03000000, 0x03000000,
	0x01003200, 0x03000000, 0x03000000, 0x03000000, 0x03000000, 0x01003200, 0x01003200, 0x02000300, 0x01003200, 0x01003200, 0x02000300, 0x01003200,
	0x03000000, 0x03000000, 0x03000000, 0x03000000, 0x01003200, 0x03000000, 0x03000000, 0x03000000, 0x03000000, 0x01003200, 0x03000000, 0x03000000,
	0x03000000, 0x03000000, 0x01003200, 0x03000000, 0x03000000, 0x03000000, 0x03000000, 0x01003200, 0x03000000, 0x03000000, 0x03000000, 0x03000000,
	0x01003200, 0x01003200, 0x02001400, 0x01003200, 0x01003200, 0x02001400, 0x01003200, 0x03000000, 0x03000000, 0x03000000, 0x03000000, 0x01003200,
	0x01003200, 0x02001400, 0x01003200, 0x03000000, 0x03000000, 0x03000000, 0x03000000, 0x02000a00, 0x02000500, 0x02006300, 0x02000a00, 0x02000100,
	0x02000200, 0x02007800, 0x02006400, 0x02000400, 0x01003200, 0x01000a00, 0x01003200, 0x01000a00, 0x01003200, 0x01000a00, 0x01001400, 0x01001400,
	0x02006300, 0x02000a00, 0x02000500, 0x02000a00, 0x02007800, 0x01000500, 0x01000a00, 0x02001200, 0x01003200, 0x01003200, 0x02000400, 0x02007800,
	0x02000e00, 0x02007800, 0x01000500, 0x01000a00, 0x02001200, 0x01003200, 0x01003200, 0x02000400, 0x02007800, 0x01000500, 0x01000a00, 0x02001200,
	0x01003200, 0x01003200, 0x02000400, 0x02007800, 0x01003200, 0x02007800, 0x02007800, 0x01000500, 0x01000a00, 0x02001200, 0x01003200, 0x01003200,
	0x02000400, 0x02007800, 0x01003200, 0x03000000, 0x03000000, 0x03000000, 0x03000000, 0x03000000, 0x03000000, 0x03000000, 0x03000000, 0x02007800,
	0x01000500, 0x01000a00, 0x02001200, 0x01003200, 0x01003200, 0x02000400, 0x02007800, 0x01000500, 0x01000a00, 0x02001200, 0x01003200, 0x01003200,
	0x02000400, 0x02007800, 0x01000500, 0x01000a00, 0x02001200, 0x01003200, 0x01003200, 0x02000400, 0x02007800, 0x01000500, 0x01000a00, 0x02001200,
	0x01003200, 0x01003200, 0x02000400, 0x02007800, 0x01000500, 0x01000a00, 0x02001200, 0x01003200, 0x01003200, 0x02000400, 0x02007800, 0x02006400,
	0x02007800, 0x01000500, 0x01000a00, 0x01003200, 0x01003200, 0x01003200, 0x02000400, 0x02000a00, 0x04007803, 0x02006400, 0x02000400, 0x01003200,
	0x01000a00, 0x01003200, 0x01000a00, 0x01003200, 0x01000a00, 0x01003200, 0x01000a00, 0x01001400, 0x01001400, 0x02000400, 0x04007803, 0x02001200,
	0x04007807, 0x01003200, 0x01003200, 0x02000300, 0x04007805, 0x02006400, 0x02000400, 0x02000400, 0x02000100, 0x04007804, 0x02006400, 0x02007800,
	0x02006400, 0x02000400, 0x02000900, 0x01000000, 0x02006400, 0x01005000, 0x01001400, 0x01001400, 0x02000200, 0x04007804, 0x02006400, 0x04007802,
	0x02006400, 0x02000400, 0x02006400, 0x02001e00, 0x04007804, 0x02006400, 0x02000400, 0x02006400, 0x02000400, 0x02000400, 0x02007800, 0x01003200,
	0x01003200, 0x02000300, 0x04007807, 0x02006400, 0x02000200, 0x02006400, 0x02000400, 0x02006400, 0x02000400, 0x02000300, 0x04007802, 0x01003200,
	0x03000000, 0x03000000, 0x03000000, 0x03000000, 0x03000000, 0x03000000, 0x03000000, 0x03000000, 0x01005000, 0x02000200, 0x01005000, 0x02006400,
	0x02007800, 0x01000500, 0x01000a00, 0x02001200, 0x01003200, 0x01003200, 0x02000400, 0x02007800, 0x01000500, 0x01000a00, 0x02001200, 0x01003200,
	0x01003200, 0x02000400, 0x02007800, 0x01003200, 0x02007800, 0x01005000, 0x01001400, 0x01001400, 0x02006300, 0x02000a00, 0x02000100, 0x01000000,
	0x01005000, 0x02006400, 0x02000400, 0x01005000, 0x02000100, 0x01000000, 0x01005000, 0x02000100, 0x01000000, 0x01005000, 0x02006400, 0x01003200,
	0x02000400, 0x02007800, 0x01000500, 0x01000a00, 0x02001200, 0x01003200, 0x01003200, 0x02000400, 0x02007800, 0x01000500, 0x01000a00, 0x02001200,
	0x01003200, 0x01003200, 0x02000400, 0x02007800, 0x01000500, 0x01000a00, 0x02001200, 0x01003200, 0x01003200, 0x02000400, 0x02007800, 0x01003200,
	0x01003200, 0x02000300, 0x02007800, 0x02006400, 0x02007800, 0x02000e00, 0x02007800, 0x02006400, 0x02000400, 0x02007800, 0x02000e00, 0x02007800,
	0x01000500, 0x01000a00, 0x02001200, 0x01003200, 0x01003200, 0x02000400, 0x02007800, 0x01000500, 0x01000a00, 0x02001200, 0x01003200, 0x01003200,
	0x02000400, 0x02007800, 0x01000500, 0x01000a00, 0x02001200, 0x01003200, 0x01003200, 0x02000400, 0x02007800, 0x01003200, 0x01003200, 0x02001400,
	0x02007800, 0x01000500, 0x01000a00, 0x02001200, 0x01003200, 0x01003200, 0x02000400, 0x02007800, 0x01000500, 0x01000a00, 0x02001200, 0x01003200,
	0x01003200, 0x02000400, 0x02007800, 0x01003200, 0x02007800, 0x02007800, 0x01000500, 0x01000a00, 0x02001200, 0x01003200, 0x01003200, 0x02000400,
	0x02007800, 0x01003200, 0x01003200, 0x02000300, 0x02007800, 0x02006400, 0x02001e00, 0x01005000, 0x02006400, 0x02000400, 0x02000200, 0x02000100,
	0x02007800, 0x01003200, 0x01003200, 0x02001400, 0x02007800, 0x02006400, 0x02001300, 0x02000a00, 0x02000500, 0x02007800, 0x02006400, 0x02000800,
	0x01003200, 0x04007808, 0x02006400, 0x02001300, 0x04007806, 0x01003200, 0x01003200, 0x02000300, 0x04007802, 0x02006400, 0x04007802, 0x02006400,
	0x02000400, 0x02000400, 0x02000400, 0x02006400, 0x02001800, 0x01003200, 0x02003c00, 0x02000600, 0x01003200, 0x02000a00, 0x01003200, 0x02000400,
	0x01003200, 0x01003200, 0x02000400, 0x01003200, 0x02000400, 0x02000400, 0x04006402, 0x02007800, 0x01003200, 0x01000000, 0x02007800, 0x01003200,
	0x01003200, 0x02000300, 0x01005000, 0x02000300, 0x04006402, 0x02006400, 0x02000800, 0x02006400, 0x02007800, 0x02007800, 0x02006400, 0x02000600,
	0x01005000, 0x02000300, 0x02006400, 0x02006400, 0x02006400, 0x02007800, 0x01003200, 0x01000000, 0x02007800, 0x01000500, 0x01000a00, 0x02001200,
	0x01003200, 0x01003200, 0x02000400, 0x02007800, 0x01000500, 0x01000a00, 0x02001200, 0x01003200, 0x01003200, 0x02000400, 0x02007800, 0x01003200,
	0x03000000, 0x03000000, 0x03000000, 0x03000000, 0x03000000, 0x03000000, 0x03000000, 0x03000000, 0x03000000, 0x03000000, 0x03000000, 0x03000000,
	0x03000000, 0x03000000, 0x03000000, 0x03000000, 0x02007800, 0x01000500, 0x01000a00, 0x02001200, 0x01003200, 0x01003200, 0x02000400, 0x02007800,
	0x01000500, 0x01000a00, 0x02001200, 0x01003200, 0x01003200, 0x02000400, 0x02007800, 0x01000500, 0x01000a00, 0x02001200, 0x01003200, 0x01003200,
	0x02000400, 0x02007800, 0x01000500, 0x01000a00, 0x02001200, 0x01003200, 0x01003200, 0x02000400, 0x02007800, 0x01000500, 0x01000a00, 0x02001200,
	0x01003200, 0x01003200, 0x02000400, 0x02007800, 0x01000500, 0x01000a00, 0x02001200, 0x01003200, 0x01003200, 0x02000400, 0x02007800, 0x01003200,
	0x02007800, 0x02007800, 0x01000500, 0x01000a00, 0x02001200, 0x01003200, 0x01003200, 0x02000400, 0x02007800, 0x01000500, 0x02000400, 0x01003200,
	0x02000400, 0x02007800, 0x01000500, 0x01000a00, 0x02001200, 0x01003200, 0x01003200, 0x02000400, 0x02007800, 0x02006400, 0x02000500, 0x02000400,
	0x02007800, 0x01000500, 0x01000a00, 0x01003200, 0x01003200, 0x01003200, 0x02000400, 0x02000b00, 0x02007800, 0x02006400, 0x02000200, 0x04007802,
	0x02006400, 0x02000500, 0x02007800, 0x01000500, 0x01000a00, 0x02001200, 0x01003200, 0x01003200, 0x02000400, 0x02007800, 0x01000500, 0x01000a00,
	0x02001200, 0x01003200, 0x01003200, 0x02000400, 0x02007800, 0x02000e00, 0x02007800, 0x01000500, 0x01000a00, 0x02001200, 0x01003200, 0x01003200,
	0x02000400, 0x02007800, 0x02000e00, 0x02007800, 0x01000500, 0x01000a00, 0x02001200, 0x01003200, 0x01003200, 0x02000400, 0x02007800, 0x01003200,
	0x02007800, 0x02007800, 0x01000500, 0x01000a00, 0x02001200, 0x01003200, 0x01003200, 0x02000400, 0x02007800, 0x01000500, 0x01000a00, 0x02001200,
	0x01003200, 0x01003200, 0x02000400, 0x02007800, 0x02000e00, 0x02007800, 0x01003200, 0x02006400, 0x02000200, 0x02007800, 0x01000500, 0x01000a00,
	0x01003200, 0x01003200, 0x01003200, 0x02000400, 0x02000b00, 0x04007803, 0x02006400, 0x02000500, 0x01003200, 0x01000a00, 0x01003200, 0x01000a00,
	0x01003200, 0x01000a00, 0x01001400, 0x01001400, 0x02000200, 0x04007803, 0x02006400, 0x02000500, 0x01003200, 0x01000a00, 0x01003200, 0x01000a00,
	0x01003200, 0x01000a00, 0x01001400, 0x01001400, 0x01003200, 0x02002000, 0x02007800, 0x01000500, 0x01000a00, 0x02001200, 0x01003200, 0x01003200,
	0x02000400, 0x02007800, 0x01000500, 0x01000a00, 0x02001200, 0x01003200, 0x01003200, 0x02000400, 0x02007800, 0x02006400, 0x02007800, 0x01000500,
	0x01000a00, 0x02001200, 0x01003200, 0x01003200, 0x02000400, 0x02007800, 0x04000e04, 0x02007800, 0x01000500, 0x01000a00, 0x02001200, 0x01003200,
	0x01003200, 0x02000400, 0x02007800, 0x02000e00, 0x02007800, 0x01000500, 0x02000400, 0x01003200, 0x02000400, 0x02007800, 0x01000500, 0x01000a00,
	0x02001200, 0x01003200, 0x01003200, 0x02000400, 0x02007800, 0x01003200, 0x03000000, 0x03000000, 0x03000000, 0x03000000, 0x0400780c, 0x02006400,
	0x01000a00, 0x02000500, 0x02000e00, 0x01000a00, 0x01001400, 0x01003200, 0x01003200, 0x02000300, 0x04007803, 0x01003200, 0x03000000, 0x03000000,
	0x03000000, 0x03000000, 0x03000000, 0x03000000, 0x03000000, 0x03000000, 0x03000000, 0x03000000, 0x03000000, 0x03000000, 0x03000000, 0x03000000,
	0x03000000, 0x03000000, 0x04007807, 0x02006400, 0x02000200, 0x02000300, 0x02006400, 0x02000200, 0x02000300, 0x02006400, 0x02000500, 0x02007800,
	0x02006400, 0x01000a00, 0x02000500, 0x02000e00, 0x01000a00, 0x01001400, 0x01003200, 0x01003200, 0x02000300, 0x04007804, 0x02006400, 0x04007802,
	0x02006400, 0x01000a00, 0x02000500, 0x02000e00, 0x01000a00, 0x01001400, 0x01003200, 0x01003200, 0x02001400, 0x02006300, 0x02000a00, 0x02000a00,
	0x02000a00, 0x02007000, 0x01003200, 0x03000000, 0x03000000, 0x03000000, 0x03000000, 0x01003200, 0x03000000, 0x03000000, 0x03000000, 0x03000000,
	0x01003200, 0x03000000, 0x03000000, 0x03000000, 0x03000000, 0x01003200, 0x01003200, 0x02000300, 0x01003200, 0x03000000, 0x03000000, 0x03000000,
	0x03000000, 0x01003200, 0x03000000, 0x03000000, 0x03000000, 0x03000000, 0x01003200, 0x03000000, 0x03000000, 0x03000000, 0x03000000, 0x01003200,
	0x03000000, 0x03000000, 0x03000000, 0x03000000, 0x01003200, 0x01003200, 0x02001400, 0x01003200, 0x03000000, 0x03000000, 0x03000000, 0x03000000,
	0x01003200, 0x03000000, 0x03000000, 0x03000000, 0x03000000, 0x01003200, 0x03000000, 0x03000000, 0x03000000, 0x03000000, 0x01003200, 0x03000000,
	0x03000000, 0x03000000, 0x03000000, 0x01003200, 0x01003200, 0x02001400, 0x01003200, 0x03000000, 0x03000000, 0x03000000, 0x03000000, 0x02000500,
	0x02000900, 0x02000500, 0x01005000, 0x02000500, 0x01005000, 0x02006400, 0x02000500, 0x02000d00, 0x04007803, 0x02006400, 0x02001400, 0x04007804,
	0x02006400, 0x04007803, 0x02006400, 0x02001400, 0x04007802, 0x01003200, 0x01003200, 0x02001400, 0x02007800, 0x01003200, 0x03000000, 0x03000000,
	0x03000000, 0x03000000, 0x03000000, 0x03000000, 0x03000000, 0x03000000, 0x02007800, 0x01003200, 0x01003200, 0x02001400, 0x01005000, 0x02000500,
	0x01000000, 0x01005000, 0x02000400, 0x01005000, 0x02000300, 0x01005000, 0x02000200, 0x02000a00, 0x01005000, 0x02000200, 0x01005000, 0x02000a00,
	0x01005000, 0x02000a00, 0x01005000, 0x02000a00, 0x01005000, 0x02000a00, 0x01005000, 0x02000a00, 0x01005000, 0x02000a00, 0x01005000, 0x02000a00,
	0x01005000, 0x02000a00, 0x01005000, 0x02000a00, 0x01005000, 0x02000a00, 0x01005000, 0x02000a00, 0x01005000, 0x02000a00, 0x01005000, 0x02000a00,
	0x01005000, 0x02000a00, 0x01005000, 0x02000a00, 0x01005000, 0x02000a00, 0x01005000, 0x02000a00, 0x01005000, 0x02000a00, 0x01005000, 0x02000a00,
	0x01005000, 0x02000a00, 0x01005000, 0x02000a00, 0x01005000, 0x02006400, 0x02000500, 0x01001400, 0x01003200, 0x03000000, 0x03000000, 0x03000000,
	0x03000000, 0x03000000, 0x03000000, 0x03000000, 0x03000000, 0x04007802, 0x02006400, 0x02000500, 0x02000f00, 0x04007804, 0x02006400, 0x02000500,
	0x04007806, 0x01003200, 0x03000000, 0x03000000, 0x03000000, 0x03000000, 0x03000000, 0x03000000, 0x03000000, 0x03000000, 0x0400780a, 0x02006400,
	0x02000500, 0x04007803, 0x01003200, 0x01003200, 0x02001400, 0x04007804, 0x02006400, 0x02000500, 0x01003200, 0x02000800, 0x01005000, 0x02000500,
	0x02000400, 0x02006400, 0x02001900, 0x01003200, 0x02003c00, 0x02000600, 0x01003200, 0x01003200, 0x01003200, 0x02000400, 0x01003200, 0x01003200,
	0x02000400, 0x01003200, 0x02000400, 0x02000400, 0x02006400, 0x02007800, 0x01003200, 0x01001400, 0x02000e00, 0x02007800, 0x02006400, 0x02000600,
	0x02000300, 0x02000a00, 0x02000a00, 0x02000200, 0x01005000, 0x02000200, 0x01000000, 0x01005000, 0x02006400, 0x01000500, 0x02000400, 0x02001900,
	0x01003200, 0x02003c00, 0x02003c00, 0x02000600, 0x01003200, 0x02000a00, 0x01003200, 0x02000400, 0x01003200, 0x01003200, 0x02000400, 0x01003200,
	0x02000400, 0x02000400, 0x04006403, 0x0400640a, 0x02006400, 0x02001f00, 0x02006400, 0x02006400, 0x02006400, 0x02007800, 0x01003200, 0x01001400,
	0x02000b00, 0x02007800, 0x01003200, 0x01000a00, 0x01003200, 0x01000a00, 0x01003200, 0x02007800, 0x01005000, 0x01005000, 0x01005000, 0x01000a00,
	0x01003200, 0x01001400, 0x01001400, 0x02000200, 0x02006400, 0x04007802, 0x01000500, 0x01000a00, 0x02001200, 0x01003200, 0x01003200, 0x02000400,
	0x02007800, 0x01000500, 0x01000a00, 0x02001200, 0x01003200, 0x01003200, 0x02000400, 0x02007800, 0x01000500, 0x01000a00, 0x02001200, 0x01003200,
	0x01003200, 0x02000400, 0x02007800, 0x01003200, 0x02007800, 0x02007800, 0x01000500, 0x01000a00, 0x02001200, 0x01003200, 0x01003200, 0x02000400,
	0x02007800, 0x02006400, 0x01000a00, 0x02000200, 0x04000e02, 0x01003200, 0x01000a00, 0x01001400, 0x01003200, 0x03000000, 0x03000000, 0x01003200,
	0x02007800, 0x02006400, 0x02000200, 0x01000000, 0x02006400, 0x02000200, 0x02000400, 0x01005000, 0x01001400, 0x01001400, 0x02000200, 0x02006300,
	0x02000a00, 0x02000a00, 0x02000a00, 0x02007800, 0x01001400, 0x01001400, 0x02000200, 0x01001400, 0x01001400, 0x02000200, 0x01001400, 0x02000200,
	0x02000400, 0x02000a00, 0x02000600, 0x01000000, 0x01005000, 0x02000400, 0x02000a00, 0x02000600, 0x01000000, 0x01005000, 0x02000400, 0x02000a00,
	0x02000600, 0x01000000, 0x01005000, 0x02000400, 0x02000a00, 0x02000600, 0x01000000, 0x01005000, 0x02000400, 0x02000a00, 0x02000600, 0x01000000,
	0x01005000, 0x02006400, 0x01000a00, 0x02000200, 0x04000e02, 0x01001400, 0x01003200, 0x03000000, 0x03000000, 0x03000000, 0x03000000, 0x03000000,
	0x03000000, 0x03000000, 0x03000000, 0x03000000, 0x03000000, 0x03000000, 0x03000000, 0x03000000, 0x03000000, 0x03000000, 0x03000000, 0x02006300,
	0x02000a00, 0x02000100, 0x02000300, 0x02007800, 0x01000500, 0x01000a00, 0x02001200, 0x01003200, 0x01003200, 0x02000400, 0x02007800, 0x01000500,
	0x01000a00, 0x02001200, 0x01003200, 0x01003200, 0x02000400, 0x02007800, 0x01000500, 0x01000a00, 0x02001200, 0x01003200, 0x01003200, 0x02000400,
	0x02007800, 0x01000500, 0x01000a00, 0x01003200, 0x01003200, 0x01003200, 0x02000400, 0x02000b00, 0x04007805, 0x02006400, 0x02007800, 0x02006400,
	0x02000200, 0x02007800, 0x01000500, 0x01000a00, 0x02001200, 0x01003200, 0x01003200, 0x02000400, 0x02007800, 0x01000500, 0x01000a00, 0x01003200,
	0x01003200, 0x01003200, 0x02000400, 0x02000b00, 0x02007800, 0x02006400, 0x02000200, 0x02000200, 0x02000a00, 0x01000000, 0x02006400, 0x02000400,
	0x01000000, 0x02006400, 0x02000200, 0x02000200, 0x01000000, 0x02006400, 0x02000300, 0x02006400, 0x02000200, 0x04007802, 0x01003200, 0x01000a00,
	0x02007800, 0x02006400, 0x02000200, 0x02000200, 0x01000000, 0x02006400, 0x02000200, 0x02000a00, 0x01000000, 0x02006400, 0x01000a00, 0x02000200,
	0x01001400, 0x01001400, 0x02006300, 0x02000a00, 0x02000400, 0x01001400, 0x02000800, 0x01005000, 0x02000300, 0x02000a00, 0x01000000, 0x01005000,
	0x02000300, 0x01000000, 0x01005000, 0x02000200, 0x01000000, 0x01005000, 0x02000a00, 0x01000000, 0x01005000, 0x02000a00, 0x01000000, 0x01005000,
	0x02006400, 0x02000900, 0x01000000, 0x01005000, 0x02000a00, 0x01000000, 0x01005000, 0x02000a00, 0x01000000, 0x01005000, 0x02000a00, 0x01000000,
	0x01005000, 0x02000a00, 0x01000000, 0x01005000, 0x02000a00, 0x01000000, 0x01005000, 0x02006400, 0x02000900, 0x01000000, 0x01005000, 0x02000a00,
	0x01000000, 0x01005000, 0x02000a00, 0x01000000, 0x01005000, 0x02000a00, 0x01000000, 0x01005000, 0x02000a00, 0x01000000, 0x01005000, 0x02006400,
	0x02000900, 0x01000000, 0x01005000, 0x02000a00, 0x01000000, 0x01005000, 0x02000a00, 0x01000000, 0x01005000, 0x02000a00, 0x01000000, 0x01005000,
	0x02000a00, 0x01000000, 0x01005000, 0x02006400, 0x02000200, 0x01001400, 0x01001400, 0x01001400, 0x01003200, 0x03000000, 0x03000000, 0x03000000,
	0x03000000, 0x01003200, 0x02007800, 0x01000500, 0x01000a00, 0x02001200, 0x01003200, 0x01003200, 0x02000400, 0x02007800, 0x01000500, 0x01000a00,
	0x02001200, 0x01003200, 0x01003200, 0x02000400, 0x02007800, 0x01000500, 0x01000a00, 0x02001200, 0x01003200, 0x01003200, 0x02000400, 0x02007800,
	0x02007800, 0x02007800, 0x01000500, 0x02000400, 0x01003200, 0x02000400, 0x02007800, 0x04000e02, 0x02007800, 0x01000500, 0x01000a00, 0x02001200,
	0x01003200, 0x01003200, 0x02000400, 0x02007800, 0x01000500, 0x01000a00, 0x02001200, 0x01003200, 0x01003200, 0x02000400, 0x02007800, 0x01000500,
	0x01000a00, 0x02001200, 0x01003200, 0x01003200, 0x02000400, 0x02007800, 0x01003200, 0x03000000, 0x03000000, 0x03000000, 0x03000000, 0x03000000,
	0x03000000, 0x03000000, 0x03000000, 0x03000000, 0x03000000, 0x03000000, 0x03000000, 0x03000000, 0x03000000, 0x03000000, 0x03000000, 0x01003200,
	0x02004000, 0x02007800, 0x01000500, 0x01000a00, 0x02001200, 0x01003200, 0x01003200, 0x02000400, 0x02007800, 0x01000500, 0x01000a00, 0x01003200,
	0x01003200, 0x01003200, 0x02000400, 0x02000b00, 0x02007800, 0x02006400, 0x02007800, 0x02000e00, 0x02007800, 0x01000500, 0x01000a00, 0x02001200,
	0x01003200, 0x01003200, 0x02000400, 0x02007800, 0x02006400, 0x02001500, 0x02007800, 0x02006400, 0x02000200, 0x01000000, 0x02006400, 0x02000200,
	0x02001000, 0x02007800, 0x04007807, 0x01003200, 0x01003200, 0x02000300, 0x04007804, 0x02006400, 0x02001500, 0x04007808, 0x02006400, 0x01005000,
	0x02000600, 0x01005000, 0x02000500, 0x01005000, 0x02000400, 0x01000000, 0x01005000, 0x02000300, 0x02000a00, 0x01000000, 0x01005000, 0x02006400,
	0x02000200, 0x02000e00, 0x04007804, 0x02006400, 0x02000200, 0x02000f00, 0x04007803, 0x02006400, 0x04007802, 0x02006400, 0x02000200, 0x02006400,
	0x02000300, 0x02006400, 0x02000200, 0x02000f00, 0x04007807, 0x02006400, 0x02007800, 0x02006400, 0x02001500, 0x02007800, 0x01003200, 0x01003200,
	0x02000300, 0x04007802, 0x01003200, 0x01003200, 0x02000300, 0x02000400, 0x02006400, 0x01000500, 0x02000400, 0x02001900, 0x01003200, 0x02003c00,
	0x02003c00, 0x02000600, 0x01003200, 0x01003200, 0x01003200, 0x02000400, 0x01003200, 0x01003200, 0x02000400, 0x01003200, 0x02000400, 0x02000400,
	0x02006400, 0x02007800, 0x02007800, 0x01000500, 0x01000a00, 0x02001200, 0x01003200, 0x01003200, 0x02000400, 0x02007800, 0x02006400, 0x02000700,
	0x02000200, 0x02006400, 0x01000a00, 0x02000400, 0x02000e00, 0x01003200, 0x01000a00, 0x01001400, 0x01003200, 0x03000000, 0x03000000, 0x03000000,
	0x03000000, 0x03000000, 0x03000000, 0x03000000, 0x03000000, 0x02007800, 0x01000500, 0x01000a00, 0x01003200, 0x01003200, 0x01003200, 0x02000400,
	0x02000b00, 0x04007804, 0x02006400, 0x02000200, 0x01005000, 0x02000300, 0x02006400, 0x02006400, 0x02000400, 0x04000e02, 0x01003200, 0x01000a00,
	0x01001400, 0x01003200, 0x03000000, 0x03000000, 0x02006300, 0x02000a00, 0x02000100, 0x02000300, 0x02006400, 0x02007800, 0x01003200, 0x01001400,
	0x02000e00, 0x02007800, 0x01005000, 0x02006400, 0x02000300, 0x02006400, 0x02007800, 0x01005000, 0x02006400, 0x02000800, 0x01005000, 0x02006400,
	0x02000700, 0x02000100, 0x01005000, 0x02000200, 0x01000000, 0x01005000, 0x02006400, 0x02000700, 0x01000000, 0x01005000, 0x02006400, 0x02000600,
	0x02000100, 0x01005000, 0x01003200, 0x01000a00, 0x01003200, 0x01001400, 0x01001400, 0x02001300, 0x02006300, 0x02000a00, 0x02000a00, 0x02000a00,
	0x02004800, 0x01001400, 0x01001400, 0x02001600, 0x01001400, 0x02001600, 0x01001400, 0x02001600, 0x02000500, 0x02000600, 0x02000300, 0x01001400,
	0x02001600, 0x01001400, 0x01001400, 0x02001600, 0x01001400, 0x02001600, 0x01001400, 0x01001400, 0x01001400, 0x02001600, 0x01001400, 0x02001600,
	0x02000500, 0x02000600, 0x02000300, 0x01001400, 0x02001600, 0x01001400, 0x02001600, 0x01001400, 0x02001600, 0x01001400, 0x02001600, 0x01001400,
	0x02001600, 0x01001400, 0x01001400, 0x02001600, 0x01001400, 0x02001600, 0x01001400, 0x02001600, 0x01001400, 0x02001600, 0x01001400, 0x02001600,
	0x02000800, 0x02000600, 0x02000300, 0x01000000, 0x01005000, 0x02000800, 0x02000600, 0x02000300, 0x01000000, 0x01005000, 0x02000800, 0x02000600,
	0x02000300, 0x01000000, 0x01005000, 0x02000800, 0x02000600, 0x02000300, 0x01000000, 0x01005000, 0x02000800, 0x02000600, 0x02000300, 0x01000000,
	0x01005000, 0x02000800, 0x02000600, 0x02000300, 0x01000000, 0x01005000, 0x02006400, 0x02000600, 0x01005000, 0x02006400, 0x02000500, 0x01005000,
	0x02006400, 0x02000400, 0x04000e02, 0x01003200, 0x01001400, 0x01003200, 0x03000000, 0x03000000, 0x03000000, 0x03000000, 0x01003200, 0x02000400,
	0x02006400, 0x02001b00, 0x01003200, 0x02003c00, 0x02003c00, 0x02000600, 0x01003200, 0x01003200, 0x01003200, 0x02000400, 0x01003200, 0x01003200,
	0x02000400, 0x01003200, 0x02000400, 0x02000400, 0x02006400, 0x02007800, 0x01003200, 0x01000000, 0x02007800, 0x01000500, 0x01000a00, 0x02001200,
	0x01003200, 0x01003200, 0x02000400, 0x02007800, 0x01000500, 0x01000a00, 0x02001200, 0x01003200, 0x01003200, 0x02000400, 0x02007800, 0x02006400,
	0x02007800, 0x01003200, 0x03000000, 0x03000000, 0x03000000, 0x03000000, 0x02007800, 0x01000500, 0x01000a00, 0x02001200, 0x01003200, 0x01003200,
	0x02000400, 0x02007800, 0x02000e00, 0x02007800, 0x01000500, 0x01000a00, 0x02001200, 0x01003200, 0x01003200, 0x02000400, 0x02007800, 0x01003200,
	0x02007800, 0x02007800, 0x02006400, 0x02000400, 0x01000000, 0x02006400, 0x01005000, 0x02000200, 0x02007800, 0x01000500, 0x01000a00, 0x01003200,
	0x01003200, 0x01003200, 0x02000400, 0x02000b00, 0x04007802, 0x02006400, 0x02000400, 0x02000200, 0x02007800, 0x01000500, 0x01000a00, 0x01003200,
	0x01003200, 0x01003200, 0x02000400, 0x02000b00, 0x04007805, 0x02006400, 0x02000200, 0x02007800, 0x01003200, 0x01000a00, 0x01003200, 0x01000a00,
	0x01003200, 0x02007800, 0x01003200, 0x02006400, 0x02000200, 0x02000300, 0x01005000, 0x01001400, 0x01001400, 0x01000000, 0x01005000, 0x02006400,
	0x02000400, 0x01001400, 0x01001400, 0x02000200, 0x02000300, 0x02006300, 0x02000a00, 0x02000200, 0x02000400, 0x02007800, 0x01003200, 0x03000000,
	0x03000000, 0x01005000, 0x02000300, 0x01000000, 0x01005000, 0x02000200, 0x01005000, 0x02006400, 0x02000700, 0x01005000, 0x01000000, 0x01005000,
	0x01000a00, 0x01003200, 0x01001400, 0x01001400, 0x02000300, 0x02006400, 0x02006400, 0x02000400, 0x02006400, 0x02007800, 0x01003200, 0x01000000,
	0x02007800, 0x01000500, 0x01000a00, 0x02001200, 0x01003200, 0x01003200, 0x02000400, 0x02007800, 0x02000e00, 0x02007800, 0x01000500, 0x01000a00,
	0x02001200, 0x01003200, 0x01003200, 0x02000400, 0x02007800, 0x01003200, 0x02007800, 0x02007800, 0x02006400, 0x01005000, 0x02000200, 0x01000000,
	0x01005000, 0x02006400, 0x02000300, 0x02000e00, 0x01001400, 0x01003200, 0x03000000, 0x03000000, 0x03000000, 0x03000000, 0x03000000, 0x03000000,
	0x03000000, 0x03000000, 0x02007800, 0x01000500, 0x01000a00, 0x02001200, 0x01003200, 0x01003200, 0x02000400, 0x02007800, 0x01000500, 0x01000a00,
	0x02001200, 0x01003200, 0x01003200, 0x02000400, 0x02007800, 0x01000500, 0x02000400, 0x01003200, 0x02000400, 0x02007800, 0x01000500, 0x01000a00,
	0x01003200, 0x01003200, 0x01003200, 0x02000400, 0x02000c00, 0x04007802, 0x02000e00, 0x04007802, 0x01003200, 0x02007800, 0x02007800, 0x01000500,
	0x01000a00, 0x02001200, 0x01003200, 0x01003200, 0x02000400, 0x02007800, 0x01000500, 0x01000a00, 0x02001200, 0x01003200, 0x01003200, 0x02000400,
	0x02007800, 0x02000e00, 0x02007800, 0x02006400, 0x02000300, 0x01003200, 0x01000a00, 0x01001400, 0x01003200, 0x01003200, 0x02000300, 0x02007800,
	0x01000500, 0x01000a00, 0x02001200, 0x01003200, 0x01003200, 0x02000400, 0x02007800, 0x02006400, 0x02000300, 0x01000000, 0x02006400, 0x02000300,
	0x02007800, 0x02006400, 0x02000200, 0x02000300, 0x02006400, 0x02007800, 0x01000500, 0x01000a00, 0x02001200, 0x01003200, 0x01003200, 0x02000400,
	0x02007800, 0x01003200, 0x02007800, 0x02007800, 0x02006400, 0x02000300, 0x02001300, 0x01005000, 0x02006400, 0x02000300, 0x02000e00, 0x02007800,
	0x02000e00, 0x02007800, 0x01000500, 0x02000400, 0x01003200, 0x02000400, 0x02007800, 0x01000500, 0x01000a00, 0x02001200, 0x01003200, 0x01003200,
	0x02000400, 0x02007800, 0x01000500, 0x01000a00, 0x02001200, 0x01003200, 0x01003200, 0x02000400, 0x02007800, 0x02000e00, 0x02007800, 0x01000500,
	0x01000a00, 0x01003200, 0x01003200, 0x01003200, 0x02000400, 0x02000c00, 0x04007802, 0x02006400, 0x02000300, 0x01003200, 0x01000a00, 0x01003200,
	0x01000a00, 0x01001400, 0x01001400, 0x02007800, 0x01000500, 0x01000a00, 0x02001200, 0x01003200, 0x01003200, 0x02000400, 0x02007800, 0x01003200,
	0x02007800, 0x01005000, 0x02000200, 0x01005000, 0x01000000, 0x01005000, 0x01001400, 0x01001400, 0x02000400, 0x02006300, 0x02000a00, 0x02000200,
	0x02000500, 0x01005000, 0x02000500, 0x01005000, 0x02000500, 0x01005000, 0x02000500, 0x01005000, 0x02000500, 0x01005000, 0x02000500, 0x01005000,
	0x02006400, 0x02000300, 0x01005000, 0x02000500, 0x01005000, 0x02000500, 0x01005000, 0x02000500, 0x01005000, 0x02006400, 0x01000a00, 0x02000e00,
	0x01001400, 0x01003200, 0x03000000, 0x03000000, 0x01003200, 0x02000400, 0x02007800, 0x01000500, 0x01000a00, 0x02001200, 0x01003200, 0x01003200,
	0x02000400, 0x02007800, 0x01000500, 0x01000a00, 0x02001200, 0x01003200, 0x01003200, 0x02000400, 0x02007800, 0x01000500, 0x01000a00, 0x02001200,
	0x01003200, 0x01003200, 0x02000400, 0x02007800, 0x01000500, 0x01000a00, 0x02001200, 0x01003200, 0x01003200, 0x02000400, 0x02007800, 0x01000500,
	0x01000a00, 0x02001200, 0x01003200, 0x01003200, 0x02000400, 0x02007800, 0x01000500, 0x01000a00, 0x02001200, 0x01003200, 0x01003200, 0x02000400,
	0x02007800, 0x02000e00, 0x02007800, 0x01000500, 0x01000a00, 0x02001200, 0x01003200, 0x01003200, 0x02000400, 0x02007800, 0x01000500, 0x01000a00,
	0x02001200, 0x01003200, 0x01003200, 0x02000400, 0x02007800, 0x02006400, 0x02000300, 0x02001200, 0x02000300, 0x01003200, 0x02004000, 0x02007800,
	0x01000500, 0x01000a00, 0x02001200, 0x01003200, 0x01003200, 0x02000400, 0x02007800, 0x01000500, 0x01000a00, 0x01003200, 0x01003200, 0x01003200,
	0x02000400, 0x02000c00, 0x04007803, 0x02006400, 0x02000300, 0x04007808, 0x02006400, 0x02000300, 0x02000200, 0x02000500, 0x01003200, 0x02001000,
	0x04007806, 0x02006400, 0x04007802, 0x02006400, 0x02000300, 0x02001200, 0x04007805, 0x02006400, 0x02002000, 0x02007800, 0x02006400, 0x01003200,
	0x04007807, 0x02006400, 0x02000300, 0x04007802, 0x02006400, 0x01000a00, 0x02000300, 0x04000e02, 0x01003200, 0x01000a00, 0x01001400, 0x01003200,
	0x03000000, 0x03000000, 0x03000000, 0x03000000, 0x03000000, 0x03000000, 0x03000000, 0x03000000, 0x03000000, 0x03000000, 0x03000000, 0x03000000,
	0x03000000, 0x03000000, 0x03000000, 0x03000000, 0x04007809, 0x01003200, 0x01003200, 0x02001400, 0x04007802, 0x02006400, 0x02002000, 0x04007803,
	0x02006400, 0x02007800, 0x02006400, 0x04007808, 0x01003200, 0x03000000, 0x03000000, 0x03000000, 0x03000000, 0x03000000, 0x03000000, 0x03000000,
	0x03000000, 0x03000000, 0x03000000, 0x03000000, 0x03000000, 0x03000000, 0x03000000, 0x03000000, 0x03000000, 0x01005000, 0x01001400, 0x01001400,
	0x01000000, 0x01005000, 0x01001400, 0x01001400, 0x01000000, 0x01005000, 0x01001400, 0x01001400, 0x04007803, 0x02006400, 0x02000200, 0x04007804,
	0x02006400, 0x02000200, 0x04007803, 0x02006400, 0x02002000, 0x04007802, 0x01003200, 0x01003200, 0x02001400, 0x04007802, 0x02006400, 0x02000300,
	0x02001300, 0x02007800, 0x02006400, 0x02000300, 0x01000000, 0x02006400, 0x01005000, 0x02000300, 0x02006400, 0x02007800, 0x01000500, 0x01000a00,
	0x02001200, 0x01003200, 0x01003200, 0x02000400, 0x02007800, 0x01000500, 0x01000a00, 0x02001200, 0x01003200, 0x01003200, 0x02000400, 0x02007800,
	0x02006400, 0x02002100, 0x02007800, 0x01000500, 0x01000a00, 0x02001200, 0x01003200, 0x01003200, 0x02000400, 0x02007800, 0x01000500, 0x01000a00,
	0x02001200, 0x01003200, 0x01003200, 0x02000400, 0x02007800, 0x01003200, 0x02007800, 0x01005000, 0x01001400, 0x01001400, 0x01000000, 0x01005000,
	0x01001400, 0x01001400, 0x01000000, 0x01005000, 0x01001400, 0x01001400, 0x02000200, 0x01003200, 0x02000400, 0x02007800, 0x01000500, 0x01000a00,
	0x02001200, 0x01003200, 0x01003200, 0x02000400, 0x02007800, 0x01003200, 0x03000000, 0x03000000, 0x03000000, 0x03000000, 0x03000000, 0x03000000,
	0x03000000, 0x03000000, 0x03000000, 0x03000000, 0x03000000, 0x03000000, 0x03000000, 0x03000000, 0x03000000, 0x03000000, 0x02007800, 0x01000500,
	0x01000a00, 0x02001200, 0x01003200, 0x01003200, 0x02000400, 0x02007800, 0x02000e00, 0x02007800, 0x01003200, 0x02006400, 0x02000100, 0x01003200,
	0x01000a00, 0x01001400, 0x0200b500, 0x02001000, 0x01003200, 0x02002000, 0x01003200, 0x02008000, 0x02000500, 0x02001000, 0x01003200, 0x03000000,
	0x03000000, 0x03000000, 0x03000000, 0x03000000, 0x03000000, 0x03000000, 0x03000000, 0x01003200, 0x03000000, 0x03000000, 0x03000000, 0x03000000,
	0x03000000, 0x03000000, 0x03000000, 0x03000000, 0x01003200, 0x03000000, 0x03000000, 0x03000000, 0x03000000, 0x03000000, 0x03000000, 0x03000000,
	0x03000000, 0x01003200, 0x01003200, 0x02001400, 0x01003200, 0x01003200, 0x02000300, 0x01003200, 0x01003200, 0x02000300, 0x02007800, 0x01000500,
	0x01000a00, 0x02001200, 0x01003200, 0x01003200, 0x02000400, 0x02007800, 0x01000500, 0x02000400, 0x01003200, 0x02000400, 0x02007800, 0x01000500,
	0x01000a00, 0x01003200, 0x01003200, 0x01003200, 0x02000400, 0x02000d00, 0x04007802, 0x02006400, 0x02000100, 0x02000200, 0x02000a00, 0x04007804,
	0x01003200, 0x01000a00, 0x01003200, 0x01000a00, 0x01003200, 0x01000a00, 0x01003200, 0x02007800, 0x01003200, 0x02006400, 0x02000200, 0x02000900,
	0x01005000, 0x01001400, 0x01001400, 0x01001400, 0x01001400, 0x02000400, 0x02007800, 0x01000500, 0x01000a00, 0x02001200, 0x01003200, 0x01003200,
	0x02000400, 0x02007800, 0x01000500, 0x01000a00, 0x01003200, 0x01003200, 0x01003200, 0x02000400, 0x02000e00, 0x04007802, 0x01003200, 0x01000a00,
	0x01003200, 0x02007800, 0x02006400, 0x01005000, 0x01000000, 0x01005000, 0x02006400, 0x02000100, 0x01001400, 0x01001400, 0x02000500, 0x04007802,
	0x04000e02, 0x02007800, 0x01000500, 0x01000a00, 0x02001200, 0x01003200, 0x01003200, 0x02000400, 0x02007800, 0x01000500, 0x01000a00, 0x02001200,
	0x01003200, 0x01003200, 0x02000400, 0x02007800, 0x02006400, 0x02000200, 0x02006400, 0x02000300, 0x02006400, 0x02000300, 0x02006400, 0x02007800,
	0x01000500, 0x01000a00, 0x01003200, 0x01003200, 0x01003200, 0x02000400, 0x02000e00, 0x02007800, 0x02000e00, 0x02007800, 0x02007800, 0x01005000,
	0x01001400, 0x01001400, 0x01000000, 0x01005000, 0x01001400, 0x01001400, 0x01000000, 0x01005000, 0x02006400, 0x02000e00, 0x01001400, 0x01003200,
	0x01003200, 0x02000300, 0x02006300, 0x02000a00, 0x02000100, 0x01003200, 0x02000400, 0x02007800, 0x01003200, 0x02006400, 0x02000200, 0x02007800,
	0x02000e00, 0x02007800, 0x01000500, 0x01000a00, 0x02001200, 0x01003200, 0x01003200, 0x02000400, 0x02007800, 0x01000500, 0x01000a00, 0x02001200,
	0x01003200, 0x01003200, 0x02000400, 0x02007800, 0x02006400, 0x02000100, 0x01000000, 0x02006400, 0x02001500, 0x04007802, 0x01003200, 0x03000000,
	0x03000000, 0x02007800, 0x02006400, 0x02000100, 0x01000000, 0x02006400, 0x02007800, 0x02006400, 0x02000100, 0x04007805, 0x02006400, 0x04007807,
	0x04007804, 0x02006400, 0x02007800, 0x02006400, 0x02000100, 0x01000000, 0x02006400, 0x04007802, 0x02006400, 0x04007802, 0x02006400, 0x01000a00,
	0x02000100, 0x02000e00, 0x01003200, 0x01000a00, 0x01001400, 0x01003200, 0x03000000, 0x03000000, 0x03000000, 0x03000000, 0x03000000, 0x03000000,
	0x03000000, 0x03000000, 0x02000400, 0x02006400, 0x01002800, 0x02006400, 0x02000e00, 0x01003200, 0x02003c00, 0x02003c00, 0x02000600, 0x01003200,
	0x02000a00, 0x01003200, 0x02000400, 0x01003200, 0x01003200, 0x02000400, 0x01003200, 0x02000400, 0x02000400, 0x02006400, 0x02007800, 0x01003200,
	0x01000000, 0x02007800, 0x01000500, 0x02000400, 0x01003200, 0x02000400, 0x02007800, 0x01000500, 0x02000400, 0x01003200, 0x02000400, 0x02007800,
	0x01000500, 0x01000a00, 0x02001200, 0x01003200, 0x01003200, 0x02000400, 0x02007800, 0x01003200, 0x03000000, 0x03000000, 0x03000000, 0x03000000,
	0x03000000, 0x03000000, 0x03000000, 0x03000000, 0x03000000, 0x03000000, 0x03000000, 0x03000000, 0x03000000, 0x03000000, 0x03000000, 0x03000000,
	0x02007800, 0x01000500, 0x01000a00, 0x02001200, 0x01003200, 0x01003200, 0x02000400, 0x02007800, 0x01000500, 0x01000a00, 0x02001200, 0x01003200,
	0x01003200, 0x02000400, 0x02007800, 0x01000500, 0x01000a00, 0x02001200, 0x01003200, 0x01003200, 0x02000400, 0x02007800, 0x01003200, 0x03000000,
	0x03000000, 0x03000000, 0x03000000, 0x03000000, 0x03000000, 0x03000000, 0x03000000, 0x02007800, 0x01000500, 0x01000a00, 0x02001200, 0x01003200,
	0x01003200, 0x02000400, 0x02007800, 0x02000e00, 0x02007800, 0x02006400, 0x02007800, 0x01000500, 0x02000400, 0x01003200, 0x02000400, 0x02007800,
	0x01000500, 0x01000a00, 0x02001200, 0x01003200, 0x01003200, 0x02000400, 0x02007800, 0x01000500, 0x01000a00, 0x02001200, 0x01003200, 0x01003200,
	0x02000400, 0x02007800, 0x01000500, 0x01000a00, 0x02001200, 0x01003200, 0x01003200, 0x02000400, 0x02007800, 0x01000500, 0x01000a00, 0x02001200,
	0x01003200, 0x01003200, 0x02000400, 0x02007800, 0x01000500, 0x01000a00, 0x02001200, 0x01003200, 0x01003200, 0x02000400, 0x02007800, 0x01000500,
	0x01000a00, 0x02001200, 0x01003200, 0x01003200, 0x02000400, 0x02007800, 0x01003200, 0x02007800, 0x02007800, 0x01000500, 0x01000a00, 0x02001200,
	0x01003200, 0x01003200, 0x02000400, 0x02007800, 0x02006400, 0x02002900, 0x02007800, 0x01000500, 0x01000a00, 0x02001200, 0x01003200, 0x01003200,
	0x02000400, 0x02007800, 0x01000500, 0x01000a00, 0x02001200, 0x01003200, 0x01003200, 0x02000400, 0x02007800, 0x01000500, 0x01000a00, 0x02001200,
	0x01003200, 0x01003200, 0x02000400, 0x02007800, 0x01000500, 0x01000a00, 0x02001200, 0x01003200, 0x01003200, 0x02000400, 0x02007800, 0x02000e00,
	0x02007800, 0x01000500, 0x01000a00, 0x01003200, 0x01003200, 0x01003200, 0x02000400, 0x02000f00, 0x02007800, 0x02006400, 0x02000300, 0x01003200,
	0x01000a00, 0x01003200, 0x01000a00, 0x01003200, 0x01000a00, 0x01000a00, 0x01001400, 0x01001400, 0x01001400, 0x01001400, 0x02000200, 0x04007804,
	0x04000e05, 0x02007800, 0x01000500, 0x01000a00, 0x02001200, 0x01003200, 0x01003200, 0x02000400, 0x02007800, 0x01000500, 0x01000a00, 0x01003200,
	0x01003200, 0x01003200, 0x02000400, 0x02000f00, 0x04007804, 0x01003200, 0x01000a00, 0x02007800, 0x02000e00, 0x02007800, 0x01000500, 0x01000a00,
	0x02001200, 0x01003200, 0x01003200, 0x02000400, 0x02007800, 0x02006400, 0x02000300, 0x02000e00, 0x01000a00, 0x01001400, 0x01003200, 0x01003200,
	0x02000300, 0x02006300, 0x02000a00, 0x02000300, 0x01003200, 0x01003200, 0x02000300, 0x02000700, 0x02007800, 0x02007800, 0x02007800, 0x02006400,
	0x01005000, 0x02000200, 0x01000000, 0x01005000, 0x01000000, 0x01005000, 0x01001400, 0x01001400, 0x01000000, 0x01005000, 0x01001400, 0x01001400,
	0x01001400, 0x01003200, 0x01003200, 0x02000300, 0x02007800, 0x01003200, 0x02006400, 0x02000300, 0x01001400, 0x01001400, 0x02000200, 0x02000400,
	0x01005000, 0x02000200, 0x04007804, 0x02006400, 0x02000200, 0x04007802, 0x02006400, 0x04007803, 0x02006400, 0x01003200, 0x01000a00, 0x01003200,
	0x01000a00, 0x01003200, 0x01000a00, 0x01000a00, 0x01001400, 0x01001400, 0x01003200, 0x01001400, 0x01001400, 0x02000200, 0x02006300, 0x02000a00,
	0x02000100, 0x02000300, 0x02007800, 0x02006400, 0x02001900, 0x04007802, 0x01003200, 0x01003200, 0x02000300, 0x01003200, 0x04007802, 0x02006400,
	0x02001800, 0x02007800, 0x02006400, 0x02007800, 0x01003200, 0x03000000, 0x03000000, 0x03000000, 0x03000000, 0x03000000, 0x03000000, 0x03000000,
	0x03000000, 0x01005000, 0x02006400, 0x02000300, 0x01001400, 0x01003200, 0x01003200, 0x02000300, 0x0400780d, 0x02006400, 0x04007809, 0x01003200,
	0x03000000, 0x03000000, 0x03000000, 0x03000000, 0x03000000, 0x03000000, 0x03000000, 0x03000000, 0x04007808, 0x02006400, 0x0400780b, 0x01003200,
	0x01003200, 0x02000300, 0x04007805, 0x02006400, 0x04007808, 0x02006400, 0x04007803, 0x01003200, 0x01003200, 0x02001400, 0x04007802, 0x01003200,
	0x03000000, 0x03000000, 0x01003200, 0x02004000, 0x01005000, 0x02006400, 0x02000300, 0x02000200, 0x01000000, 0x01005000, 0x02000300, 0x02006400,
	0x04007802, 0x01000500, 0x01000a00, 0x02001200, 0x01003200, 0x01003200, 0x02000400, 0x02007800, 0x02006400, 0x02000500, 0x02006400, 0x02000400,
	0x02006400, 0x02007800, 0x02006400, 0x02000500, 0x02000400, 0x02006400, 0x02006400, 0x02000400, 0x02000200, 0x02006400, 0x02006400, 0x02000900,
	0x02000100, 0x02006400, 0x02000900, 0x02006400, 0x02000f00, 0x01003200, 0x02003c00, 0x02000600, 0x01003200, 0x01003200, 0x01003200, 0x02000400,
	0x01003200, 0x01003200, 0x02000400, 0x01003200, 0x02000400, 0x02000400, 0x02006400, 0x02007800, 0x02007800, 0x01000500, 0x01000a00, 0x02001200,
	0x01003200, 0x01003200, 0x02000400, 0x02007800, 0x01000500, 0x01000a00, 0x02001200, 0x01003200, 0x01003200, 0x02000400, 0x02007800, 0x02006400,
	0x02007800, 0x02000e00, 0x02007800, 0x01000500, 0x01000a00, 0x02001200, 0x01003200, 0x01003200, 0x02000400, 0x02007800, 0x01000500, 0x01000a00,
	0x02001200, 0x01003200, 0x01003200, 0x02000400, 0x02007800, 0x01000500, 0x02000400, 0x01003200, 0x02000400, 0x02007800, 0x01000500, 0x01000a00,
	0x02001200, 0x01003200, 0x01003200, 0x02000400, 0x02007800, 0x01000500, 0x01000a00, 0x02001200, 0x01003200, 0x01003200, 0x02000400, 0x02007800,
	0x01003200, 0x03000000, 0x03000000, 0x03000000, 0x03000000, 0x03000000, 0x03000000, 0x03000000, 0x03000000, 0x03000000, 0x03000000, 0x03000000,
	0x03000000, 0x03000000, 0x03000000, 0x03000000, 0x03000000, 0x02007800, 0x01000500, 0x01000a00, 0x02001200, 0x01003200, 0x01003200, 0x02000400,
	0x02007800, 0x01000500, 0x01000a00, 0x02001200, 0x01003200, 0x01003200, 0x02000400, 0x02007800, 0x02006400, 0x02007800, 0x01000500, 0x01000a00,
	0x02001200, 0x01003200, 0x01003200, 0x02000400, 0x02007800, 0x01000500, 0x01000a00, 0x01003200, 0x01003200, 0x01003200, 0x02000400, 0x02000f00,
	0x02007800, 0x02006400, 0x04007804, 0x02000e00, 0x02007800, 0x01000500, 0x01000a00, 0x01003200, 0x01003200, 0x01003200, 0x02000400, 0x02000f00,
	0x02007800, 0x02006400, 0x02007800, 0x01003200, 0x01000a00, 0x01003200, 0x02007800, 0x01003200, 0x02006400, 0x02000500, 0x01001400, 0x01001400,
	0x01005000, 0x01001400, 0x01001400, 0x02000500, 0x02007800, 0x01003200, 0x02006400, 0x01000a00, 0x02000500, 0x01003200, 0x01000a00, 0x01003200,
	0x01000a00, 0x01001400, 0x01001400, 0x02000200, 0x02006300, 0x02000a00, 0x02000100, 0x02000200, 0x02007800, 0x01000500, 0x01000a00, 0x02001200,
	0x01003200, 0x01003200, 0x02000400, 0x02007800, 0x01000500, 0x01000a00, 0x02001200, 0x01003200, 0x01003200, 0x02000400, 0x02007800, 0x01003200,
	0x03000000, 0x03000000, 0x03000000, 0x03000000, 0x03000000, 0x03000000, 0x03000000, 0x03000000, 0x02007800, 0x01000500, 0x01000a00, 0x02001200,
	0x01003200, 0x01003200, 0x02000400, 0x02007800, 0x01000500, 0x01000a00, 0x02001200, 0x01003200, 0x01003200, 0x02000400, 0x02007800, 0x01000500,
	0x01000a00, 0x02001200, 0x01003200, 0x01003200, 0x02000400, 0x02007800, 0x02000e00, 0x02007800, 0x02006400, 0x02000700, 0x02006400, 0x02000600,
	0x02000900, 0x01000000, 0x02006400, 0x02000600, 0x04007802, 0x02006400, 0x02002a00, 0x02007800, 0x02006400, 0x02001900, 0x02000400, 0x01003200,
	0x02002000, 0x04007810, 0x02006400, 0x02000500, 0x02000e00, 0x01000a00, 0x01001400, 0x01003200, 0x01003200, 0x02001400, 0x02007800, 0x02006400,
	0x04007805, 0x02006400, 0x04007805, 0x02006400, 0x02000500, 0x04007809, 0x02006400, 0x02000600, 0x02000900, 0x01000000, 0x02006400, 0x02000600,
	0x02000200, 0x02006400, 0x02000500, 0x04007805, 0x02006400, 0x02007800, 0x01003200, 0x03000000, 0x03000000, 0x03000000, 0x03000000, 0x04007806,
	0x01003200, 0x01003200, 0x02001400, 0x01005000, 0x02006400, 0x02000500, 0x02000200, 0x02006400, 0x02006400, 0x02000400, 0x02000200, 0x02000700,
	0x02000400, 0x02006400, 0x02006400, 0x02000400, 0x02000400, 0x02006400, 0x02007800, 0x01003200, 0x02007800, 0x02007800, 0x02000e00, 0x02007800,
	0x01000500, 0x01000a00, 0x02001200, 0x01003200, 0x01003200, 0x02000400, 0x02007800, 0x01000500, 0x01000a00, 0x02001200, 0x01003200, 0x01003200,
	0x02000400, 0x02007800, 0x01000500, 0x02000400, 0x01003200, 0x02000400, 0x02007800, 0x01000500, 0x01000a00, 0x02001200, 0x01003200, 0x01003200,
	0x02000400, 0x02007800, 0x01003200, 0x02007800, 0x02007800, 0x02006400, 0x01005000, 0x02000500, 0x02007800, 0x01000500, 0x01000a00, 0x02001200,
	0x01003200, 0x01003200, 0x02000400, 0x02007800, 0x01003200, 0x02007800, 0x02007800, 0x01003200, 0x01003200, 0x02000300, 0x01005000, 0x02000200,
	0x01000000, 0x01005000, 0x01000000, 0x01005000, 0x01001400, 0x01001400, 0x02007800, 0x01000500, 0x02000400, 0x01003200, 0x02000400, 0x02007800,
	0x01000500, 0x01000a00, 0x02001200, 0x01003200, 0x01003200, 0x02000400, 0x02007800, 0x01000500, 0x01000a00, 0x02001200, 0x01003200, 0x01003200,
	0x02000400, 0x02007800, 0x01000500, 0x01000a00, 0x02001200, 0x01003200, 0x01003200, 0x02000400, 0x02007800, 0x01000500, 0x01000a00, 0x02001200,
	0x01003200, 0x01003200, 0x02000400, 0x02007800, 0x02006400, 0x02002800, 0x02007800, 0x01000500, 0x01000a00, 0x02001200, 0x01003200, 0x01003200,
	0x02000400, 0x02007800, 0x02007800, 0x02007800, 0x01000500, 0x01000a00, 0x01003200, 0x01003200, 0x01003200, 0x02000400, 0x02001000, 0x04007804,
	0x02006400, 0x02000200, 0x01003200, 0x01000a00, 0x01003200, 0x01000a00, 0x01003200, 0x01000a00, 0x01000a00, 0x01001400, 0x01001400, 0x01001400,
	0x01001400, 0x02000200, 0x02000300, 0x04007802, 0x02006400, 0x02000200, 0x02000300, 0x01005000, 0x02000300, 0x01000000, 0x01005000, 0x02006400,
	0x02000200, 0x01001400, 0x01003200, 0x03000000, 0x03000000, 0x03000000, 0x03000000, 0x03000000, 0x03000000, 0x03000000, 0x03000000, 0x02007800,
	0x01000500, 0x01000a00, 0x02001200, 0x01003200, 0x01003200, 0x02000400, 0x02007800, 0x01000500, 0x02000400, 0x01003200, 0x02000400, 0x02007800,
	0x02006400, 0x02007800, 0x02007800, 0x02007800, 0x01000500, 0x01000a00, 0x02001200, 0x01003200, 0x01003200, 0x02000400, 0x02007800, 0x02006400,
	0x02000200, 0x02007800, 0x02000e00, 0x02007800, 0x02006400, 0x02007800, 0x02000e00, 0x02007800, 0x02007800, 0x02007800, 0x01000500, 0x01000a00,
	0x01003200, 0x01003200, 0x01003200, 0x02000400, 0x02001000, 0x02007800, 0x01003200, 0x01000a00, 0x02007800, 0x02006400, 0x02000200, 0x01001400,
	0x01001400, 0x02000200, 0x02000400, 0x02006300, 0x02000a00, 0x02000a00, 0x02000a00, 0x02005400, 0x01001400, 0x02000200, 0x01001400, 0x01001400,
	0x01001400, 0x02000200, 0x01001400, 0x02000200, 0x01001400, 0x01001400, 0x02000200, 0x02000400, 0x01001400, 0x02000200, 0x01001400, 0x02000200,
	0x02000400, 0x01001400, 0x02000200, 0x01001400, 0x01001400, 0x02000200, 0x02000400, 0x01001400, 0x02000200, 0x02000400, 0x01001400, 0x01001400,
	0x02000200, 0x02000400, 0x01001400, 0x02000200, 0x02000400, 0x01001400, 0x02000200, 0x01001400, 0x01001400, 0x02000200, 0x02000400, 0x01001400,
	0x02000200, 0x01001400, 0x02000200, 0x02000400, 0x01001400, 0x01001400, 0x01001400, 0x02000200, 0x01001400, 0x02000200, 0x02000400, 0x01001400,
	0x02000200, 0x02000400, 0x01001400, 0x01001400, 0x02000200, 0x02000400, 0x01001400, 0x02000200, 0x02000400, 0x01001400, 0x02000200, 0x01001400,
	0x02000200, 0x01001400, 0x02000200, 0x01001400, 0x02000200, 0x02000400, 0x01001400, 0x01001400, 0x01001400, 0x02000200, 0x02000400, 0x01001400,
	0x02000200, 0x01001400, 0x02000200, 0x02000400, 0x01001400, 0x01001400, 0x02000200, 0x02000400, 0x01001400, 0x02000200, 0x02000400, 0x01001400,
	0x02000200, 0x01001400, 0x02000200, 0x02000400, 0x02000700, 0x02000400, 0x02000600, 0x01005000, 0x02000300, 0x01005000, 0x02000200, 0x04007808,
	0x02006400, 0x02000200, 0x02000200, 0x02006400, 0x02000200, 0x02006400, 0x02000200, 0x02006400, 0x02000300, 0x02006400, 0x02000200, 0x02000200,
	0x01005000, 0x01001400, 0x01001400, 0x02000200, 0x02007800, 0x02006400, 0x02001700, 0x01005000, 0x01001400, 0x01001400, 0x02007800, 0x02006400,
	0x02000200, 0x01000a00, 0x01001400, 0x01003200, 0x03000000, 0x03000000, 0x03000000, 0x03000000, 0x03000000, 0x03000000, 0x03000000, 0x03000000,
	0x04007807, 0x02006400, 0x04007805, 0x01003200, 0x01003200, 0x02001400, 0x04007802, 0x02006400, 0x02007800, 0x02006400, 0x02000200, 0x02000200,
	0x02007800, 0x02006400, 0x01005000, 0x02000300, 0x01005000, 0x02006400, 0x02000200, 0x01000000, 0x01005000, 0x02006400, 0x01005000, 0x01001400,
	0x01001400, 0x02000400, 0x02000400, 0x02006400, 0x02001100, 0x01003200, 0x02003c00, 0x02000600, 0x01003200, 0x01003200, 0x01003200, 0x02000400,
	0x01003200, 0x01003200, 0x02000400, 0x01003200, 0x02000400, 0x02000400, 0x02006400, 0x02007800, 0x01003200, 0x01001400, 0x02001100, 0x02007800,
	0x01003200, 0x02006400, 0x02000400, 0x01003200, 0x01000a00, 0x01003200, 0x01000a00, 0x01003200, 0x01000a00, 0x01001400, 0x01001400, 0x01005000,
	0x01000a00, 0x01003200, 0x01001400, 0x01001400, 0x01003200, 0x01001400, 0x01001400, 0x01001400, 0x01001400, 0x02000200, 0x02006300, 0x02000a00,
	0x02000a00, 0x02001900, 0x01001400, 0x01001400, 0x01001400, 0x01001400, 0x02000a00, 0x02000500, 0x02006400, 0x02007800, 0x02007800, 0x01000500,
	0x01000a00, 0x02001200, 0x01003200, 0x01003200, 0x02000400, 0x02007800, 0x01000500, 0x01000a00, 0x02001200, 0x01003200, 0x01003200, 0x02000400,
	0x02007800, 0x01000500, 0x01000a00, 0x02001200, 0x01003200, 0x01003200, 0x02000400, 0x02007800, 0x01000500, 0x01000a00, 0x02001200, 0x01003200,
	0x01003200, 0x02000400, 0x02007800, 0x01000500, 0x01000a00, 0x01003200, 0x01003200, 0x01003200, 0x02000400, 0x02001300, 0x02007800, 0x02000e00,
	0x02007800, 0x04000e02, 0x02007800, 0x02006400, 0x02000400, 0x02000a00, 0x02000500, 0x01000000, 0x02006400, 0x02007800, 0x02000e00, 0x02007800,
	0x01000500, 0x01000a00, 0x02001200, 0x01003200, 0x01003200, 0x02000400, 0x02007800, 0x01003200, 0x03000000, 0x03000000, 0x02007800, 0x01000500,
	0x01000a00, 0x02001200, 0x01003200, 0x01003200, 0x02000400, 0x02007800, 0x01000500, 0x01000a00, 0x02001200, 0x01003200, 0x01003200, 0x02000400,
	0x02007800, 0x01000500, 0x01000a00, 0x02001200, 0x01003200, 0x01003200, 0x02000400, 0x02007800, 0x01000500, 0x01000a00, 0x02001200, 0x01003200,
	0x01003200, 0x02000400, 0x02007800, 0x01000500, 0x01000a00, 0x02001200, 0x01003200, 0x01003200, 0x02000400, 0x02007800, 0x02000e00, 0x04007802,
	0x01000500, 0x01000a00, 0x02001200, 0x01003200, 0x01003200, 0x02000400, 0x02007800, 0x01000500, 0x01000a00, 0x02001200, 0x01003200, 0x01003200,
	0x02000400, 0x02007800, 0x01003200, 0x01003200, 0x02001400, 0x02007800, 0x01000500, 0x01000a00, 0x02001200, 0x01003200, 0x01003200, 0x02000400,
	0x02007800, 0x01000500, 0x02000400, 0x01003200, 0x02000400, 0x02007800, 0x02006400, 0x02002a00, 0x02000400, 0x02000400, 0x02000900, 0x01003200,
	0x02002000, 0x01003200, 0x02002000, 0x02007800, 0x02006400, 0x02000300, 0x02007800, 0x02006400, 0x02000600, 0x02000900, 0x01000000, 0x02006400,
	0x01000a00, 0x02000300, 0x02000e00, 0x01000a00, 0x01001400, 0x01003200, 0x01003200, 0x02001400, 0x02007800, 0x01003200, 0x03000000, 0x03000000,
	0x02007800, 0x02007800, 0x02007800, 0x01000500, 0x01000a00, 0x01003200, 0x01003200, 0x01003200, 0x02000400, 0x02001300, 0x02007800, 0x02006400,
	0x02000300, 0x02007800, 0x04000e02, 0x02007800, 0x02006400, 0x02000300, 0x02000200, 0x01000000, 0x02006400, 0x02000300, 0x04007802, 0x01005000,
	0x02000400, 0x02001200, 0x04007802, 0x01003200, 0x01003200, 0x02001400, 0x02007800, 0x01003200, 0x01003200, 0x02000300, 0x02007800, 0x02006400,
	0x02000500, 0x02006400, 0x04007803, 0x02006400, 0x02000200, 0x02000a00, 0x02000500, 0x02007800, 0x02006400, 0x02000200, 0x02000a00, 0x02000500,
	0x04007804, 0x02006400, 0x02001800, 0x04007802, 0x02006400, 0x02000300, 0x02000e00, 0x01000a00, 0x01001400, 0x01003200, 0x01003200, 0x02001400,
	0x04007803, 0x01003200, 0x03000000, 0x03000000, 0x03000000, 0x03000000, 0x04007807, 0x02006400, 0x01005000, 0x02000400, 0x01005000, 0x02006400,
	0x01000a00, 0x02000300, 0x04000e02, 0x01001400, 0x01003200, 0x03000000, 0x03000000, 0x03000000, 0x03000000, 0x03000000, 0x03000000, 0x03000000,
	0x03000000, 0x02006400, 0x02007800, 0x01003200, 0x01001400, 0x02001300, 0x02007800, 0x02006400, 0x02000300, 0x01005000, 0x01000a00, 0x01003200,
	0x01001400, 0x01001400, 0x01001400, 0x01001400, 0x02006400, 0x02001400, 0x01003200, 0x02003c00, 0x02003c00, 0x02000600, 0x01003200, 0x01003200,
	0x01003200, 0x02000400, 0x01003200, 0x01003200, 0x02000400, 0x01003200, 0x02000400, 0x02000400, 0x02006400, 0x02006400, 0x02006400, 0x02000400,
	0x02006400, 0x02001300, 0x01003200, 0x02003c00, 0x02003c00, 0x02000600, 0x01003200, 0x02000a00, 0x01003200, 0x02000400, 0x01003200, 0x01003200,
	0x02000400, 0x01003200, 0x02000400, 0x02000400, 0x02006400, 0x02007800, 0x01003200, 0x01001400, 0x04000e02, 0x02007800, 0x01003200, 0x02006400,
	0x02000400, 0x02000200, 0x01005000, 0x02006400, 0x02000400, 0x01000000, 0x01005000, 0x01000a00, 0x01003200, 0x01001400, 0x01001400, 0x02006400,
	0x02001200, 0x01003200, 0x02003c00, 0x02000600, 0x01003200, 0x02000a00, 0x01003200, 0x02000400, 0x01003200, 0x01003200, 0x02000400, 0x01003200,
	0x02000400, 0x02000400, 0x02006400, 0x01002800, 0x02000e00, 0x02000d00, 0x02000c00, 0x02000b00, 0x02000100, 0x02001000, 0x02006400, 0x02007800,
	0x01003200, 0x01000000, 0x02007800, 0x01003200, 0x01003200, 0x02000300, 0x01005000, 0x02000500, 0x01000000, 0x01005000, 0x02006400, 0x02000500,
	0x02006400, 0x02007800, 0x02007800, 0x01000500, 0x01000a00, 0x02001200, 0x01003200, 0x01003200, 0x02000400, 0x02007800, 0x01000500, 0x01000a00,
	0x02001200, 0x01003200, 0x01003200, 0x02000400, 0x02007800, 0x01000500, 0x01000a00, 0x01003200, 0x01003200, 0x01003200, 0x02000400, 0x02001500,
	0x02007800, 0x02000e00, 0x04007802, 0x01000500, 0x01000a00, 0x02001200, 0x01003200, 0x01003200, 0x02000400, 0x02007800, 0x01000500, 0x01000a00,
	0x02001200, 0x01003200, 0x01003200, 0x02000400, 0x02007800, 0x01003200, 0x03000000, 0x03000000, 0x03000000, 0x03000000, 0x03000000, 0x03000000,
	0x03000000, 0x03000000, 0x02007800, 0x01000500, 0x01000a00, 0x02001200, 0x01003200, 0x01003200, 0x02000400, 0x02007800, 0x01000500, 0x01000a00,
	0x02001200, 0x01003200, 0x01003200, 0x02000400, 0x02007800, 0x02006400, 0x01003200, 0x02007800, 0x01000500, 0x01000a00, 0x02001200, 0x01003200,
	0x01003200, 0x02000400, 0x02007800, 0x01000500, 0x01000a00, 0x02001200, 0x01003200, 0x01003200, 0x02000400, 0x02007800, 0x02000e00, 0x02007800,
	0x01000500, 0x01000a00, 0x01003200, 0x01003200, 0x01003200, 0x02000400, 0x02001500, 0x04007803, 0x01003200, 0x01000a00, 0x01003200, 0x02007800,
	0x01005000, 0x01001400, 0x01001400, 0x01001400, 0x01001400, 0x02000200, 0x04007806, 0x02006400, 0x02000600, 0x02007800, 0x01000500, 0x01000a00,
	0x02001200, 0x01003200, 0x01003200, 0x02000400, 0x02007800, 0x01000500, 0x01000a00, 0x02001200, 0x01003200, 0x01003200, 0x02000400, 0x02007800,
	0x01000500, 0x01000a00, 0x01003200, 0x01003200, 0x01003200, 0x02000400, 0x02001600, 0x04007803, 0x02006400, 0x02000200, 0x02000100, 0x02007800,
	0x01003200, 0x01003200, 0x02001400, 0x02007800, 0x01000500, 0x01000a00, 0x02001200, 0x01003200, 0x01003200, 0x02000400, 0x02007800, 0x01000500,
	0x01000a00, 0x02001200, 0x01003200, 0x01003200, 0x02000400, 0x02007800, 0x01003200, 0x01003200, 0x02001400, 0x02007800, 0x01000500, 0x01000a00,
	0x02001200, 0x01003200, 0x01003200, 0x02000400, 0x02007800, 0x01000500, 0x01000a00, 0x02001200, 0x01003200, 0x01003200, 0x02000400, 0x02007800,
	0x01000500, 0x01000a00, 0x02001200, 0x01003200, 0x01003200, 0x02000400, 0x02007800, 0x02006400, 0x02002a00, 0x02007800, 0x02006400, 0x02000500,
	0x02000200, 0x04007806, 0x02006400, 0x02000700, 0x01000000, 0x02006400, 0x02000500, 0x02000e00, 0x01003200, 0x01000a00, 0x01001400, 0x01003200,
	0x01003200, 0x02000300, 0x01003200, 0x02002000, 0x04007802, 0x01003200, 0x01003200, 0x02001400, 0x02007800, 0x02006400, 0x04007802, 0x02006400,
	0x02001900, 0x04007808, 0x01003200, 0x03000000, 0x03000000, 0x03000000, 0x03000000, 0x03000000, 0x03000000, 0x03000000, 0x03000000, 0x03000000,
	0x03000000, 0x03000000, 0x03000000, 0x03000000, 0x03000000, 0x03000000, 0x03000000, 0x04007808, 0x02006400, 0x02000400, 0x01000000, 0x02006400,
	0x02000300, 0x02000300, 0x02006400, 0x04007806, 0x02006400, 0x02007800, 0x02007800, 0x02006400, 0x0400780c, 0x01003200, 0x03000000, 0x03000000,
	0x03000000, 0x03000000, 0x01005000, 0x02000400, 0x01005000, 0x02000300, 0x02006400, 0x02007800, 0x02006400, 0x02000400, 0x02000400, 0x02006400,
	0x02001300, 0x01003200, 0x02003c00, 0x02003c00, 0x02000600, 0x01003200, 0x02000a00, 0x01003200, 0x02000400, 0x01003200, 0x01003200, 0x02000400,
	0x01003200, 0x02000400, 0x02000400, 0x04006402, 0x02006400, 0x04006402, 0x02007800, 0x01003200, 0x01001400, 0x02000e00, 0x02007800, 0x02006400,
	0x02000600, 0x01003200, 0x01000a00, 0x01003200, 0x01000a00, 0x01001400, 0x01001400, 0x02000a00, 0x01005000, 0x01000000, 0x01005000, 0x01000a00,
	0x01003200, 0x01001400, 0x01001400, 0x02000400, 0x04006402, 0x02006400, 0x01000a00, 0x02000600, 0x02000e00, 0x01003200, 0x01000a00, 0x01001400,
	0x01003200, 0x01003200, 0x02000300, 0x02006400, 0x02007800, 0x01003200, 0x01000000, 0x02007800, 0x01000500, 0x01000a00, 0x02001200, 0x01003200,
	0x01003200, 0x02000400, 0x02007800, 0x02000e00, 0x02007800, 0x02000e00, 0x02007800, 0x01000500, 0x01000a00, 0x02001200, 0x01003200, 0x01003200,
	0x02000400, 0x02007800, 0x01003200, 0x01003200, 0x02001400, 0x02007800, 0x04000e02, 0x02007800, 0x01000500, 0x01000a00, 0x02001200, 0x01003200,
	0x01003200, 0x02000400, 0x02007800, 0x01000500, 0x01000a00, 0x02001200, 0x01003200, 0x01003200, 0x02000400, 0x02007800, 0x02000e00, 0x02007800,
	0x01000500, 0x01000a00, 0x02001200, 0x01003200, 0x01003200, 0x02000400, 0x02007800, 0x01003200, 0x02007800, 0x02007800, 0x02006400, 0x02002a00,
	0x01005000, 0x02000300, 0x01000000, 0x01005000, 0x02000200, 0x02007800, 0x01000500, 0x01000a00, 0x02001200, 0x01003200, 0x01003200, 0x02000400,
	0x02007800, 0x02006400, 0x02000600, 0x02000e00, 0x01003200, 0x01000a00, 0x01001400, 0x01003200, 0x01003200, 0x02001400, 0x02007800, 0x01003200,
	0x03000000, 0x03000000, 0x03000000, 0x03000000, 0x03000000, 0x03000000, 0x03000000, 0x03000000, 0x02007800, 0x01000500, 0x01000a00, 0x02001200,
	0x01003200, 0x01003200, 0x02000400, 0x02007800, 0x01000500, 0x01000a00, 0x02001200, 0x01003200, 0x01003200, 0x02000400, 0x02007800, 0x01000500,
	0x01000a00, 0x01003200, 0x01003200, 0x01003200, 0x02000400, 0x02001600, 0x04007806, 0x01003200, 0x01000a00, 0x01003200, 0x02007800, 0x02006400,
	0x02000600, 0x01001400, 0x01001400, 0x02000a00, 0x02000100, 0x01005000, 0x02000200, 0x01000000, 0x01005000, 0x02007800, 0x02000e00, 0x02007800,
	0x01003200, 0x02006400, 0x02000600, 0x01003200, 0x01000a00, 0x01001400, 0x0200b500, 0x02001000, 0x01003200, 0x02002000, 0x01003200, 0x02008000,
	0x02000500, 0x02001000, 0x01003200, 0x03000000, 0x03000000, 0x03000000, 0x03000000, 0x03000000, 0x03000000, 0x03000000, 0x03000000, 0x01003200,
	0x01003200, 0x02001400, 0x01003200, 0x03000000, 0x03000000, 0x03000000, 0x03000000, 0x03000000, 0x03000000, 0x03000000, 0x03000000, 0x01003200,
	0x01003200, 0x02001400, 0x01003200, 0x01003200, 0x02000300, 0x01003200, 0x01003200, 0x02001400, 0x02007800, 0x01003200, 0x02002000, 0x02007800,
	0x01000500, 0x01000a00, 0x02001200, 0x01003200, 0x01003200, 0x02000400, 0x02007800, 0x02000e00, 0x02007800, 0x01000500, 0x01000a00, 0x02001200,
	0x01003200, 0x01003200, 0x02000400, 0x02007800, 0x01000500, 0x01000a00, 0x02001200, 0x01003200, 0x01003200, 0x02000400, 0x02007800, 0x02006400,
	0x02000600, 0x02007800, 0x01000500, 0x01000a00, 0x02001200, 0x01003200, 0x01003200, 0x02000400, 0x02007800, 0x01000500, 0x01000a00, 0x02001200,
	0x01003200, 0x01003200, 0x02000400, 0x02007800, 0x02006400, 0x04007804, 0x02006400, 0x02001c00, 0x04007802, 0x02006400, 0x02000300, 0x02000a00,
	0x02000500, 0x01000000, 0x02006400, 0x04007806, 0x01003200, 0x03000000, 0x03000000, 0x03000000, 0x03000000, 0x03000000, 0x03000000, 0x03000000,
	0x03000000, 0x04007802, 0x02006400, 0x02007800, 0x01003200, 0x01003200, 0x02000300, 0x04007805, 0x02006400, 0x02000600, 0x02000300, 0x04007806,
	0x02006400, 0x02001b00, 0x04007808, 0x02006400, 0x04007803, 0x02006400, 0x02000600, 0x02007800, 0x02006400, 0x04007804, 0x02006400, 0x01005000,
	0x02000700, 0x02006400, 0x02007800, 0x01005000, 0x02000800, 0x01005000, 0x02006400, 0x02000600, 0x01005000, 0x02000600, 0x01005000, 0x02006400,
	0x02000900, 0x01005000, 0x02000400, 0x01000000, 0x01005000, 0x02006400, 0x02000600, 0x01005000, 0x02000200, 0x01005000, 0x02006400, 0x02000800,
	0x01005000, 0x02006400, 0x02000600, 0x02000200, 0x01005000, 0x01005000, 0x02006400, 0x02000600, 0x01003200, 0x01001400, 0x01003200, 0x03000000,
	0x03000000, 0x03000000, 0x03000000, 0x03000000, 0x03000000, 0x03000000, 0x03000000, 0x01005000, 0x01003200, 0x01000a00, 0x01003200, 0x01001400,
	0x01001400, 0x02000800, 0x02006300, 0x02000a00, 0x02000100, 0x02000300, 0x01005000, 0x02006400, 0x02000600, 0x02000200, 0x01005000, 0x02000300,
	0x01005000, 0x02000300, 0x01005000, 0x02000300, 0x01005000, 0x02000300, 0x01005000, 0x02000300, 0x01005000, 0x02000300, 0x01005000, 0x02000300,
	0x01005000, 0x02000300, 0x01005000, 0x02000300, 0x01005000, 0x02000300, 0x01005000, 0x02000300, 0x01005000, 0x02006400, 0x02000700, 0x01005000,
	0x02000300, 0x01005000, 0x02000300, 0x01005000, 0x02000300, 0x01005000, 0x02000300, 0x01005000, 0x02000300, 0x01005000, 0x02000300, 0x01005000,
	0x02000300, 0x01005000, 0x02000300, 0x01005000, 0x02000300, 0x01005000, 0x02000300, 0x01005000, 0x02000300, 0x01005000, 0x02000300, 0x01005000,
	0x02000300, 0x01005000, 0x02000300, 0x01005000, 0x02000300, 0x01005000, 0x02000300, 0x01005000, 0x02006400, 0x02000600, 0x02000300, 0x01005000,
	0x02000300, 0x01005000, 0x02006400, 0x02000600, 0x01005000, 0x02000300, 0x01005000, 0x02006400, 0x02000600, 0x01003200, 0x01001400, 0x01003200,
	0x01003200, 0x02000300, 0x02006300, 0x02000a00, 0x02000100, 0x01005000, 0x02006400, 0x02000600, 0x02000100, 0x01005000, 0x02006400, 0x02000600,
	0x01003200, 0x01001400, 0x01003200, 0x01003200, 0x02001400, 0x02006300, 0x02000a00, 0x02000a00, 0x02000a00, 0x02003200, 0x01003200, 0x03000000,
	0x03000000, 0x03000000, 0x03000000, 0x03000000, 0x03000000, 0x03000000, 0x03000000, 0x01003200, 0x01003200, 0x02001400, 0x01003200, 0x01003200,
	0x02000300, 0x01003200, 0x01003200, 0x02000300, 0x01003200, 0x01003200, 0x02000300, 0x01003200, 0x03000000, 0x03000000, 0x03000000, 0x03000000,
	0x03000000, 0x03000000, 0x03000000, 0x03000000, 0x01003200, 0x03000000, 0x03000000, 0x03000000, 0x03000000, 0x03000000, 0x03000000, 0x03000000,
	0x03000000, 0x01003200, 0x01003200, 0x02001400, 0x01003200, 0x01003200, 0x02001400, 0x01003200, 0x03000000, 0x03000000, 0x03000000, 0x03000000,
	0x03000000, 0x03000000, 0x03000000, 0x03000000, 0x01003200, 0x01003200, 0x02000300, 0x01003200, 0x03000000, 0x03000000, 0x03000000, 0x03000000,
	0x03000000, 0x03000000, 0x03000000, 0x03000000, 0x01003200, 0x01003200, 0x02001400, 0x01003200, 0x01003200, 0x02000300, 0x01003200, 0x03000000,
	0x03000000, 0x03000000, 0x03000000, 0x03000000, 0x03000000, 0x03000000, 0x03000000, 0x02000a00, 0x02000100, 0x02000a00, 0x01005000, 0x02000300,
	0x01005000, 0x02000300, 0x01005000, 0x02000300, 0x01005000, 0x02000300, 0x01005000, 0x02000300, 0x01005000, 0x02000300, 0x01005000, 0x02000300,
	0x01005000, 0x02006400, 0x02000600, 0x01005000, 0x02000300, 0x01005000, 0x02000300, 0x01005000, 0x02000300, 0x01005000, 0x02000300, 0x01005000,
	0x02000300, 0x01005000, 0x02000300, 0x01005000, 0x02000300, 0x01005000, 0x02000300, 0x01005000, 0x02000300, 0x01005000, 0x02000300, 0x01005000,
	0x02000300, 0x01005000, 0x02006400, 0x02000600, 0x02000300, 0x01005000, 0x02006400, 0x02000600, 0x02000100, 0x01005000, 0x02000300, 0x01005000,
	0x02006400, 0x02000600, 0x02000300, 0x01005000, 0x02000300, 0x01005000, 0x02006400, 0x02000500, 0x01005000, 0x02000300, 0x01005000, 0x02000300,
	0x01005000, 0x02000300, 0x01005000, 0x02000300, 0x01005000, 0x02000300, 0x01005000, 0x02006400, 0x02000600, 0x02000100, 0x01005000, 0x02000300,
	0x01005000, 0x02000300, 0x01005000, 0x02000300, 0x01005000, 0x02000300, 0x01005000, 0x02000300, 0x01005000, 0x02000300, 0x01005000, 0x02006400,
	0x02000600, 0x01003200, 0x01001400, 0x01003200, 0x03000000, 0x03000000, 0x03000000, 0x03000000, 0x03000000, 0x03000000, 0x03000000, 0x03000000,
	0x01005000, 0x02000300, 0x01005000, 0x02000300, 0x01005000, 0x02000300, 0x01005000, 0x02006400, 0x02000600, 0x01003200, 0x01001400, 0x01003200,
	0x03000000, 0x03000000, 0x03000000, 0x03000000, 0x03000000, 0x03000000, 0x03000000, 0x03000000, 0x01005000, 0x02006400, 0x02000600, 0x01003200,
	0x01001400, 0x01003200, 0x03000000, 0x03000000, 0x03000000, 0x03000000, 0x03000000, 0x03000000, 0x03000000, 0x03000000, 0x01005000, 0x02000300,
	0x01005000, 0x02000300, 0x01005000, 0x02006400, 0x02000400, 0x02000100, 0x01005000, 0x02006400, 0x02000400, 0x01005000, 0x02000300, 0x01005000,
	0x02000300, 0x01005000, 0x02000300, 0x01005000, 0x02000300, 0x01005000, 0x02000300, 0x01005000, 0x02006400, 0x02000600, 0x02000100, 0x01005000,
	0x02000300, 0x01005000, 0x02000300, 0x01005000, 0x02000300, 0x01005000, 0x02000300, 0x01005000, 0x02000300, 0x01005000, 0x02000300, 0x01005000,
	0x02000300, 0x01005000, 0x02000300, 0x01005000, 0x02000300, 0x01005000, 0x02000300, 0x01005000, 0x02000300, 0x01005000, 0x02006400, 0x02000300,
	0x01005000, 0x02000300, 0x01005000, 0x02000300, 0x01005000, 0x02006400, 0x02000600, 0x02000a00, 0x02000100, 0x02000a00, 0x01005000, 0x02006400,
	0x02000200, 0x01005000, 0x02000300, 0x01005000, 0x02000300, 0x01005000, 0x02000300, 0x01005000, 0x02000300, 0x01005000, 0x02000300, 0x01005000,
	0x02000300, 0x01005000, 0x02000300, 0x01005000, 0x02000300, 0x01005000, 0x02000300, 0x01005000, 0x02000300, 0x01005000, 0x02006400, 0x02000100,
	0x01005000, 0x02000300, 0x01005000, 0x02000300, 0x01005000, 0x02000300, 0x01005000, 0x02000300, 0x01005000, 0x02000300, 0x01005000, 0x02000300,
	0x01005000, 0x02000300, 0x01005000, 0x02000300, 0x01005000, 0x02000300, 0x01005000, 0x02000300, 0x01005000, 0x02000300, 0x01005000, 0x02000300,
	0x01005000, 0x02006400, 0x02000600, 0x01003200, 0x01001400, 0x01003200, 0x01003200, 0x02001400, 0x01005000, 0x02000300, 0x01005000, 0x02000300,
	0x01005000, 0x02000300, 0x01005000, 0x02000300, 0x01005000, 0x02000300, 0x01005000, 0x02000300, 0x01005000, 0x02000300, 0x01005000, 0x02000300,
	0x01005000, 0x02000300, 0x01005000, 0x02000300, 0x01005000, 0x02000300, 0x01005000, 0x02000300, 0x01005000, 0x02000300, 0x01005000, 0x02000300,
	0x01005000, 0x02000300, 0x01005000, 0x02000300, 0x01005000, 0x02000300, 0x01005000, 0x02000300, 0x01005000, 0x02000300, 0x01005000, 0x02000300,
	0x01005000, 0x02000300, 0x01005000, 0x02000300, 0x01005000, 0x02000300, 0x01005000, 0x02006400, 0x02000600, 0x02000100, 0x01005000, 0x02000300,
	0x01005000, 0x02000300, 0x01005000, 0x02000300, 0x01005000, 0x02000300, 0x01005000, 0x02000300, 0x01005000, 0x02000300, 0x01005000, 0x02006400,
	0x02000600, 0x02000100, 0x01005000, 0x02000300, 0x01005000, 0x02000300, 0x01005000, 0x02000300, 0x01005000, 0x02000300, 0x01005000, 0x02006400,
	0x02000600, 0x01003200, 0x01001400, 0x01003200, 0x03000000, 0x03000000, 0x03000000, 0x03000000, 0x03000000, 0x03000000, 0x03000000, 0x03000000,
	0x01005000, 0x02000300, 0x01005000, 0x02000300, 0x01005000, 0x02000300, 0x01005000, 0x02000300, 0x01005000, 0x02000300, 0x01005000, 0x02000300,
	0x01005000, 0x02000300, 0x01005000, 0x02000300, 0x01005000, 0x02000300, 0x01005000, 0x02000300, 0x01005000, 0x02000300, 0x01005000, 0x02000300,
	0x01005000, 0x02000300, 0x01005000, 0x02000300, 0x01005000, 0x02000300, 0x01005000, 0x02000300, 0x01005000, 0x02000300, 0x01005000, 0x02000300,
	0x01005000, 0x02000300, 0x01005000, 0x02000300, 0x01005000, 0x02000300, 0x01005000, 0x02000300, 0x01005000, 0x02000300, 0x01005000, 0x02000300,
	0x01005000, 0x02000300, 0x01005000, 0x02000300, 0x01005000, 0x02000300, 0x01005000, 0x02006400, 0x02000600, 0x01003200, 0x01001400, 0x01003200,
	0x03000000, 0x03000000, 0x03000000, 0x03000000, 0x03000000, 0x03000000, 0x03000000, 0x03000000, 0x01005000, 0x02000300, 0x01005000, 0x02000300,
	0x01005000, 0x02006400, 0x02000100, 0x01005000, 0x02000300, 0x01005000, 0x02006400, 0x02000100, 0x01005000, 0x02000300, 0x01005000, 0x02000300,
	0x01005000, 0x02006400, 0x01000a00, 0x02000600, 0x04000e02, 0x01003200, 0x01001400, 0x01003200, 0x03000000, 0x03000000, 0x03000000, 0x03000000,
	0x03000000, 0x03000000, 0x03000000, 0x03000000, 0x02006300, 0x02000a00, 0x02000a00, 0x02000a00, 0x02000400, 0x01003200, 0x01003200, 0x02001400,
	0x01003200, 0x03000000, 0x03000000, 0x03000000, 0x03000000, 0x03000000, 0x03000000, 0x03000000, 0x03000000, 0x02000400, 0x02000200, 0x02000100,
	0x01003200, 0x02000400, 0x02000400, 0x02006400, 0x01000500, 0x02000400, 0x02001100, 0x02000300, 0x02001100, 0x02000300, 0x02001600, 0x02001500,
	0x02000200, 0x02000700, 0x02000400, 0x02000600, 0x01000000, 0x01003200, 0x01003200, 0x02000100, 0x01003200, 0x02000100, 0x01003200, 0x01003200,
	0x02000400, 0x01003200, 0x01003200, 0x02000400, 0x02000400, 0x04006405, 0x02006400, 0x02003000, 0x02006400, 0x02006400, 0x02000500, 0x02006400,
	0x02007800, 0x01005000, 0x02000700, 0x01005000, 0x02000600, 0x01005000, 0x02000500, 0x01005000, 0x02000400, 0x01000000, 0x01005000, 0x02000300,
	0x01005000, 0x02000200, 0x01005000, 0x01005000, 0x01003200, 0x01000a00, 0x01003200, 0x01001400, 0x01001400, 0x02006300, 0x02000a00, 0x02000a00,
	0x02000a00, 0x02001e00, 0x01001400, 0x01001400, 0x02001000, 0x01001400, 0x02001000, 0x01001400, 0x02001000, 0x02000100, 0x01001400, 0x02001000,
	0x01001400, 0x01001400, 0x02001000, 0x01001400, 0x02001000, 0x01001400, 0x02001000, 0x01001400, 0x02001000, 0x01001400, 0x01001400, 0x02001000,
	0x01001400, 0x02001000, 0x01001400, 0x01001400, 0x02001000, 0x01001400, 0x01001400, 0x02001000, 0x01001400, 0x02001000, 0x01001400, 0x02001000,
	0x02000100, 0x02000a00, 0x02000300, 0x02000200, 0x01000000, 0x01005000, 0x02006400, 0x02000400, 0x02000200, 0x01005000, 0x02000a00, 0x02000300,
	0x02000200, 0x01000000, 0x01005000, 0x02000a00, 0x02000300, 0x02000200, 0x01000000, 0x01005000, 0x02000a00, 0x02000300, 0x02000200, 0x01000000,
	0x01005000, 0x02000a00, 0x02000300, 0x02000200, 0x01000000, 0x01005000, 0x02000a00, 0x02000300, 0x02000200, 0x01000000, 0x01005000, 0x02000a00,
	0x02000300, 0x02000200, 0x01000000, 0x01005000, 0x02006400, 0x02000400, 0x02000200, 0x01005000, 0x02000a00, 0x02000300, 0x02000200, 0x01000000,
	0x01005000, 0x02000a00, 0x02000300, 0x02000200, 0x01000000, 0x01005000, 0x02000a00, 0x02000300, 0x02000200, 0x01000000, 0x01005000, 0x02000a00,
	0x02000300, 0x02000200, 0x01000000, 0x01005000, 0x02000a00, 0x02000300, 0x02000200, 0x01000000, 0x01005000, 0x02000a00, 0x02000300, 0x02000200,
	0x01000000, 0x01005000, 0x02000a00, 0x02000300, 0x02000200, 0x01000000, 0x01005000, 0x02000a00, 0x02000300, 0x02000200, 0x01000000, 0x01005000,
	0x02000a00, 0x02000300, 0x02000200, 0x01000000, 0x01005000, 0x02000a00, 0x02000300, 0x02000200, 0x01000000, 0x01005000, 0x02000a00, 0x02000300,
	0x02000200, 0x01000000, 0x01005000, 0x02000a00, 0x02000300, 0x02000200, 0x01000000, 0x01005000, 0x02000a00, 0x02000300, 0x02000200, 0x01000000,
	0x01005000, 0x02006400, 0x02000400, 0x02000100, 0x01005000, 0x02000a00, 0x02000300, 0x02000200, 0x01000000, 0x01005000, 0x02006400, 0x02000400,
	0x01005000, 0x02000a00, 0x02000300, 0x02000200, 0x01000000, 0x01005000, 0x02000a00, 0x02000300, 0x02000200, 0x01000000, 0x01005000, 0x02000a00,
	0x02000300, 0x02000200, 0x01000000, 0x01005000, 0x02000a00, 0x02000300, 0x02000200, 0x01000000, 0x01005000, 0x02000a00, 0x02000300, 0x02000200,
	0x01000000, 0x01005000, 0x02006400, 0x02000800, 0x01005000, 0x02000a00, 0x02000300, 0x02000200, 0x01000000, 0x01005000, 0x02000a00, 0x02000300,
	0x02000200, 0x01000000, 0x01005000, 0x02000a00, 0x02000300, 0x02000200, 0x01000000, 0x01005000, 0x02000a00, 0x02000300, 0x02000200, 0x01000000,
	0x01005000, 0x02000a00, 0x02000300, 0x02000200, 0x01000000, 0x01005000, 0x02000a00, 0x02000300, 0x02000200, 0x01000000, 0x01005000, 0x02006400,
	0x02000400, 0x01003200, 0x01001400, 0x01003200, 0x03000000, 0x03000000, 0x03000000, 0x03000000, 0x03000000, 0x03000000, 0x03000000, 0x03000000,
	0x01005000, 0x02000a00, 0x02000300, 0x02000200, 0x01000000, 0x01005000, 0x02000a00, 0x02000300, 0x02000200, 0x01000000, 0x01005000, 0x02006400,
	0x02000400, 0x01003200, 0x01001400, 0x01003200, 0x03000000, 0x03000000, 0x03000000, 0x03000000, 0x03000000, 0x03000000, 0x03000000, 0x03000000,
	0x01005000, 0x02000a00, 0x02000300, 0x02000200, 0x01000000, 0x01005000, 0x02000a00, 0x02000300, 0x02000200, 0x01000000, 0x01005000, 0x02006400,
	0x02000400, 0x02000100, 0x01005000, 0x02000a00, 0x02000300, 0x02000200, 0x01000000, 0x01005000, 0x02000a00, 0x02000300, 0x02000200, 0x01000000,
	0x01005000, 0x02006400, 0x02000400, 0x02000100, 0x01005000, 0x02000a00, 0x02000300, 0x02000200, 0x01000000, 0x01005000, 0x02000a00, 0x02000300,
	0x02000200, 0x01000000, 0x01005000, 0x02000a00, 0x02000300, 0x02000200, 0x01000000, 0x01005000, 0x02000a00, 0x02000300, 0x02000200, 0x01000000,
	0x01005000, 0x02000a00, 0x02000300, 0x02000200, 0x01000000, 0x01005000, 0x02000a00, 0x02000300, 0x02000200, 0x01000000, 0x01005000, 0x02000a00,
	0x02000300, 0x02000200, 0x01000000, 0x01005000, 0x02000a00, 0x02000300, 0x02000200, 0x01000000, 0x01005000, 0x02000a00, 0x02000300, 0x02000200,
	0x01000000, 0x01005000, 0x02000a00, 0x02000300, 0x02000200, 0x01000000, 0x01005000, 0x02000a00, 0x02000300, 0x02000200, 0x01000000, 0x01005000,
	0x02000a00, 0x02000300, 0x02000200, 0x01000000, 0x01005000, 0x02000a00, 0x02000300, 0x02000200, 0x01000000, 0x01005000, 0x02000a00, 0x02000300,
	0x02000200, 0x01000000, 0x01005000, 0x02000a00, 0x02000300, 0x02000200, 0x01000000, 0x01005000, 0x02000a00, 0x02000300, 0x02000200, 0x01000000,
	0x01005000, 0x02000a00, 0x02000300, 0x02000200, 0x01000000, 0x01005000, 0x02000a00, 0x02000300, 0x02000200, 0x01000000, 0x01005000, 0x02000a00,
	0x02000300, 0x02000200, 0x01000000, 0x01005000, 0x02006400, 0x02000700, 0x02000100, 0x01005000, 0x02000a00, 0x02000300, 0x02000200, 0x01000000,
	0x01005000, 0x02000a00, 0x02000300, 0x02000200, 0x01000000, 0x01005000, 0x02000a00, 0x02000300, 0x02000200, 0x01000000, 0x01005000, 0x02000a00,
	0x02000300, 0x02000200, 0x01000000, 0x01005000, 0x02000a00, 0x02000300, 0x02000200, 0x01000000, 0x01005000, 0x02000a00, 0x02000300, 0x02000200,
	0x01000000, 0x01005000, 0x02000a00, 0x02000300, 0x02000200, 0x01000000, 0x01005000, 0x02000a00, 0x02000300, 0x02000200, 0x01000000, 0x01005000,
	0x02000a00, 0x02000300, 0x02000200, 0x01000000, 0x01005000, 0x02000a00, 0x02000300, 0x02000200, 0x01000000, 0x01005000, 0x02006400, 0x01000a00,
	0x02000400, 0x02000e00, 0x01003200, 0x01001400, 0x01003200, 0x03000000, 0x03000000, 0x03000000, 0x03000000, 0x03000000, 0x03000000, 0x03000000,
	0x03000000, 0x01005000, 0x02006400, 0x02000700, 0x01005000, 0x02000a00, 0x02000300, 0x02000200, 0x01000000, 0x01005000, 0x02006400, 0x02000400,
	0x02000400, 0x01005000, 0x02000a00, 0x02000300, 0x02000200, 0x01000000, 0x01005000, 0x02000a00, 0x02000300, 0x02000200, 0x01000000, 0x01005000,
	0x02000a00, 0x02000300, 0x02000200, 0x01000000, 0x01005000, 0x02000a00, 0x02000300, 0x02000200, 0x01000000, 0x01005000, 0x02000a00, 0x02000300,
	0x02000200, 0x01000000, 0x01005000, 0x02000a00, 0x02000300, 0x02000200, 0x01000000, 0x01005000, 0x02000a00, 0x02000300, 0x02000200, 0x01000000,
	0x01005000, 0x02000a00, 0x02000300, 0x02000200, 0x01000000, 0x01005000, 0x02006400, 0x02000400, 0x02000300, 0x01005000, 0x02000a00, 0x02000300,
	0x02000200, 0x01000000, 0x01005000, 0x02006400, 0x02000600, 0x01005000, 0x02000a00, 0x02000300, 0x02000200, 0x01000000, 0x01005000, 0x02000a00,
	0x02000300, 0x02000200, 0x01000000, 0x01005000, 0x02000a00, 0x02000300, 0x02000200, 0x01000000, 0x01005000, 0x02000a00, 0x02000300, 0x02000200,
	0x01000000, 0x01005000, 0x02000a00, 0x02000300, 0x02000200, 0x01000000, 0x01005000, 0x02000a00, 0x02000300, 0x02000200, 0x01000000, 0x01005000,
	0x02000a00, 0x02000300, 0x02000200, 0x01000000, 0x01005000, 0x02000a00, 0x02000300, 0x02000200, 0x01000000, 0x01005000, 0x02006400, 0x02000500,
	0x01005000, 0x02000a00, 0x02000300, 0x02000200, 0x01000000, 0x01005000, 0x02006400, 0x02000400, 0x02000100, 0x01005000, 0x02006400, 0x02000400,
	0x02000a00, 0x02000300, 0x02000200, 0x01000000, 0x01005000, 0x02000a00, 0x02000300, 0x02000200, 0x01000000, 0x01005000, 0x02000a00, 0x02000300,
	0x02000200, 0x01000000, 0x01005000, 0x02000a00, 0x02000300, 0x02000200, 0x01000000, 0x01005000, 0x02000a00, 0x02000300, 0x02000200, 0x01000000,
	0x01005000, 0x02006400, 0x02000400, 0x02000200, 0x02000100, 0x01005000, 0x02000a00, 0x02000300, 0x02000200, 0x01000000, 0x01005000, 0x02000a00,
	0x02000300, 0x02000200, 0x01000000, 0x01005000, 0x02000a00, 0x02000300, 0x02000200, 0x01000000, 0x01005000, 0x02000a00, 0x02000300, 0x02000200,
	0x01000000, 0x01005000, 0x02000a00, 0x02000300, 0x02000200, 0x01000000, 0x01005000, 0x02000a00, 0x02000300, 0x02000200, 0x01000000, 0x01005000,
	0x02006400, 0x02000400, 0x01005000, 0x02000a00, 0x02000300, 0x02000200, 0x01000000, 0x01005000, 0x02000a00, 0x02000300, 0x02000200, 0x01000000,
	0x01005000, 0x02000a00, 0x02000300, 0x02000200, 0x01000000, 0x01005000, 0x02000a00, 0x02000300, 0x02000200, 0x01000000, 0x01005000, 0x02000a00,
	0x02000300, 0x02000200, 0x01000000, 0x01005000, 0x02000a00, 0x02000300, 0x02000200, 0x01000000, 0x01005000, 0x02000a00, 0x02000300, 0x02000200,
	0x01000000, 0x01005000, 0x02000a00, 0x02000300, 0x02000200, 0x01000000, 0x01005000, 0x02000a00, 0x02000300, 0x02000200, 0x01000000, 0x01005000,
	0x02006400, 0x02000400, 0x02000200, 0x02000100, 0x01005000, 0x02006400, 0x02000300, 0x01005000, 0x02000a00, 0x02000300, 0x02000200, 0x01000000,
	0x01005000, 0x02000a00, 0x02000300, 0x02000200, 0x01000000, 0x01005000, 0x02000a00, 0x02000300, 0x02000200, 0x01000000, 0x01005000, 0x02006400,
	0x02000400, 0x02000200, 0x02000100, 0x01005000, 0x02006400, 0x02000200, 0x02000100, 0x01005000, 0x02000a00, 0x02000300, 0x02000200, 0x01000000,
	0x01005000, 0x02000a00, 0x02000300, 0x02000200, 0x01000000, 0x01005000, 0x02000a00, 0x02000300, 0x02000200, 0x01000000, 0x01005000, 0x02000a00,
	0x02000300, 0x02000200, 0x01000000, 0x01005000, 0x02006400, 0x02000400, 0x02000200, 0x01005000, 0x02006400, 0x02000200, 0x02000100, 0x01005000,
	0x02000a00, 0x02000300, 0x02000200, 0x01000000, 0x01005000, 0x02000a00, 0x02000300, 0x02000200, 0x01000000, 0x01005000, 0x02006400, 0x02000200,
	0x02000100, 0x01005000, 0x02000a00, 0x02000300, 0x02000200, 0x01000000, 0x01005000, 0x02000a00, 0x02000300, 0x02000200, 0x01000000, 0x01005000,
	0x02000a00, 0x02000300, 0x02000200, 0x01000000, 0x01005000, 0x02000a00, 0x02000300, 0x02000200, 0x01000000, 0x01005000, 0x02000a00, 0x02000300,
	0x02000200, 0x01000000, 0x01005000, 0x02000a00, 0x02000300, 0x02000200, 0x01000000, 0x01005000, 0x02000a00, 0x02000300, 0x02000200, 0x01000000,
	0x01005000, 0x02006400, 0x02000400, 0x02000100, 0x01005000, 0x02000a00, 0x02000300, 0x02000200, 0x01000000, 0x01005000, 0x02000a00, 0x02000300,
	0x02000200, 0x01000000, 0x01005000, 0x02000a00, 0x02000300, 0x02000200, 0x01000000, 0x01005000, 0x02006400, 0x02000200, 0x01005000, 0x02000a00,
	0x02000300, 0x02000200, 0x01000000, 0x01005000, 0x02006400, 0x02000100, 0x01005000, 0x02000a00, 0x02000300, 0x02000200, 0x01000000, 0x01005000,
	0x02000a00, 0x02000300, 0x02000200, 0x01000000, 0x01005000, 0x02000a00, 0x02000300, 0x02000200, 0x01000000, 0x01005000, 0x02000a00, 0x02000300,
	0x02000200, 0x01000000, 0x01005000, 0x02006400, 0x02000100, 0x01005000, 0x02006400, 0x02000400, 0x02000100, 0x01005000, 0x02000a00, 0x02000300,
	0x02000200, 0x01000000, 0x01005000, 0x02006400, 0x02000400, 0x02000100, 0x01005000, 0x02006400, 0x01000a00, 0x02000400, 0x02000e00, 0x01003200,
	0x01001400, 0x01003200, 0x03000000, 0x03000000, 0x01005000, 0x02000a00, 0x02000300, 0x02000200, 0x01000000, 0x01005000, 0x02006400, 0x02000400,
	0x02000a00, 0x02000300, 0x02000200, 0x01000000, 0x01005000, 0x02000a00, 0x02000300, 0x02000200, 0x01000000, 0x01005000, 0x02006400, 0x02000400,
	0x02000a00, 0x02000300, 0x02000200, 0x01000000, 0x01005000, 0x02000a00, 0x02000300, 0x02000200, 0x01000000, 0x01005000, 0x02006400, 0x01000a00,
	0x02000400, 0x02000e00, 0x01003200, 0x01001400, 0x01003200, 0x03000000, 0x03000000, 0x01003200, 0x02000400, 0x02006400, 0x02007800, 0x02000e00,
	0x02007800, 0x01000500, 0x01000a00, 0x02001200, 0x01003200, 0x01003200, 0x02000400, 0x02007800, 0x01003200, 0x02007800, 0x02007800, 0x02006400,
	0x02000300, 0x02000200, 0x01000000, 0x02006400, 0x02003000, 0x01005000, 0x02000500, 0x01005000, 0x02000400, 0x02000200, 0x01005000, 0x02000400,
	0x02000200, 0x01005000, 0x02000400, 0x01000000, 0x01005000, 0x02000300, 0x02007800, 0x02006400, 0x02000700, 0x02000200, 0x02006400, 0x02007800,
	0x01003200, 0x04007802, 0x02007800, 0x01003200, 0x01003200, 0x02001400, 0x01005000, 0x02006400, 0x02000300, 0x02000200, 0x02000400, 0x02006400,
	0x02007800, 0x01003200, 0x01001400, 0x02001600, 0x02007800, 0x01003200, 0x02006400, 0x02000400, 0x01003200, 0x01000a00, 0x01003200, 0x01000a00,
	0x01003200, 0x01000a00, 0x01003200, 0x01000a00, 0x01003200, 0x01000a00, 0x01001400, 0x01001400, 0x01005000, 0x01000a00, 0x01003200, 0x01001400,
	0x01001400, 0x02006400, 0x02007800, 0x01003200, 0x01000000, 0x02007800, 0x01000500, 0x01000a00, 0x02001200, 0x01003200, 0x01003200, 0x02000400,
	0x02007800, 0x01000500, 0x01000a00, 0x02001200, 0x01003200, 0x01003200, 0x02000400, 0x02007800, 0x01003200, 0x02007800, 0x02007800, 0x02006400,
	0x02000700, 0x01005000, 0x02000800, 0x02000a00, 0x01005000, 0x02000800, 0x02000800, 0x01005000, 0x02000800, 0x02000800, 0x01005000, 0x02000800,
	0x01005000, 0x02000700, 0x01005000, 0x02000600, 0x02000a00, 0x01005000, 0x02000600, 0x02000800, 0x01005000, 0x02000600, 0x02000800, 0x01005000,
	0x02006400, 0x02000400, 0x01001400, 0x01003200, 0x01003200, 0x02001400, 0x02007800, 0x01000500, 0x01000a00, 0x02001200, 0x01003200, 0x01003200,
	0x02000400, 0x02007800, 0x01000500, 0x01000a00, 0x02001200, 0x01003200, 0x01003200, 0x02000400, 0x02007800, 0x02006400, 0x01003200, 0x02000800,
	0x02007800, 0x01003200, 0x02007800, 0x02007800, 0x01000500, 0x01000a00, 0x02001200, 0x01003200, 0x01003200, 0x02000400, 0x02007800, 0x01000500,
	0x01000a00, 0x02001200, 0x01003200, 0x01003200, 0x02000400, 0x02007800, 0x01003200, 0x03000000, 0x03000000, 0x03000000, 0x03000000, 0x01003200,
	0x02007800, 0x01000500, 0x01000a00, 0x02001200, 0x01003200, 0x01003200, 0x02000400, 0x02007800, 0x01003200, 0x02007800, 0x02007800, 0x02006400,
	0x01005000, 0x02000500, 0x01000000, 0x01005000, 0x02000400, 0x01000000, 0x01005000, 0x02000300, 0x01005000, 0x02006400, 0x02000400, 0x01005000,
	0x02000200, 0x02007800, 0x02006400, 0x02000400, 0x02000200, 0x01000000, 0x02006400, 0x02007800, 0x01000500, 0x01000a00, 0x02001200, 0x01003200,
	0x01003200, 0x02000400, 0x02007800, 0x01000500, 0x01000a00, 0x02001200, 0x01003200, 0x01003200, 0x02000400, 0x02007800, 0x04000e02, 0x02007800,
	0x01000500, 0x01000a00, 0x02001200, 0x01003200, 0x01003200, 0x02000400, 0x02007800, 0x01000500, 0x01000a00, 0x02001200, 0x01003200, 0x01003200,
	0x02000400, 0x02007800, 0x01000500, 0x01000a00, 0x02001200, 0x01003200, 0x01003200, 0x02000400, 0x02007800, 0x04000e02, 0x02007800, 0x01000500,
	0x01000a00, 0x02001200, 0x01003200, 0x01003200, 0x02000400, 0x02007800, 0x01003200, 0x03000000, 0x03000000, 0x03000000, 0x03000000, 0x03000000,
	0x03000000, 0x03000000, 0x03000000, 0x03000000, 0x03000000, 0x03000000, 0x03000000, 0x03000000, 0x03000000, 0x03000000, 0x03000000, 0x02007800,
	0x02000e00, 0x02007800, 0x01000500, 0x01000a00, 0x02001200, 0x01003200, 0x01003200, 0x02000400, 0x02007800, 0x01000500, 0x01000a00, 0x02001200,
	0x01003200, 0x01003200, 0x02000400, 0x02007800, 0x01000500, 0x01000a00, 0x02001200, 0x01003200, 0x01003200, 0x02000400, 0x02007800, 0x01000500,
	0x01000a00, 0x02001200, 0x01003200, 0x01003200, 0x02000400, 0x02007800, 0x02006400, 0x01000a00, 0x02000400, 0x02000e00, 0x01003200, 0x01000a00,
	0x01001400, 0x01003200, 0x01003200, 0x02000300, 0x02007800, 0x01000500, 0x01000a00, 0x02001200, 0x01003200, 0x01003200, 0x02000400, 0x02007800,
	0x01000500, 0x01000a00, 0x02001200, 0x01003200, 0x01003200, 0x02000400, 0x02007800, 0x01000500, 0x01000a00, 0x02001200, 0x01003200, 0x01003200,
	0x02000400, 0x02007800, 0x02000e00, 0x02007800, 0x01000500, 0x01000a00, 0x02001200, 0x01003200, 0x01003200, 0x02000400, 0x02007800, 0x01000500,
	0x01000a00, 0x01003200, 0x01003200, 0x01003200, 0x02000400, 0x02001800, 0x02007800, 0x02006400, 0x02000400, 0x02000400, 0x04007804, 0x01003200,
	0x01000a00, 0x01003200, 0x02007800, 0x02000e00, 0x02007800, 0x01000500, 0x01000a00, 0x01003200, 0x01003200, 0x01003200, 0x02000400, 0x02001800,
	0x02007800, 0x02006400, 0x02000400, 0x04007802, 0x04007804, 0x02006400, 0x02000200, 0x01005000, 0x02006400, 0x02000200, 0x04007802, 0x02006400,
	0x04007805, 0x01003200, 0x01003200, 0x02001400, 0x04007806, 0x01003200, 0x03000000, 0x03000000, 0x04007803, 0x02006400, 0x04007803, 0x02006400,
	0x04007802, 0x01003200, 0x01003200, 0x02001400, 0x02007800, 0x02006400, 0x02000400, 0x02007800, 0x01003200, 0x01003200, 0x02001400, 0x04007804,
	0x02006400, 0x02000500, 0x02006400, 0x02000400, 0x01003200, 0x01000a00, 0x01001400, 0x01003200, 0x01003200, 0x02001400, 0x02007800, 0x01003200,
	0x01003200, 0x02001400, 0x04007809, 0x02006400, 0x02001b00, 0x02000100, 0x04007808, 0x02006400, 0x0400780e, 0x02006400, 0x02000400, 0x04007802,
	0x01003200, 0x01003200, 0x02000300, 0x0400780e, 0x02006400, 0x02000300, 0x01003200, 0x02000800, 0x01005000, 0x02006400, 0x02000900, 0x02007800,
	0x02006400, 0x01005000, 0x02006400, 0x02000400, 0x01005000, 0x02006400, 0x02000400, 0x02006400, 0x02007800, 0x01003200, 0x01000000, 0x02007800,
	0x01003200, 0x01003200, 0x02000300, 0x01005000, 0x02000600, 0x02000400, 0x02006400, 0x02007800, 0x02000e00, 0x02007800, 0x02000e00, 0x02007800,
	0x01000500, 0x01000a00, 0x02001200, 0x01003200, 0x01003200, 0x02000400, 0x02007800, 0x01000500, 0x01000a00, 0x02001200, 0x01003200, 0x01003200,
	0x02000400, 0x02007800, 0x01000500, 0x01000a00, 0x02001200, 0x01003200, 0x01003200, 0x02000400, 0x02007800, 0x01000500, 0x01000a00, 0x02001200,
	0x01003200, 0x01003200, 0x02000400, 0x02007800, 0x01000500, 0x01000a00, 0x02001200, 0x01003200, 0x01003200, 0x02000400, 0x02007800, 0x01003200,
	0x01003200, 0x02000300, 0x01003200, 0x02007800, 0x01000500, 0x01000a00, 0x02001200, 0x01003200, 0x01003200, 0x02000400, 0x02007800, 0x01003200,
	0x03000000, 0x03000000, 0x03000000, 0x03000000, 0x01003200, 0x02007800, 0x01000500, 0x01000a00, 0x02001200, 0x01003200, 0x01003200, 0x02000400,
	0x02007800, 0x01000500, 0x01000a00, 0x02001200, 0x01003200, 0x01003200, 0x02000400, 0x02007800, 0x01000500, 0x01000a00, 0x02001200, 0x01003200,
	0x01003200, 0x02000400, 0x02007800, 0x01003200, 0x04007802, 0x02007800, 0x02006400, 0x02000700, 0x02000200, 0x02006400, 0x02000700, 0x02000200,
	0x02006400, 0x01005000, 0x02000800, 0x01005000, 0x02000700, 0x01000000, 0x01005000, 0x02000600, 0x01005000, 0x02000500, 0x01005000, 0x02000400,
	0x02000800, 0x01005000, 0x02000400, 0x02000800, 0x01005000, 0x02000400, 0x02000800, 0x01005000, 0x02000400, 0x01005000, 0x02000300, 0x01005000,
	0x02000200, 0x02000800, 0x01005000, 0x02000200, 0x02000a00, 0x01005000, 0x02000200, 0x02000800, 0x01005000, 0x02000200, 0x02000800, 0x01005000,
	0x02000200, 0x02000a00, 0x01005000, 0x02000200, 0x02000800, 0x01005000, 0x02000200, 0x02000800, 0x01005000, 0x02000200, 0x02000a00, 0x01005000,
	0x02000200, 0x02000a00, 0x01005000, 0x02000200, 0x02000800, 0x01005000, 0x02000200, 0x02000800, 0x01005000, 0x02000200, 0x02000a00, 0x01005000,
	0x02000200, 0x02000800, 0x01005000, 0x02000200, 0x02000a00, 0x01005000, 0x02006400, 0x02000400, 0x02000200, 0x02007800, 0x01000500, 0x01000a00,
	0x02001200, 0x01003200, 0x01003200, 0x02000400, 0x02007800, 0x01000500, 0x01000a00, 0x01003200, 0x01003200, 0x01003200, 0x02000400, 0x02001800,
	0x02007800, 0x02006400, 0x02000400, 0x01003200, 0x01000a00, 0x01003200, 0x01000a00, 0x01001400, 0x01001400, 0x02000200, 0x02000400, 0x02006300,
	0x02000a00, 0x02000500, 0x01001400, 0x02000200, 0x02000400, 0x01001400, 0x02000200, 0x02000400, 0x02000a00, 0x02007800, 0x02000e00, 0x02007800,
	0x01003200, 0x02007800, 0x02007800, 0x02006400, 0x01005000, 0x02000500, 0x01000000, 0x01005000, 0x02006400, 0x02000400, 0x02000200, 0x01005000,
	0x02000400, 0x02000200, 0x01005000, 0x02000400, 0x02000200, 0x01005000, 0x02000400, 0x01005000, 0x02006400, 0x02007800, 0x01000500, 0x01000a00,
	0x02001200, 0x01003200, 0x01003200, 0x02000400, 0x02007800, 0x01003200, 0x01003200, 0x02001400, 0x02007800, 0x04000e03, 0x02007800, 0x01000500,
	0x01000a00, 0x02001200, 0x01003200, 0x01003200, 0x02000400, 0x02007800, 0x01000500, 0x01000a00, 0x02001200, 0x01003200, 0x01003200, 0x02000400,
	0x02007800, 0x01000500, 0x01000a00, 0x02001200, 0x01003200, 0x01003200, 0x02000400, 0x02007800, 0x01000500, 0x01000a00, 0x02001200, 0x01003200,
	0x01003200, 0x02000400, 0x02007800, 0x01000500, 0x01000a00, 0x02001200, 0x01003200, 0x01003200, 0x02000400, 0x02007800, 0x02006400, 0x02002f00,
	0x02007800, 0x01000500, 0x01000a00, 0x02001200, 0x01003200, 0x01003200, 0x02000400, 0x02007800, 0x02007800, 0x02007800, 0x02006400, 0x02000400,
	0x01001400, 0x01003200, 0x03000000, 0x03000000, 0x03000000, 0x03000000, 0x03000000, 0x03000000, 0x03000000, 0x03000000, 0x02006300, 0x02000a00,
	0x02000200, 0x01003200, 0x01003200, 0x02001400, 0x02000400, 0x01005000, 0x02000300, 0x04007803, 0x02006400, 0x02001a00, 0x02007800, 0x02006400,
	0x01000a00, 0x02000400, 0x04000e02, 0x01000a00, 0x01001400, 0x01003200, 0x01003200, 0x02001400, 0x04007802, 0x02006400, 0x02000400, 0x04007806,
	0x02006400, 0x02000400, 0x01000000, 0x02006400, 0x02000300, 0x02000300, 0x02006400, 0x04007805, 0x01003200, 0x01003200, 0x02000300, 0x02007800,
	0x01003200, 0x01003200, 0x02000300, 0x02001200, 0x02007800, 0x02006400, 0x02001900, 0x04007803, 0x02006400, 0x02000400, 0x02007800, 0x01003200,
	0x01003200, 0x02001400, 0x02007800, 0x01003200, 0x03000000, 0x03000000, 0x03000000, 0x03000000, 0x03000000, 0x03000000, 0x03000000, 0x03000000,
	0x03000000, 0x03000000, 0x03000000, 0x03000000, 0x03000000, 0x03000000, 0x03000000, 0x03000000, 0x04007803, 0x02006400, 0x02001900, 0x0400780a,
	0x01003200, 0x03000000, 0x03000000, 0x03000000, 0x03000000, 0x04007807, 0x02006400, 0x02000400, 0x02000200, 0x04007803, 0x02006400, 0x02000400,
	0x02000200, 0x02000400, 0x02000400, 0x02006400, 0x02007800, 0x01003200, 0x01000000, 0x02007800, 0x01000500, 0x02000400, 0x01003200, 0x02000400,
	0x02007800, 0x01000500, 0x01000a00, 0x02001200, 0x01003200, 0x01003200, 0x02000400, 0x02007800, 0x01000500, 0x01000a00, 0x02001200, 0x01003200,
	0x01003200, 0x02000400, 0x02007800, 0x01000500, 0x01000a00, 0x01003200, 0x01003200, 0x01003200, 0x02000400, 0x02001800, 0x02007800, 0x02006400,
	0x02000500, 0x01003200, 0x01000a00, 0x01003200, 0x01000a00, 0x01001400, 0x01001400, 0x02007800, 0x02006400, 0x02000500, 0x02007800, 0x01000500,
	0x01000a00, 0x01003200, 0x01003200, 0x01003200, 0x02000400, 0x02001800, 0x04007803, 0x02000e00, 0x02007800, 0x01000500, 0x01000a00, 0x02001200,
	0x01003200, 0x01003200, 0x02000400, 0x02007800, 0x01000500, 0x01000a00, 0x02001200, 0x01003200, 0x01003200, 0x02000400, 0x02007800, 0x02006400,
	0x02000500, 0x04000e02, 0x01003200, 0x01000a00, 0x01001400, 0x01003200, 0x03000000, 0x03000000, 0x03000000, 0x03000000, 0x03000000, 0x03000000,
	0x03000000, 0x03000000, 0x02007800, 0x01000500, 0x01000a00, 0x02001200, 0x01003200, 0x01003200, 0x02000400, 0x02007800, 0x01000500, 0x01000a00,
	0x01003200, 0x01003200, 0x01003200, 0x02000400, 0x02001800, 0x04007802, 0x02000e00, 0x02007800, 0x01003200, 0x02007800, 0x02007800, 0x02007800,
	0x02007800, 0x02006400, 0x01005000, 0x02000900, 0x01005000, 0x02000800, 0x02000a00, 0x01005000, 0x02000800, 0x01005000, 0x02000700, 0x01000000,
	0x01005000, 0x02000600, 0x01005000, 0x02006400, 0x02000500, 0x01005000, 0x02000400, 0x01000000, 0x01005000, 0x02000300, 0x02000700, 0x02000400,
	0x02000600, 0x01000000, 0x01005000, 0x02006400, 0x02000500, 0x02000200, 0x01005000, 0x02000900, 0x01005000, 0x02000800, 0x02000700, 0x02000400,
	0x02000600, 0x01000000, 0x01005000, 0x02000800, 0x02000a00, 0x01005000, 0x02000800, 0x01005000, 0x02000700, 0x02000700, 0x02000400, 0x02000600,
	0x01000000, 0x01005000, 0x02000700, 0x01005000, 0x02000600, 0x01000000, 0x01005000, 0x02000500, 0x01000000, 0x01005000, 0x02000400, 0x02000a00,
	0x01005000, 0x02000400, 0x01005000, 0x02000300, 0x02000a00, 0x01005000, 0x02000300, 0x02000a00, 0x01005000, 0x02000300, 0x02000700, 0x02000400,
	0x02000600, 0x01000000, 0x01005000, 0x02006400, 0x02000500, 0x02000200, 0x01000000, 0x01005000, 0x02000300, 0x01005000, 0x02000200, 0x02000a00,
	0x01005000, 0x02000200, 0x02000a00, 0x01005000, 0x02000200, 0x02000700, 0x02000400, 0x02000600, 0x01000000, 0x01005000, 0x02000200, 0x02000a00,
	0x01005000, 0x02006400, 0x02000500, 0x02000200, 0x02000400, 0x02007800, 0x01003200, 0x02006400, 0x01003200, 0x01000a00, 0x01003200, 0x01000a00,
	0x01003200, 0x01000a00, 0x01003200, 0x01000a00, 0x01003200, 0x01000a00, 0x01003200, 0x01000a00, 0x01001400, 0x01001400, 0x01003200, 0x01001400,
	0x01001400, 0x01003200, 0x01001400, 0x01001400, 0x01003200, 0x01003200, 0x01001400, 0x01001400, 0x02007800, 0x02000e00, 0x02007800, 0x01003200,
	0x02007800, 0x02007800, 0x01000500, 0x01000a00, 0x02001200, 0x01003200, 0x01003200, 0x02000400, 0x02007800, 0x01000500, 0x01000a00, 0x02001200,
	0x01003200, 0x01003200, 0x02000400, 0x02007800, 0x01000500, 0x01000a00, 0x01003200, 0x01003200, 0x01003200, 0x02000400, 0x02001800, 0x02007800,
	0x02006400, 0x02007800, 0x01000500, 0x01000a00, 0x02001200, 0x01003200, 0x01003200, 0x02000400, 0x02007800, 0x01000500, 0x01000a00, 0x02001200,
	0x01003200, 0x01003200, 0x02000400, 0x02007800, 0x02006400, 0x02000400, 0x02000300, 0x01000000, 0x02006400, 0x02000400, 0x01000000, 0x02006400,
	0x02000500, 0x01000a00, 0x01001400, 0x01003200, 0x03000000, 0x03000000, 0x03000000, 0x03000000, 0x03000000, 0x03000000, 0x03000000, 0x03000000,
	0x04007804, 0x01003200, 0x01003200, 0x02000300, 0x02007800, 0x02006400, 0x02000500, 0x02000200, 0x01000000, 0x02006400, 0x02000500, 0x01003200,
	0x0400780e, 0x02006400, 0x02000500, 0x01005000, 0x02000300, 0x01000000, 0x01005000, 0x02000200, 0x04007811, 0x04007804, 0x02006400, 0x02000500,
	0x04007805, 0x01003200, 0x03000000, 0x03000000, 0x03000000, 0x03000000, 0x02007800, 0x02006400, 0x02000300, 0x02000a00, 0x02000500, 0x01000000,
	0x02006400, 0x02000300, 0x02006400, 0x02000500, 0x04007806, 0x02006400, 0x02000200, 0x02000a00, 0x02000500, 0x01000000, 0x02006400, 0x02000200,
	0x02000a00, 0x02000500, 0x01000000, 0x02006400, 0x02000200, 0x02000a00, 0x02000500, 0x01000000, 0x02006400, 0x02000500, 0x01003200, 0x01000a00,
	0x01000a00, 0x01001400, 0x01001400, 0x02000300, 0x01005000, 0x02000600, 0x01005000, 0x02000500, 0x01005000, 0x02000400, 0x01000000, 0x01005000,
	0x02000300, 0x01005000, 0x02006400, 0x02000500, 0x01005000, 0x02006400, 0x02001f00, 0x01003200, 0x02003c00, 0x02003c00, 0x02000600, 0x01003200,
	0x01003200, 0x01003200, 0x02000400, 0x01003200, 0x01003200, 0x02000400, 0x01003200, 0x02000400, 0x02000400, 0x04006403, 0x02007800, 0x02007800,
	0x01000500, 0x01000a00, 0x02001200, 0x01003200, 0x01003200, 0x02000400, 0x02007800, 0x01000500, 0x01000a00, 0x02001200, 0x01003200, 0x01003200,
	0x02000400, 0x02007800, 0x02000e00, 0x02007800, 0x02006400, 0x02003000, 0x02007800, 0x01000500, 0x01000a00, 0x02001200, 0x01003200, 0x01003200,
	0x02000400, 0x02007800, 0x01003200, 0x02007800, 0x02007800, 0x01003200, 0x03000000, 0x03000000, 0x01005000, 0x02000400, 0x02007800, 0x01003200,
	0x03000000, 0x03000000, 0x02007800, 0x01000500, 0x01000a00, 0x02001200, 0x01003200, 0x01003200, 0x02000400, 0x02007800, 0x02006400, 0x02007800,
	0x01000500, 0x01000a00, 0x02001200, 0x01003200, 0x01003200, 0x02000400, 0x02007800, 0x01000500, 0x01000a00, 0x02001200, 0x01003200, 0x01003200,
	0x02000400, 0x02007800, 0x01000500, 0x01000a00, 0x02001200, 0x01003200, 0x01003200, 0x02000400, 0x02007800, 0x01000500, 0x01000a00, 0x02001200,
	0x01003200, 0x01003200, 0x02000400, 0x02007800, 0x01000500, 0x01000a00, 0x02001200, 0x01003200, 0x01003200, 0x02000400, 0x02007800, 0x01000500,
	0x02000400, 0x01003200, 0x02000400, 0x02007800, 0x01000500, 0x01000a00, 0x02001200, 0x01003200, 0x01003200, 0x02000400, 0x02007800, 0x01000500,
	0x01000a00, 0x02001200, 0x01003200, 0x01003200, 0x02000400, 0x02007800, 0x04007802, 0x02007800, 0x02006400, 0x01005000, 0x01003200, 0x02000800,
	0x02007800, 0x02000e00, 0x02007800, 0x01000500, 0x01000a00, 0x02001200, 0x01003200, 0x01003200, 0x02000400, 0x02007800, 0x01000500, 0x01000a00,
	0x02001200, 0x01003200, 0x01003200, 0x02000400, 0x02007800, 0x01003200, 0x03000000, 0x03000000, 0x02007800, 0x01000500, 0x01000a00, 0x02001200,
	0x01003200, 0x01003200, 0x02000400, 0x02007800, 0x01000500, 0x01000a00, 0x02001200, 0x01003200, 0x01003200, 0x02000400, 0x02007800, 0x01000500,
	0x02000400, 0x01003200, 0x02000400, 0x02007800, 0x02007800, 0x02007800, 0x01000500, 0x01000a00, 0x02001200, 0x01003200, 0x01003200, 0x02000400,
	0x02007800, 0x02000e00, 0x02007800, 0x01000500, 0x01000a00, 0x02001200, 0x01003200, 0x01003200, 0x02000400, 0x02007800, 0x01000500, 0x01000a00,
	0x02001200, 0x01003200, 0x01003200, 0x02000400, 0x02007800, 0x01000500, 0x01000a00, 0x01003200, 0x01003200, 0x01003200, 0x02000400, 0x02001800,
	0x02007800, 0x01003200, 0x01000a00, 0x01003200, 0x01000a00, 0x02007800, 0x01003200, 0x02006400, 0x01005000, 0x02006400, 0x02000200, 0x04007802,
	0x02007800, 0x01000500, 0x01000a00, 0x02001200, 0x01003200, 0x01003200, 0x02000400, 0x02007800, 0x01000500, 0x01000a00, 0x02001200, 0x01003200,
	0x01003200, 0x02000400, 0x02007800, 0x02006400, 0x02000600, 0x04007802, 0x02006400, 0x02000400, 0x02000300, 0x02006400, 0x02007800, 0x01003200,
	0x01003200, 0x02000300, 0x04007807, 0x02006400, 0x04007802, 0x01003200, 0x03000000, 0x03000000, 0x03000000, 0x03000000, 0x03000000, 0x03000000,
	0x03000000, 0x03000000, 0x03000000, 0x03000000, 0x03000000, 0x03000000, 0x03000000, 0x03000000, 0x03000000, 0x03000000, 0x04007804, 0x01003200,
	0x01003200, 0x02000300, 0x01005000, 0x02000500, 0x01000000, 0x01005000, 0x02000400, 0x01005000, 0x02000300, 0x04007803, 0x01003200, 0x03000000,
	0x03000000, 0x02007800, 0x01003200, 0x01003200, 0x02001400, 0x04007806, 0x02006400, 0x04007802, 0x02006400, 0x04007803, 0x01003200, 0x03000000,
	0x03000000, 0x03000000, 0x03000000, 0x03000000, 0x03000000, 0x03000000, 0x03000000, 0x03000000, 0x03000000, 0x03000000, 0x03000000, 0x03000000,
	0x03000000, 0x03000000, 0x03000000, 0x0400780d, 0x02006400, 0x02001a00, 0x02000a00, 0x02000500, 0x04007804, 0x02006400, 0x02000600, 0x04007802,
	0x02006400, 0x04007802, 0x02006400, 0x04007807, 0x02006400, 0x01005000, 0x02006400, 0x02000600, 0x02000300, 0x04006404, 0x02007800, 0x01005000,
	0x02000600, 0x01005000, 0x02000500, 0x01005000, 0x02000400, 0x01005000, 0x02000300, 0x01005000, 0x02000200, 0x01005000, 0x01000000, 0x01005000,
	0x01003200, 0x01000a00, 0x01003200, 0x01001400, 0x01001400, 0x02001000, 0x01005000, 0x01003200, 0x01000a00, 0x01003200, 0x01001400, 0x01001400,
	0x02001000, 0x01005000, 0x01003200, 0x01000a00, 0x01003200, 0x01001400, 0x01001400, 0x02001000, 0x02000100, 0x01005000, 0x01003200, 0x01000a00,
	0x01003200, 0x01001400, 0x01001400, 0x02001000, 0x02000400, 0x01005000, 0x01003200, 0x01000a00, 0x01003200, 0x01001400, 0x01001400, 0x02001000,
	0x01005000, 0x01003200, 0x01000a00, 0x01003200, 0x01001400, 0x01001400, 0x02001000, 0x02006300, 0x02000a00, 0x02000a00, 0x02000a00, 0x01001400,
	0x02001300, 0x01001400, 0x02001300, 0x02000300, 0x02000700, 0x01005000, 0x02000300, 0x02000700, 0x01005000, 0x02000300, 0x02000700, 0x01005000,
	0x02000300, 0x02000700, 0x01005000, 0x02000300, 0x02000700, 0x01005000, 0x02000300, 0x02000700, 0x01005000, 0x02000300, 0x02000700, 0x01005000,
	0x02000300, 0x02000700, 0x01005000, 0x02000300, 0x02000700, 0x01005000, 0x02006400, 0x02000800, 0x01005000, 0x02000300, 0x02000700, 0x01005000,
	0x02000300, 0x02000700, 0x01005000, 0x02000300, 0x02000700, 0x01005000, 0x02000300, 0x02000700, 0x01005000, 0x02000300, 0x02000700, 0x01005000,
	0x02000300, 0x02000700, 0x01005000, 0x02000300, 0x02000700, 0x01005000, 0x02000300, 0x02000700, 0x01005000, 0x02006400, 0x02000700, 0x02000100,
	0x01005000, 0x02000300, 0x02000700, 0x01005000, 0x02000300, 0x02000700, 0x01005000, 0x02000300, 0x02000700, 0x01005000, 0x02000300, 0x02000700,
	0x01005000, 0x02000300, 0x02000700, 0x01005000, 0x02000300, 0x02000700, 0x01005000, 0x02000300, 0x02000700, 0x01005000, 0x02006400, 0x02000700,
	0x01005000, 0x02000300, 0x02000700, 0x01005000, 0x02000300, 0x02000700, 0x01005000, 0x02000300, 0x02000700, 0x01005000, 0x02000300, 0x02000700,
	0x01005000, 0x02000300, 0x02000700, 0x01005000, 0x02000300, 0x02000700, 0x01005000, 0x02006400, 0x02000600, 0x01005000, 0x02000300, 0x02000700,
	0x01005000, 0x02000300, 0x02000700, 0x01005000, 0x02000300, 0x02000700, 0x01005000, 0x02000300, 0x02000700, 0x01005000, 0x02006400, 0x02000600,
	0x02000300, 0x01005000, 0x02000300, 0x02000700, 0x01005000, 0x02000300, 0x02000700, 0x01005000, 0x02000300, 0x02000700, 0x01005000, 0x02000300,
	0x02000700, 0x01005000, 0x02000300, 0x02000700, 0x01005000, 0x02006400, 0x02000500, 0x01005000, 0x02000300, 0x02000700, 0x01005000, 0x02000300,
	0x02000700, 0x01005000, 0x02000300, 0x02000700, 0x01005000, 0x02000300, 0x02000700, 0x01005000, 0x02006400, 0x02000400, 0x01005000, 0x02000300,
	0x02000700, 0x01005000, 0x02000300, 0x02000700, 0x01005000, 0x02000300, 0x02000700, 0x01005000, 0x02000300, 0x02000700, 0x01005000, 0x02006400,
	0x02000600, 0x02000400, 0x01005000, 0x02000300, 0x02000700, 0x01005000, 0x02000300, 0x02000700, 0x01005000, 0x02000300, 0x02000700, 0x01005000,
	0x02000300, 0x02000700, 0x01005000, 0x02000300, 0x02000700, 0x01005000, 0x02006400, 0x02000600, 0x02000200, 0x01005000, 0x02000300, 0x02000700,
	0x01005000, 0x02006400, 0x02000600, 0x02000300, 0x02000400, 0x01005000, 0x02000300, 0x02000700, 0x01005000, 0x02000300, 0x02000700, 0x01005000,
	0x02006400, 0x02000600, 0x02000300, 0x02000400, 0x01005000, 0x02000300, 0x02000700, 0x01005000, 0x02000300, 0x02000700, 0x01005000, 0x02000300,
	0x02000700, 0x01005000, 0x02000300, 0x02000700, 0x01005000, 0x02000300, 0x02000700, 0x01005000, 0x02000300, 0x02000700, 0x01005000, 0x02000300,
	0x02000700, 0x01005000, 0x02000300, 0x02000700, 0x01005000, 0x02000300, 0x02000700, 0x01005000, 0x02000300, 0x02000700, 0x01005000, 0x02000300,
	0x02000700, 0x01005000, 0x02006400, 0x02000600, 0x02000300, 0x02000100, 0x01005000, 0x02000300, 0x02000700, 0x01005000, 0x02000300, 0x02000700,
	0x01005000, 0x02000300, 0x02000700, 0x01005000, 0x02000300, 0x02000700, 0x01005000, 0x02000300, 0x02000700, 0x01005000, 0x02006400, 0x02000300,
	0x02000100, 0x01005000, 0x02000300, 0x02000700, 0x01005000, 0x02000300, 0x02000700, 0x01005000, 0x02000300, 0x02000700, 0x01005000, 0x02000300,
	0x02000700, 0x01005000, 0x02000300, 0x02000700, 0x01005000, 0x02006400, 0x02000600, 0x02000300, 0x01005000, 0x02000300, 0x02000700, 0x01005000,
	0x02000300, 0x02000700, 0x01005000, 0x02000300, 0x02000700, 0x01005000, 0x02006400, 0x02000600, 0x02000200, 0x01005000, 0x02006400, 0x02000600,
	0x01003200, 0x01001400, 0x01003200, 0x01003200, 0x02000300, 0x01005000, 0x02000300, 0x02000700, 0x01005000, 0x02000300, 0x02000700, 0x01005000,
	0x02000300, 0x02000700, 0x01005000, 0x02000300, 0x02000700, 0x01005000, 0x02006400, 0x02000600, 0x01003200, 0x01001400, 0x01003200, 0x03000000,
	0x03000000, 0x03000000, 0x03000000, 0x03000000, 0x03000000, 0x03000000, 0x03000000, 0x01005000, 0x02006400, 0x02000300, 0x01005000, 0x02006400,
	0x02000200, 0x01005000, 0x02006400, 0x02000600, 0x02000300, 0x02000400, 0x01005000, 0x02006400, 0x02000600, 0x02000100, 0x01005000, 0x02000300,
	0x02000700, 0x01005000, 0x02000300, 0x02000700, 0x01005000, 0x02000300, 0x02000700, 0x01005000, 0x02000300, 0x02000700, 0x01005000, 0x02000300,
	0x02000700, 0x01005000, 0x02000300, 0x02000700, 0x01005000, 0x02000300, 0x02000700, 0x01005000, 0x02000300, 0x02000700, 0x01005000, 0x02000300,
	0x02000700, 0x01005000, 0x02006400, 0x02000600, 0x02000100, 0x01005000, 0x02000300, 0x02000700, 0x01005000, 0x02000300, 0x02000700, 0x01005000,
	0x02000300, 0x02000700, 0x01005000, 0x02000300, 0x02000700, 0x01005000, 0x02000300, 0x02000700, 0x01005000, 0x02000300, 0x02000700, 0x01005000,
	0x02000300, 0x02000700, 0x01005000, 0x02000300, 0x02000700, 0x01005000, 0x02000300, 0x02000700, 0x01005000, 0x02000300, 0x02000700, 0x01005000,
	0x02000300, 0x02000700, 0x01005000, 0x02006400, 0x02000600, 0x01003200, 0x01001400, 0x01003200, 0x03000000, 0x03000000, 0x03000000, 0x03000000,
	0x03000000, 0x03000000, 0x03000000, 0x03000000, 0x01005000, 0x02000300, 0x02000700, 0x01005000, 0x02000300, 0x02000700, 0x01005000, 0x02000300,
	0x02000700, 0x01005000, 0x02000300, 0x02000700, 0x01005000, 0x02000300, 0x02000700, 0x01005000, 0x02006400, 0x02000600, 0x02000300, 0x02000700,
	0x01005000, 0x02000300, 0x02000700, 0x01005000, 0x02000300, 0x02000700, 0x01005000, 0x02000300, 0x02000700, 0x01005000, 0x02000300, 0x02000700,
	0x01005000, 0x02000300, 0x02000700, 0x01005000, 0x02006400, 0x02000100, 0x01005000, 0x02000300, 0x02000700, 0x01005000, 0x02006400, 0x02000100,
	0x01005000, 0x02000300, 0x02000700, 0x01005000, 0x02006400, 0x02000100, 0x01005000, 0x02000300, 0x02000700, 0x01005000, 0x02006400, 0x02000600,
	0x02000100, 0x01005000, 0x02000300, 0x02000700, 0x01005000, 0x02000300, 0x02000700, 0x01005000, 0x02000300, 0x02000700, 0x01005000, 0x02000300,
	0x02000700, 0x01005000, 0x02006400, 0x02000600, 0x02000300, 0x01005000, 0x02000300, 0x02000700, 0x01005000, 0x02006400, 0x02000600, 0x01003200,
	0x01001400, 0x01003200, 0x03000000, 0x03000000, 0x03000000, 0x03000000, 0x03000000, 0x03000000, 0x03000000, 0x03000000, 0x01005000, 0x02000300,
	0x02000700, 0x01005000, 0x02000300, 0x02000700, 0x01005000, 0x02000300, 0x02000700, 0x01005000, 0x02000300, 0x02000700, 0x01005000, 0x02000300,
	0x02000700, 0x01005000, 0x02000300, 0x02000700, 0x01005000, 0x02000300, 0x02000700, 0x01005000, 0x02000300, 0x02000700, 0x01005000, 0x02006400,
	0x02000100, 0x01005000, 0x02000300, 0x02000700, 0x01005000, 0x02000300, 0x02000700, 0x01005000, 0x02000300, 0x02000700, 0x01005000, 0x02006400,
	0x02000100, 0x01005000, 0x02000300, 0x02000700, 0x01005000, 0x02000300, 0x02000700, 0x01005000, 0x02000300, 0x02000700, 0x01005000, 0x02006400,
	0x02000600, 0x02000200, 0x02000400, 0x01005000, 0x02000300, 0x02000700, 0x01005000, 0x02000300, 0x02000700, 0x01005000, 0x02000300, 0x02000700,
	0x01005000, 0x02006400, 0x02000100, 0x01005000, 0x02000300, 0x02000700, 0x01005000, 0x02000300, 0x02000700, 0x01005000, 0x02000300, 0x02000700,
	0x01005000, 0x02000300, 0x02000700, 0x01005000, 0x02000300, 0x02000700, 0x01005000, 0x02000300, 0x02000700, 0x01005000, 0x02000300, 0x02000700,
	0x01005000, 0x02000300, 0x02000700, 0x01005000, 0x02006400, 0x02000600, 0x02000300, 0x02000700, 0x01005000, 0x02000300, 0x02000700, 0x01005000,
	0x02000300, 0x02000700, 0x01005000, 0x02000300, 0x02000700, 0x01005000, 0x02000300, 0x02000700, 0x01005000, 0x02000300, 0x02000700, 0x01005000,
	0x02006400, 0x02000100, 0x01005000, 0x02006400, 0x02000100, 0x01005000, 0x02000300, 0x02000700, 0x01005000, 0x02000300, 0x02000700, 0x01005000,
	0x02000300, 0x02000700, 0x01005000, 0x02000300, 0x02000700, 0x01005000, 0x02000300, 0x02000700, 0x01005000, 0x02000300, 0x02000700, 0x01005000,
	0x02006400, 0x02000100, 0x01005000, 0x02000300, 0x02000700, 0x01005000, 0x02000300, 0x02000700, 0x01005000, 0x02006400, 0x02000100, 0x01005000,
	0x02000300, 0x02000700, 0x01005000, 0x02000300, 0x02000700, 0x01005000, 0x02000300, 0x02000700, 0x01005000, 0x02000300, 0x02000700, 0x01005000,
	0x02000300, 0x02000700, 0x01005000, 0x02000300, 0x02000700, 0x01005000, 0x02000300, 0x02000700, 0x01005000, 0x02000300, 0x02000700, 0x01005000,
	0x02000300, 0x02000700, 0x01005000, 0x02000300, 0x02000700, 0x01005000, 0x02000300, 0x02000700, 0x01005000, 0x02000300, 0x02000700, 0x01005000,
	0x02000300, 0x02000700, 0x01005000, 0x02000300, 0x02000700, 0x01005000, 0x02000300, 0x02000700, 0x01005000, 0x02000300, 0x02000700, 0x01005000,
	0x02006400, 0x02000100, 0x01005000, 0x02000300, 0x02000700, 0x01005000, 0x02000300, 0x02000700, 0x01005000, 0x02000300, 0x02000700, 0x01005000,
	0x02006400, 0x02000100, 0x01005000, 0x02006400, 0x02000600, 0x02000100, 0x01005000, 0x02000300, 0x02000700, 0x01005000, 0x02000300, 0x02000700,
	0x01005000, 0x02000300, 0x02000700, 0x01005000, 0x02000300, 0x02000700, 0x01005000, 0x02000300, 0x02000700, 0x01005000, 0x02000300, 0x02000700,
	0x01005000, 0x02000300, 0x02000700, 0x01005000, 0x02000300, 0x02000700, 0x01005000, 0x02006400, 0x02000600, 0x02000100, 0x01005000, 0x02000300,
	0x02000700, 0x01005000, 0x02000300, 0x02000700, 0x01005000, 0x02000300, 0x02000700, 0x01005000, 0x02000300, 0x02000700, 0x01005000, 0x02000300,
	0x02000700, 0x01005000, 0x02000300, 0x02000700, 0x01005000, 0x02000300, 0x02000700, 0x01005000, 0x02000300, 0x02000700, 0x01005000, 0x02000300,
	0x02000700, 0x01005000, 0x02000300, 0x02000700, 0x01005000, 0x02000300, 0x02000700, 0x01005000, 0x02000300, 0x02000700, 0x01005000, 0x02000300,
	0x02000700, 0x01005000, 0x02000300, 0x02000700, 0x01005000, 0x02000300, 0x02000700, 0x01005000, 0x02000300, 0x02000700, 0x01005000, 0x02000300,
	0x02000700, 0x01005000, 0x02000300, 0x02000700, 0x01005000, 0x02000300, 0x02000700, 0x01005000, 0x02000300, 0x02000700, 0x01005000, 0x02000300,
	0x02000700, 0x01005000, 0x02000300, 0x02000700, 0x01005000, 0x02000300, 0x02000700, 0x01005000, 0x02000300, 0x02000700, 0x01005000, 0x02000300,
	0x02000700, 0x01005000, 0x02006400, 0x02000100, 0x01005000, 0x02000300, 0x02000700, 0x01005000, 0x02000300, 0x02000700, 0x01005000, 0x02006400,
	0x02000100, 0x01005000, 0x02006400, 0x02000100, 0x01005000, 0x02000300, 0x02000700, 0x01005000, 0x02000300, 0x02000700, 0x01005000, 0x02000300,
	0x02000700, 0x01005000, 0x02000300, 0x02000700, 0x01005000, 0x02000300, 0x02000700, 0x01005000, 0x02000300, 0x02000700, 0x01005000, 0x02000300,
	0x02000700, 0x01005000, 0x02000300, 0x02000700, 0x01005000, 0x02006400, 0x02000600, 0x02000100, 0x01005000, 0x02000300, 0x02000700, 0x01005000,
	0x02000300, 0x02000700, 0x01005000, 0x02000300, 0x02000700, 0x01005000, 0x02000300, 0x02000700, 0x01005000, 0x02000300, 0x02000700, 0x01005000,
	0x02000300, 0x02000700, 0x01005000, 0x02000300, 0x02000700, 0x01005000, 0x02000300, 0x02000700, 0x01005000, 0x02000300, 0x02000700, 0x01005000,
	0x02006400, 0x02000600, 0x01003200, 0x01001400, 0x01003200, 0x01003200, 0x02001400, 0x01005000, 0x02000300, 0x02000700, 0x01005000, 0x02006400,
	0x02000600, 0x01003200, 0x01001400, 0x01003200, 0x03000000, 0x03000000, 0x03000000, 0x03000000, 0x03000000, 0x03000000, 0x03000000, 0x03000000,
	0x01005000, 0x02000300, 0x02000700, 0x01005000, 0x02000300, 0x02000700, 0x01005000, 0x02000300, 0x02000700, 0x01005000, 0x02006400, 0x02000600,
	0x02000300, 0x02000700, 0x01005000, 0x02000300, 0x02000700, 0x01005000, 0x02000300, 0x02000700, 0x01005000, 0x02000300, 0x02000700, 0x01005000,
	0x02000300, 0x02000700, 0x01005000, 0x02000300, 0x02000700, 0x01005000, 0x02000300, 0x02000700, 0x01005000, 0x02000300, 0x02000700, 0x01005000,
	0x02000300, 0x02000700, 0x01005000, 0x02006400, 0x02000600, 0x02000100, 0x01005000, 0x02000300, 0x02000700, 0x01005000, 0x02006400, 0x02000600,
	0x01003200, 0x01001400, 0x01003200, 0x03000000, 0x03000000, 0x03000000, 0x03000000, 0x03000000, 0x03000000, 0x03000000, 0x03000000, 0x01005000,
	0x02000300, 0x02000700, 0x01005000, 0x02006400, 0x02000100, 0x01005000, 0x02000300, 0x02000700, 0x01005000, 0x02000300, 0x02000700, 0x01005000,
	0x02006400, 0x02000600, 0x02000200, 0x01005000, 0x02000300, 0x02000700, 0x01005000, 0x02000300, 0x02000700, 0x01005000, 0x02000300, 0x02000700,
	0x01005000, 0x02000300, 0x02000700, 0x01005000, 0x02000300, 0x02000700, 0x01005000, 0x02000300, 0x02000700, 0x01005000, 0x02000300, 0x02000700,
	0x01005000, 0x02000300, 0x02000700, 0x01005000, 0x02000300, 0x02000700, 0x01005000, 0x02000300, 0x02000700, 0x01005000, 0x02000300, 0x02000700,
	0x01005000, 0x02000300, 0x02000700, 0x01005000, 0x02000300, 0x02000700, 0x01005000, 0x02000300, 0x02000700, 0x01005000, 0x02000300, 0x02000700,
	0x01005000, 0x02006400, 0x02000100, 0x01005000, 0x02000300, 0x02000700, 0x01005000, 0x02006400, 0x02000600, 0x01005000, 0x02006400, 0x02000100,
	0x01005000, 0x02000300, 0x02000700, 0x01005000, 0x02000300, 0x02000700, 0x01005000, 0x02000300, 0x02000700, 0x01005000, 0x02000300, 0x02000700,
	0x01005000, 0x02000300, 0x02000700, 0x01005000, 0x02000300, 0x02000700, 0x01005000, 0x02000300, 0x02000700, 0x01005000, 0x02000300, 0x02000700,
	0x01005000, 0x02000300, 0x02000700, 0x01005000, 0x02006400, 0x02000600, 0x01003200, 0x01001400, 0x01003200, 0x03000000, 0x03000000, 0x03000000,
	0x03000000, 0x03000000, 0x03000000, 0x03000000, 0x03000000, 0x01005000, 0x02000300, 0x02000700, 0x01005000, 0x02000300, 0x02000700, 0x01005000,
	0x02000300, 0x02000700, 0x01005000, 0x02000300, 0x02000700, 0x01005000, 0x02006400, 0x02000100, 0x01005000, 0x02000300, 0x02000700, 0x01005000,
	0x02000300, 0x02000700, 0x01005000, 0x02000300, 0x02000700, 0x01005000, 0x02000300, 0x02000700, 0x01005000, 0x02000300, 0x02000700, 0x01005000,
	0x02006400, 0x02000100, 0x01005000, 0x02000300, 0x02000700, 0x01005000, 0x02000300, 0x02000700, 0x01005000, 0x02006400, 0x02000600, 0x02000100,
	0x01005000, 0x02000300, 0x02000700, 0x01005000, 0x02000300, 0x02000700, 0x01005000, 0x02000300, 0x02000700, 0x01005000, 0x02000300, 0x02000700,
	0x01005000, 0x02000300, 0x02000700, 0x01005000, 0x02000300, 0x02000700, 0x01005000, 0x02000300, 0x02000700, 0x01005000, 0x02000300, 0x02000700,
	0x01005000, 0x02006400, 0x02000600, 0x02000100, 0x01005000, 0x02000300, 0x02000700, 0x01005000, 0x02000300, 0x02000700, 0x01005000, 0x02000300,
	0x02000700, 0x01005000, 0x02000300, 0x02000700, 0x01005000, 0x02000300, 0x02000700, 0x01005000, 0x02006400, 0x02000600, 0x02000100, 0x01005000,
	0x02006400, 0x02000600, 0x01003200, 0x01001400, 0x01003200, 0x01003200, 0x02000300, 0x01005000, 0x02000300, 0x02000700, 0x01005000, 0x02006400,
	0x01000a00, 0x02000600, 0x02000e00, 0x01003200, 0x01001400, 0x01003200, 0x01003200, 0x02000300, 0x01003200, 0x02000400, 0x02006400, 0x02006400,
	0x02000600, 0x02000400, 0x02006400, 0x01000500, 0x02000400, 0x02002000, 0x01003200, 0x02003c00, 0x02003c00, 0x02000600, 0x01003200, 0x01003200,
	0x01003200, 0x02000400, 0x01003200, 0x01003200, 0x02000400, 0x01003200, 0x02000400, 0x02000400, 0x02006400, 0x02007800, 0x01003200, 0x01001400,
	0x02000e00, 0x02007800, 0x01003200, 0x02006400, 0x02000400, 0x01005000, 0x01000a00, 0x01003200, 0x01001400, 0x01001400, 0x01000000, 0x01005000,
	0x02006400, 0x02000600, 0x01001400, 0x01001400, 0x02000500, 0x02006400, 0x02007800, 0x01003200, 0x01000000, 0x02007800, 0x01000500, 0x01000a00,
	0x02001200, 0x01003200, 0x01003200, 0x02000400, 0x02007800, 0x01000500, 0x01000a00, 0x01003200, 0x01003200, 0x01003200, 0x02000400, 0x02001800,
	0x04007805, 0x02006400, 0x02000600, 0x02007800, 0x01003200, 0x01003200, 0x02001400, 0x01005000, 0x02000800, 0x02006400, 0x02007800, 0x01005000,
	0x02000600, 0x01000000, 0x01005000, 0x02000500, 0x01005000, 0x02000400, 0x01005000, 0x02000300, 0x01005000, 0x02000200, 0x01005000, 0x01005000,
	0x01003200, 0x01000a00, 0x01003200, 0x01001400, 0x01001400, 0x02001200, 0x02000100, 0x01005000, 0x01003200, 0x01000a00, 0x01003200, 0x01001400,
	0x01001400, 0x02001200, 0x01005000, 0x01003200, 0x01000a00, 0x01003200, 0x01001400, 0x01001400, 0x02001200, 0x01005000, 0x01003200, 0x01000a00,
	0x01003200, 0x01001400, 0x01001400, 0x02001200, 0x01005000, 0x02006400, 0x02000500, 0x02000500, 0x01005000, 0x01003200, 0x01000a00, 0x01003200,
	0x01001400, 0x01001400, 0x02006300, 0x02000a00, 0x02000100, 0x02000300, 0x01000000, 0x01005000, 0x02000300, 0x01000000, 0x01005000, 0x02000300,
	0x01000000, 0x01005000, 0x02000300, 0x01000000, 0x01005000, 0x02000300, 0x01000000, 0x01005000, 0x02000300, 0x01000000, 0x01005000, 0x02000300,
	0x01000000, 0x01005000, 0x02000300, 0x01000000, 0x01005000, 0x02000300, 0x01000000, 0x01005000, 0x02006400, 0x02000500, 0x02000200, 0x01005000,
	0x02006400, 0x01000a00, 0x02000500, 0x02000e00, 0x01003200, 0x01001400, 0x01003200, 0x03000000, 0x03000000, 0x03000000, 0x03000000, 0x03000000,
	0x03000000, 0x03000000, 0x03000000, 0x01003200, 0x02000400, 0x02006400, 0x02007800, 0x01003200, 0x01001400, 0x02000e00, 0x02007800, 0x01003200,
	0x02006400, 0x02000500, 0x02000300, 0x01005000, 0x01000000, 0x01005000, 0x01000a00, 0x01003200, 0x01001400, 0x01001400, 0x02000a00, 0x02006400,
	0x02006400, 0x02003000, 0x02006400, 0x02001f00, 0x01003200, 0x02003c00, 0x02000600, 0x01003200, 0x02000a00, 0x01003200, 0x02000400, 0x01003200,
	0x01003200, 0x02000400, 0x01003200, 0x02000400, 0x02000400, 0x02006400, 0x02007800, 0x01003200, 0x01001400, 0x02000e00, 0x02007800, 0x01003200,
	0x01000a00, 0x01003200, 0x02007800, 0x01005000, 0x01000000, 0x01005000, 0x01001400, 0x01001400, 0x01000000, 0x01005000, 0x01001400, 0x01001400,
	0x02000400, 0x01005000, 0x02000300, 0x01000000, 0x01005000, 0x02000200, 0x01005000, 0x02006400, 0x02000400, 0x01000000, 0x01005000, 0x02006400,
	0x02000200, 0x01005000, 0x01000a00, 0x01003200, 0x01001400, 0x01001400, 0x02000300, 0x02006400, 0x02007800, 0x01003200, 0x01000000, 0x02007800,
	0x01000500, 0x01000a00, 0x02001200, 0x01003200, 0x01003200, 0x02000400, 0x02007800, 0x01000500, 0x01000a00, 0x02001200, 0x01003200, 0x01003200,
	0x02000400, 0x02007800, 0x01000500, 0x01000a00, 0x02001200, 0x01003200, 0x01003200, 0x02000400, 0x02007800, 0x01000500, 0x01000a00, 0x02001200,
	0x01003200, 0x01003200, 0x02000400, 0x02007800, 0x01000500, 0x01000a00, 0x02001200, 0x01003200, 0x01003200, 0x02000400, 0x02007800, 0x02006400,
	0x02000400, 0x02007800, 0x01000500, 0x01000a00, 0x02001200, 0x01003200, 0x01003200, 0x02000400, 0x02007800, 0x02000e00, 0x02007800, 0x02006400,
	0x02007800, 0x02000e00, 0x02007800, 0x01003200, 0x02006400, 0x02000400, 0x02007800, 0x01000500, 0x01000a00, 0x02001200, 0x01003200, 0x01003200,
	0x02000400, 0x02007800, 0x01000500, 0x01000a00, 0x02001200, 0x01003200, 0x01003200, 0x02000400, 0x02007800, 0x01000500, 0x01000a00, 0x02001200,
	0x01003200, 0x01003200, 0x02000400, 0x02007800, 0x01000500, 0x01000a00, 0x02001200, 0x01003200, 0x01003200, 0x02000400, 0x02007800, 0x01000500,
	0x01000a00, 0x02001200, 0x01003200, 0x01003200, 0x02000400, 0x02007800, 0x01000500, 0x01000a00, 0x02001200, 0x01003200, 0x01003200, 0x02000400,
	0x02007800, 0x01000500, 0x01000a00, 0x02001200, 0x01003200, 0x01003200, 0x02000400, 0x02007800, 0x02000e00, 0x02007800, 0x02000e00, 0x02007800,
	0x01000500, 0x01000a00, 0x02001200, 0x01003200, 0x01003200, 0x02000400, 0x02007800, 0x01000500, 0x01000a00, 0x02001200, 0x01003200, 0x01003200,
	0x02000400, 0x02007800, 0x01000500, 0x01000a00, 0x02001200, 0x01003200, 0x01003200, 0x02000400, 0x02007800, 0x01000500, 0x01000a00, 0x02001200,
	0x01003200, 0x01003200, 0x02000400, 0x02007800, 0x01000500, 0x02000400, 0x01003200, 0x02000400, 0x02007800, 0x01000500, 0x01000a00, 0x02001200,
	0x01003200, 0x01003200, 0x02000400, 0x02007800, 0x02006400, 0x02000900, 0x02006400, 0x02000400, 0x02007800, 0x01000500, 0x01000a00, 0x02001200,
	0x01003200, 0x01003200, 0x02000400, 0x02007800, 0x02000e00, 0x02007800, 0x02006400, 0x02003000, 0x02000100, 0x02007800, 0x01000500, 0x01000a00,
	0x02001200, 0x01003200, 0x01003200, 0x02000400, 0x02007800, 0x01000500, 0x01000a00, 0x02001200, 0x01003200, 0x01003200, 0x02000400, 0x02007800,
	0x02006400, 0x02000400, 0x02000200, 0x01000000, 0x02006400, 0x01003200, 0x02002000, 0x02007800, 0x02006400, 0x01003200, 0x02000800, 0x02007800,
	0x02000e00, 0x02007800, 0x01003200, 0x02007800, 0x02007800, 0x02006400, 0x01005000, 0x02000300, 0x01000000, 0x01005000, 0x02000200, 0x02007800,
	0x01000500, 0x01000a00, 0x02001200, 0x01003200, 0x01003200, 0x02000400, 0x02007800, 0x01000500, 0x01000a00, 0x02001200, 0x01003200, 0x01003200,
	0x02000400, 0x02007800, 0x02006400, 0x02000400, 0x02000a00, 0x02000500, 0x01000000, 0x02006400, 0x02007800, 0x01003200, 0x03000000, 0x03000000,
	0x04007807, 0x02006400, 0x01000a00, 0x02000400, 0x04000e02, 0x01003200, 0x01000a00, 0x01001400, 0x01003200, 0x01003200, 0x02001400, 0x02007800,
	0x02006400, 0x01000a00, 0x02000400, 0x02000e00, 0x01003200, 0x01000a00, 0x01001400, 0x01003200, 0x01003200, 0x02000300, 0x04007803, 0x02006400,
	0x02002f00, 0x02007800, 0x02006400, 0x02000300, 0x04007802, 0x02006400, 0x04007807, 0x02006400, 0x02003000, 0x04007802, 0x01003200, 0x03000000,
	0x03000000, 0x03000000, 0x03000000, 0x02007800, 0x02006400, 0x04007803, 0x01003200, 0x03000000, 0x03000000, 0x04007802, 0x02006400, 0x02001b00,
	0x04007804, 0x02006400, 0x02003000, 0x02000900, 0x02000800, 0x04007803, 0x02006400, 0x04007804, 0x02006400, 0x02007800, 0x02006400, 0x04007805,
	0x02006400, 0x01003200, 0x02001000, 0x02007800, 0x02006400, 0x02001b00, 0x04007802, 0x02006400, 0x02000400, 0x02000200, 0x01000000, 0x02006400,
	0x02000400, 0x02000300, 0x01000000, 0x02006400, 0x02000400, 0x01000000, 0x02006400, 0x02001b00, 0x01005000, 0x02000900, 0x01000000, 0x01005000,
	0x02000800, 0x01005000, 0x02000700, 0x01000000, 0x01005000, 0x02000600, 0x01000000, 0x01005000, 0x02000500, 0x01005000, 0x02000400, 0x01005000,
	0x02000300, 0x02006400, 0x02002000, 0x01003200, 0x02003c00, 0x02000600, 0x01003200, 0x02000a00, 0x01003200, 0x02000400, 0x01003200, 0x01003200,
	0x02000400, 0x01003200, 0x02000400, 0x02000400, 0x02006400, 0x02007800, 0x01000500, 0x01000a00, 0x02001200, 0x01003200, 0x01003200, 0x02000400,
	0x02007800, 0x01000500, 0x01000a00, 0x02001200, 0x01003200, 0x01003200, 0x02000400, 0x02007800, 0x01003200, 0x02007800, 0x02007800, 0x01000500,
	0x01000a00, 0x02001200, 0x01003200, 0x01003200, 0x02000400, 0x02007800, 0x01000500, 0x01000a00, 0x02001200, 0x01003200, 0x01003200, 0x02000400,
	0x02007800, 0x01003200, 0x01003200, 0x02001400, 0x02007800, 0x01000500, 0x01000a00, 0x02001200, 0x01003200, 0x01003200, 0x02000400, 0x02007800,
	0x01003200, 0x01003200, 0x02000300, 0x02007800, 0x01003200, 0x02007800, 0x02007800, 0x02006400, 0x02000900, 0x02006400, 0x02000800, 0x02006400,
	0x01000a00, 0x02000400, 0x02000e00, 0x01001400, 0x01003200, 0x01003200, 0x02001400, 0x01005000, 0x02006400, 0x02000400, 0x01005000, 0x02000700,
	0x02000700, 0x02000400, 0x02000600, 0x01000000, 0x01005000, 0x02000700, 0x01005000, 0x02006400, 0x02000500, 0x01005000, 0x02000500, 0x01000000,
	0x01005000, 0x02000400, 0x02000700, 0x02000400, 0x02000600, 0x01000000, 0x01005000, 0x02006400, 0x02000400, 0x02000200, 0x01000000, 0x01005000,
	0x02000400, 0x01005000, 0x02000300, 0x01005000, 0x02006400, 0x02000300, 0x01005000, 0x02000200, 0x01000000, 0x01005000, 0x02006400, 0x02000400,
	0x02000400, 0x02000100, 0x02007800, 0x01000500, 0x01000a00, 0x02001200, 0x01003200, 0x01003200, 0x02000400, 0x02007800, 0x01003200, 0x02007800,
	0x02007800, 0x01000500, 0x01000a00, 0x02001200, 0x01003200, 0x01003200, 0x02000400, 0x02007800, 0x01000500, 0x01000a00, 0x02001200, 0x01003200,
	0x01003200, 0x02000400, 0x02007800, 0x01003200, 0x01003200, 0x02001400, 0x01003200, 0x02007800, 0x01000500, 0x01000a00, 0x02001200, 0x01003200,
	0x01003200, 0x02000400, 0x02007800, 0x01000500, 0x01000a00, 0x02001200, 0x01003200, 0x01003200, 0x02000400, 0x02007800, 0x01000500, 0x01000a00,
	0x02001200, 0x01003200, 0x01003200, 0x02000400, 0x02007800, 0x01000500, 0x01000a00, 0x02001200, 0x01003200, 0x01003200, 0x02000400, 0x02007800,
	0x01000500, 0x02000400, 0x01003200, 0x02000400, 0x02007800, 0x04000e02, 0x02007800, 0x01000500, 0x01000a00, 0x02001200, 0x01003200, 0x01003200,
	0x02000400, 0x02007800, 0x02006400, 0x02000900, 0x02006400, 0x02007800, 0x01000500, 0x01000a00, 0x02001200, 0x01003200, 0x01003200, 0x02000400,
	0x02007800, 0x01000500, 0x01000a00, 0x02001200, 0x01003200, 0x01003200, 0x02000400, 0x02007800, 0x02006400, 0x02007800, 0x02006400, 0x02003000,
	0x02007800, 0x02000e00, 0x02007800, 0x01000500, 0x01000a00, 0x02001200, 0x01003200, 0x01003200, 0x02000400, 0x02007800, 0x01000500, 0x01000a00,
	0x02001200, 0x01003200, 0x01003200, 0x02000400, 0x02007800, 0x01000500, 0x01000a00, 0x02001200, 0x01003200, 0x01003200, 0x02000400, 0x02007800,
	0x02000e00, 0x02007800, 0x02007800, 0x02007800, 0x02000e00, 0x02007800, 0x01000500, 0x01000a00, 0x02001200, 0x01003200, 0x01003200, 0x02000400,
	0x02007800, 0x01003200, 0x01003200, 0x02001400, 0x02007800, 0x01000500, 0x01000a00, 0x01003200, 0x01003200, 0x01003200, 0x02000400, 0x02001800,
	0x02007800, 0x01003200, 0x01000a00, 0x02007800, 0x01003200, 0x02006400, 0x02000400, 0x02000300, 0x01005000, 0x01001400, 0x01001400, 0x02000300,
	0x02006300, 0x02000a00, 0x02000100, 0x02000200, 0x01005000, 0x02000200, 0x01005000, 0x02000200, 0x01005000, 0x02000200, 0x01005000, 0x02000200,
	0x01005000, 0x02006400, 0x02000400, 0x01001400, 0x01001400, 0x02000300, 0x04007807, 0x02006400, 0x02000400, 0x02000300, 0x02007800, 0x02006400,
	0x02001c00, 0x01005000, 0x01001400, 0x01001400, 0x02000300, 0x02007800, 0x02006400, 0x02001c00, 0x02007800, 0x01003200, 0x01003200, 0x02001400,
	0x04007803, 0x02006400, 0x04007805, 0x02006400, 0x02000400, 0x04007805, 0x02006400, 0x04007806, 0x02006400, 0x02003000, 0x02007800, 0x01003200,
	0x03000000, 0x03000000, 0x03000000, 0x03000000, 0x03000000, 0x03000000, 0x03000000, 0x03000000, 0x04007808, 0x02006400, 0x01003200, 0x02004000,
	0x02007800, 0x02006400, 0x02000400, 0x01003200, 0x02001000, 0x01005000, 0x01001400, 0x01001400, 0x01000000, 0x01005000, 0x01001400, 0x01001400,
	0x04007802, 0x02006400, 0x01005000, 0x02000700, 0x01000000, 0x01005000, 0x02000600, 0x02000700, 0x02000400, 0x02000600, 0x01000000, 0x01005000,
	0x02000600, 0x01000000, 0x01005000, 0x02006400, 0x02000400, 0x01005000, 0x02000500, 0x01005000, 0x02000400, 0x01005000, 0x02000300, 0x01005000,
	0x02000200, 0x01005000, 0x02000700, 0x02000400, 0x02000600, 0x01000000, 0x01005000, 0x02000700, 0x02000400, 0x02000600, 0x01000000, 0x01005000,
	0x02000700, 0x02000400, 0x02000600, 0x01000000, 0x01005000, 0x02000700, 0x02000400, 0x02000600, 0x01000000, 0x01005000, 0x02006400, 0x01000a00,
	0x04000e02, 0x01001400, 0x01003200, 0x03000000, 0x03000000, 0x03000000, 0x03000000, 0x03000000, 0x03000000, 0x03000000, 0x03000000, 0x03000000,
	0x03000000, 0x03000000, 0x03000000, 0x03000000, 0x03000000, 0x03000000, 0x03000000, 0x04007804, 0x01003200, 0x03000000, 0x03000000, 0x03000000,
	0x03000000, 0x03000000, 0x03000000, 0x03000000, 0x03000000, 0x03000000, 0x03000000, 0x03000000, 0x03000000, 0x03000000, 0x03000000, 0x03000000,
	0x03000000, 0x04007803, 0x02006400, 0x02000400, 0x02006400, 0x02007800, 0x01003200, 0x01000000, 0x02007800, 0x01000500, 0x01000a00, 0x02001200,
	0x01003200, 0x01003200, 0x02000400, 0x02007800, 0x01000500, 0x01000a00, 0x02001200, 0x01003200, 0x01003200, 0x02000400, 0x02007800, 0x01000500,
	0x01000a00, 0x02001200, 0x01003200, 0x01003200, 0x02000400, 0x02007800, 0x01000500, 0x01000a00, 0x02001200, 0x01003200, 0x01003200, 0x02000400,
	0x02007800, 0x01000500, 0x01000a00, 0x01003200, 0x01003200, 0x01003200, 0x02000400, 0x02001800, 0x04007802, 0x01003200, 0x01000a00, 0x01003200,
	0x01000a00, 0x01003200, 0x01000a00, 0x01003200, 0x02007800, 0x02007800, 0x02007800, 0x02006400, 0x01001400, 0x01001400, 0x01001400, 0x01001400,
	0x02006300, 0x02000a00, 0x02000a00, 0x02000a00, 0x01001400, 0x01001400, 0x02000200, 0x02000a00, 0x01005000, 0x01001400, 0x01001400, 0x02000200,
	0x02000200, 0x02000a00, 0x02006300, 0x02000a00, 0x02000500, 0x01001400, 0x01001400, 0x02000200, 0x01001400, 0x02000200, 0x02000200, 0x02000a00,
	0x02000a00, 0x01000000, 0x01005000, 0x02000a00, 0x01000000, 0x01005000, 0x02000a00, 0x01000000, 0x01005000, 0x02000a00, 0x01000000, 0x01005000,
	0x02006400, 0x02000200, 0x01005000, 0x02000200, 0x02000a00, 0x01000000, 0x01005000, 0x02000200, 0x01000000, 0x01005000, 0x02000a00, 0x01000000,
	0x01005000, 0x02000a00, 0x01000000, 0x01005000, 0x02006400, 0x02000500, 0x01001400, 0x01001400, 0x01005000, 0x02000200, 0x01000000, 0x01005000,
	0x02000a00, 0x01000000, 0x01005000, 0x02000a00, 0x01000000, 0x01005000, 0x02000a00, 0x01000000, 0x01005000, 0x02000a00, 0x01000000, 0x01005000,
	0x02006400, 0x02000500, 0x01001400, 0x01001400, 0x04007802, 0x02000e00, 0x02007800, 0x01000500, 0x01000a00, 0x02001200, 0x01003200, 0x01003200,
	0x02000400, 0x02007800, 0x01000500, 0x01000a00, 0x01003200, 0x01003200, 0x01003200, 0x02000400, 0x02001900, 0x04007805, 0x02000e00, 0x02007800,
	0x02006400, 0x02003100, 0x02007800, 0x02000e00, 0x02007800, 0x01000500, 0x01000a00, 0x02001200, 0x01003200, 0x01003200, 0x02000400, 0x02007800,
	0x01003200, 0x03000000, 0x03000000, 0x02007800, 0x01003200, 0x02007800, 0x02007800, 0x01000500, 0x01000a00, 0x02001200, 0x01003200, 0x01003200,
	0x02000400, 0x02007800, 0x01003200, 0x03000000, 0x03000000, 0x02007800, 0x02006400, 0x02000500, 0x01005000, 0x02000300, 0x02007800, 0x01003200,
	0x01000a00, 0x01003200, 0x02007800, 0x02000e00, 0x02007800, 0x01003200, 0x02007800, 0x02007800, 0x02006400, 0x02003100, 0x02000900, 0x02000800,
	0x01005000, 0x02000200, 0x02007800, 0x01003200, 0x02006400, 0x02000300, 0x02000300, 0x02006400, 0x02000500, 0x01001400, 0x01001400, 0x02000200,
	0x01005000, 0x02000400, 0x01005000, 0x02000300, 0x04007802, 0x01003200, 0x01000a00, 0x02007800, 0x01003200, 0x02006400, 0x02000500, 0x01005000,
	0x02000400, 0x01005000, 0x02000300, 0x01005000, 0x02000200, 0x01005000, 0x01005000, 0x02006400, 0x02000500, 0x01001400, 0x01001400, 0x02000200,
	0x02007800, 0x01003200, 0x01003200, 0x02000300, 0x04007804, 0x02006400, 0x04007811, 0x01003200, 0x03000000, 0x03000000, 0x02007800, 0x01003200,
	0x01003200, 0x02000300, 0x04007807, 0x01003200, 0x01003200, 0x02001400, 0x04007808, 0x02006400, 0x02001b00, 0x01005000, 0x02000600, 0x01000000,
	0x01005000, 0x02000500, 0x01000000, 0x01005000, 0x02000400, 0x01000000, 0x01005000, 0x02006400, 0x02000500, 0x01001400, 0x01003200, 0x01003200,
	0x02001400, 0x02006300, 0x02000a00, 0x02000400, 0x01003200, 0x03000000, 0x03000000, 0x03000000, 0x03000000, 0x03000000, 0x03000000, 0x03000000,
	0x03000000, 0x02000800, 0x02006400, 0x01000500, 0x02000400, 0x02001400, 0x02000300, 0x02002100, 0x02000200, 0x02000a00, 0x01000000, 0x01003200,
	0x01003200, 0x01003200, 0x01003200, 0x02000400, 0x01003200, 0x01003200, 0x02000400, 0x02000400, 0x02006400, 0x02006400, 0x02000600, 0x02000200,
	0x02006400, 0x01002800, 0x02001c00, 0x02001b00, 0x02001a00, 0x02000300, 0x02002400, 0x02006400, 0x02007800, 0x01003200, 0x01000000, 0x02007800,
	0x02006400, 0x01005000, 0x02006400, 0x01000a00, 0x02000500, 0x02000e00, 0x01001400, 0x01003200, 0x01003200, 0x02000300, 0x02000400, 0x02006400,
	0x02007800, 0x01005000, 0x02006400, 0x01000a00, 0x02000500, 0x02000e00, 0x01003200, 0x01001400, 0x01003200, 0x03000000, 0x03000000, 0x03000000,
	0x03000000, 0x03000000, 0x03000000, 0x03000000, 0x03000000, 0x02006300, 0x02000a00, 0x02000a00, 0x02001400, 0x01003200, 0x01003200, 0x02000300,
	0x01003200, 0x01003200, 0x02000300, 0x01003200, 0x01003200, 0x02001400, 0x01003200, 0x03000000, 0x03000000, 0x03000000, 0x03000000, 0x03000000,
	0x03000000, 0x03000000, 0x03000000, 0x01003200, 0x01003200, 0x02001400, 0x01003200, 0x03000000, 0x03000000, 0x03000000, 0x03000000, 0x03000000,
	0x03000000, 0x03000000, 0x03000000, 0x01003200, 0x03000000, 0x03000000, 0x03000000, 0x03000000, 0x03000000, 0x03000000, 0x03000000, 0x03000000,
	0x01003200, 0x03000000, 0x03000000, 0x03000000, 0x03000000, 0x03000000, 0x03000000, 0x03000000, 0x03000000, 0x01003200, 0x03000000, 0x03000000,
	0x03000000, 0x03000000, 0x03000000, 0x03000000, 0x03000000, 0x03000000, 0x01003200, 0x01003200, 0x02001400, 0x01003200, 0x01003200, 0x02001400,
	0x01003200, 0x01003200, 0x02000300, 0x01003200, 0x03000000, 0x03000000, 0x03000000, 0x03000000, 0x03000000, 0x03000000, 0x03000000, 0x03000000,
	0x01003200, 0x03000000, 0x03000000, 0x03000000, 0x03000000, 0x03000000, 0x03000000, 0x03000000, 0x03000000, 0x01003200, 0x03000000, 0x03000000,
	0x03000000, 0x03000000, 0x03000000, 0x03000000, 0x03000000, 0x03000000, 0x02000500, 0x02000800, 0x01005000, 0x02000600, 0x01000000, 0x01005000,
	0x02006400, 0x02000500, 0x01000000, 0x01005000, 0x02000400, 0x01005000, 0x02000300, 0x01005000, 0x02000200, 0x01005000, 0x02006400, 0x02000500,
	0x02000400, 0x01005000, 0x01000000, 0x01005000, 0x01003200, 0x01000a00, 0x01003200, 0x01001400, 0x01001400, 0x02001100, 0x01005000, 0x01003200,
	0x01000a00, 0x01003200, 0x01001400, 0x01001400, 0x02001100, 0x02000500, 0x02000800, 0x01005000, 0x02006400, 0x02000500, 0x02000300, 0x02000100,
	0x01005000, 0x01003200, 0x01000a00, 0x01003200, 0x01001400, 0x01001400, 0x02001100, 0x01005000, 0x02006400, 0x02000500, 0x02000300, 0x01005000,
	0x02006400, 0x02000500, 0x02000500, 0x01005000, 0x01003200, 0x01000a00, 0x01003200, 0x01001400, 0x01001400, 0x01000000, 0x01005000, 0x01003200,
	0x01000a00, 0x01003200, 0x01001400, 0x01001400, 0x02001100, 0x01005000, 0x01003200, 0x01000a00, 0x01003200, 0x01001400, 0x01001400, 0x02001100,
	0x01005000, 0x01003200, 0x01000a00, 0x01003200, 0x01001400, 0x01001400, 0x01000000, 0x01005000, 0x02006400, 0x02000500, 0x02000400, 0x01005000,
	0x01003200, 0x01000a00, 0x01003200, 0x01001400, 0x01001400, 0x02001100, 0x01005000, 0x01003200, 0x01000a00, 0x01003200, 0x01001400, 0x01001400,
	0x02001100, 0x02006300, 0x02000a00, 0x02000200, 0x01001400, 0x02001300, 0x02000400, 0x01005000, 0x02000400, 0x01005000, 0x02000400, 0x01005000,
	0x02000400, 0x01005000, 0x02000400, 0x01005000, 0x02000400, 0x01005000, 0x02000400, 0x01005000, 0x02000400, 0x01005000, 0x02006400, 0x02000500,
	0x02000300, 0x01005000, 0x02000400, 0x01005000, 0x02000400, 0x01005000, 0x02000400, 0x01005000, 0x02000400, 0x01005000, 0x02000400, 0x01005000,
	0x02000400, 0x01005000, 0x02000400, 0x01005000, 0x02000400, 0x01005000, 0x02000400, 0x01005000, 0x02000400, 0x01005000, 0x02000400, 0x01005000,
	0x02000400, 0x01005000, 0x02000400, 0x01005000, 0x02000400, 0x01005000, 0x02000400, 0x01005000, 0x02000400, 0x01005000, 0x02000400, 0x01005000,
	0x02000400, 0x01005000, 0x02000400, 0x01005000, 0x02006400, 0x02000500, 0x02000200, 0x01005000, 0x02000400, 0x01005000, 0x02000400, 0x01005000,
	0x02000400, 0x01005000, 0x02000400, 0x01005000, 0x02000400, 0x01005000, 0x02000400, 0x01005000, 0x02000400, 0x01005000, 0x02000400, 0x01005000,
	0x02000400, 0x01005000, 0x02000400, 0x01005000, 0x02000400, 0x01005000, 0x02000400, 0x01005000, 0x02000400, 0x01005000, 0x02000400, 0x01005000,
	0x02000400, 0x01005000, 0x02000400, 0x01005000, 0x02000400, 0x01005000, 0x02000400, 0x01005000, 0x02000400, 0x01005000, 0x02000400, 0x01005000,
	0x02000400, 0x01005000, 0x02000400, 0x01005000, 0x02006400, 0x02000500, 0x02000200, 0x02000100, 0x01005000, 0x02000400, 0x01005000, 0x02000400,
	0x01005000, 0x02006400, 0x02000800, 0x01005000, 0x02006400, 0x02000500, 0x02000200, 0x01005000, 0x02006400, 0x02000500, 0x02000100, 0x01005000,
	0x02006400, 0x02000500, 0x02000500, 0x02000800, 0x01005000, 0x02000400, 0x01005000, 0x02000400, 0x01005000, 0x02000400, 0x01005000, 0x02000400,
	0x01005000, 0x02000400, 0x01005000, 0x02000400, 0x01005000, 0x02006400, 0x02000500, 0x01005000, 0x02000400, 0x01005000, 0x02000400, 0x01005000,
	0x02000400, 0x01005000, 0x02000400, 0x01005000, 0x02000400, 0x01005000, 0x02000400, 0x01005000, 0x02000400, 0x01005000, 0x02000400, 0x01005000,
	0x02006400, 0x02000500, 0x01003200, 0x01001400, 0x01003200, 0x03000000, 0x03000000, 0x03000000, 0x03000000, 0x03000000, 0x03000000, 0x03000000,
	0x03000000, 0x02006300, 0x02000a00, 0x02000500, 0x02000a00, 0x01005000, 0x02000400, 0x01005000, 0x02000400, 0x01005000, 0x02000400, 0x01005000,
	0x02000400, 0x01005000, 0x02000400, 0x01005000, 0x02000400, 0x01005000, 0x02000400, 0x01005000, 0x02000400, 0x01005000, 0x02006400, 0x02000700,
	0x01005000, 0x02006400, 0x02000500, 0x02000a00, 0x01005000, 0x02000400, 0x01005000, 0x02006400, 0x02000500, 0x02000400, 0x01005000, 0x02000400,
	0x01005000, 0x02000400, 0x01005000, 0x02000400, 0x01005000, 0x02000400, 0x01005000, 0x02000400, 0x01005000, 0x02000400, 0x01005000, 0x02000400,
	0x01005000, 0x02006400, 0x01000a00, 0x02000500, 0x02000e00, 0x01003200, 0x01001400, 0x01003200, 0x01003200, 0x02001400, 0x01005000, 0x02000400,
	0x01005000, 0x02000400, 0x01005000, 0x02006400, 0x02000500, 0x02000a00, 0x01005000, 0x02006400, 0x02000500, 0x02000100, 0x01005000, 0x02000400,
	0x01005000, 0x02006400, 0x02000500, 0x02000a00, 0x01005000, 0x02000400, 0x01005000, 0x02000400, 0x01005000, 0x02000400, 0x01005000, 0x02000400,
	0x01005000, 0x02006400, 0x02000600, 0x01005000, 0x02006400, 0x01000a00, 0x02000500, 0x04000e02, 0x01003200, 0x01001400, 0x01003200, 0x03000000,
	0x03000000, 0x03000000, 0x03000000, 0x03000000, 0x03000000, 0x03000000, 0x03000000, 0x01003200, 0x02000400, 0x02006400, 0x01002800, 0x02001d00,
	0x02001c00, 0x02001b00, 0x02001a00, 0x02001900, 0x02001800, 0x02001700, 0x02001600, 0x02001500, 0x02001400, 0x02001300, 0x02001200, 0x02001100,
	0x02000300, 0x02002500, 0x02006400, 0x02007800, 0x02007800, 0x01000500, 0x01000a00, 0x02001200, 0x01003200, 0x01003200, 0x02000400, 0x02007800,
	0x01000500, 0x01000a00, 0x02001200, 0x01003200, 0x01003200, 0x02000400, 0x02007800, 0x01000500, 0x01000a00, 0x02001200, 0x01003200, 0x01003200,
	0x02000400, 0x02007800, 0x01000500, 0x01000a00, 0x02001200, 0x01003200, 0x01003200, 0x02000400, 0x02007800, 0x01000500, 0x01000a00, 0x02001200,
	0x01003200, 0x01003200, 0x02000400, 0x02007800, 0x01000500, 0x01000a00, 0x02001200, 0x01003200, 0x01003200, 0x02000400, 0x02007800, 0x01000500,
	0x01000a00, 0x02001200, 0x01003200, 0x01003200, 0x02000400, 0x02007800, 0x01003200, 0x03000000, 0x03000000, 0x03000000, 0x03000000, 0x03000000,
	0x03000000, 0x03000000, 0x03000000, 0x02007800, 0x01003200, 0x03000000, 0x03000000, 0x03000000, 0x03000000, 0x03000000, 0x03000000, 0x03000000,
	0x03000000, 0x02007800, 0x01000500, 0x01000a00, 0x02001200, 0x01003200, 0x01003200, 0x02000400, 0x02007800, 0x01003200, 0x03000000, 0x03000000,
	0x02007800, 0x01000500, 0x01000a00, 0x02001200, 0x01003200, 0x01003200, 0x02000400, 0x02007800, 0x02006400, 0x02003100, 0x01003200, 0x02001000,
	0x02007800, 0x01000500, 0x01000a00, 0x02001200, 0x01003200, 0x01003200, 0x02000400, 0x02007800, 0x01000500, 0x01000a00, 0x02001200, 0x01003200,
	0x01003200, 0x02000400, 0x02007800, 0x01000500, 0x01000a00, 0x02001200, 0x01003200, 0x01003200, 0x02000400, 0x02007800, 0x01000500, 0x01000a00,
	0x02001200, 0x01003200, 0x01003200, 0x02000400, 0x02007800, 0x01000500, 0x01000a00, 0x02001200, 0x01003200, 0x01003200, 0x02000400, 0x02007800,
	0x01000500, 0x01000a00, 0x02001200, 0x01003200, 0x01003200, 0x02000400, 0x02007800, 0x01003200, 0x03000000, 0x03000000, 0x03000000, 0x03000000,
	0x03000000, 0x03000000, 0x03000000, 0x03000000, 0x02007800, 0x02006400, 0x02007800, 0x01000500, 0x01000a00, 0x02001200, 0x01003200, 0x01003200,
	0x02000400, 0x02007800, 0x02000e00, 0x02007800, 0x01000500, 0x01000a00, 0x02001200, 0x01003200, 0x01003200, 0x02000400, 0x02007800, 0x01000500,
	0x01000a00, 0x02001200, 0x01003200, 0x01003200, 0x02000400, 0x02007800, 0x02006400, 0x02000400, 0x02007800, 0x01000500, 0x01000a00, 0x02001200,
	0x01003200, 0x01003200, 0x02000400, 0x02007800, 0x01000500, 0x02000400, 0x01003200, 0x02000400, 0x02007800, 0x01000500, 0x01000a00, 0x01003200,
	0x01003200, 0x01003200, 0x02000400, 0x02001900, 0x04007802, 0x02006400, 0x02000200, 0x02000200, 0x02000a00, 0x02006400, 0x02000200, 0x02006400,
	0x02000400, 0x01003200, 0x01000a00, 0x01003200, 0x01000a00, 0x01003200, 0x01000a00, 0x01001400, 0x01001400, 0x04007807, 0x01003200, 0x03000000,
	0x03000000, 0x03000000, 0x03000000, 0x03000000, 0x03000000, 0x03000000, 0x03000000, 0x0400780d, 0x02006400, 0x02000700, 0x01000000, 0x02006400,
	0x02000600, 0x04007802, 0x02006400, 0x02000400, 0x02000200, 0x02000500, 0x02000800, 0x02007800, 0x02006400, 0x01003200, 0x02002000, 0x02007800,
	0x02006400, 0x02000400, 0x02007800, 0x02006400, 0x02000400, 0x0400780a, 0x01003200, 0x01003200, 0x02000300, 0x04007802, 0x02006400, 0x01000a00,
	0x02000400, 0x02000e00, 0x01003200, 0x01000a00, 0x01001400, 0x01003200, 0x01003200, 0x02001400, 0x04007808, 0x01003200, 0x01003200, 0x02001400,
	0x04007806, 0x02006400, 0x02003100, 0x04007804, 0x02006400, 0x02000400, 0x02000200, 0x01005000, 0x02000600, 0x01005000, 0x02006400, 0x02000a00,
	0x01005000, 0x02000500, 0x01005000, 0x02000400, 0x02006400, 0x01002800, 0x02001200, 0x02001100, 0x02000100, 0x02001700, 0x02006400, 0x01002800,
	0x02001200, 0x02001100, 0x02000400, 0x02001600, 0x02006400, 0x02007800, 0x02007800, 0x02006400, 0x01005000, 0x02000500, 0x02006400, 0x02007800,
	0x01000500, 0x01000a00, 0x02001200, 0x01003200, 0x01003200, 0x02000400, 0x02007800, 0x01003200, 0x02007800, 0x02007800, 0x02006400, 0x02003100,
	0x01005000, 0x01001400, 0x01001400, 0x02006300, 0x02000a00, 0x02000100, 0x02000200, 0x01000000, 0x01005000, 0x02000200, 0x01000000, 0x01005000,
	0x02000200, 0x01000000, 0x01005000, 0x02000200, 0x01000000, 0x01005000, 0x02000200, 0x01000000, 0x01005000, 0x02000200, 0x01000000, 0x01005000,
	0x02006400, 0x02000200, 0x02007800, 0x01000500, 0x01000a00, 0x02001200, 0x01003200, 0x01003200, 0x02000400, 0x02007800, 0x01000500, 0x01000a00,
	0x02001200, 0x01003200, 0x01003200, 0x02000400, 0x02007800, 0x01000500, 0x01000a00, 0x02001200, 0x01003200, 0x01003200, 0x02000400, 0x02007800,
	0x01000500, 0x01000a00, 0x02001200, 0x01003200, 0x01003200, 0x02000400, 0x02007800, 0x01000500, 0x01000a00, 0x02001200, 0x01003200, 0x01003200,
	0x02000400, 0x02007800, 0x01000500, 0x01000a00, 0x02001200, 0x01003200, 0x01003200, 0x02000400, 0x02007800, 0x01000500, 0x01000a00, 0x02001200,
	0x01003200, 0x01003200, 0x02000400, 0x02007800, 0x01000500, 0x01000a00, 0x02001200, 0x01003200, 0x01003200, 0x02000400, 0x02007800, 0x02006400,
	0x02000200, 0x02007800, 0x02006400, 0x01000a00, 0x02000200, 0x04000e02, 0x01003200, 0x01000a00, 0x01001400, 0x01003200, 0x03000000, 0x03000000,
	0x03000000, 0x03000000, 0x02007800, 0x01000500, 0x01000a00, 0x02001200, 0x01003200, 0x01003200, 0x02000400, 0x02007800, 0x01000500, 0x01000a00,
	0x02001200, 0x01003200, 0x01003200, 0x02000400, 0x02007800, 0x01003200, 0x01003200, 0x02001400, 0x02007800, 0x01000500, 0x01000a00, 0x01003200,
	0x01003200, 0x01003200, 0x02000400, 0x02001900, 0x04007803, 0x01003200, 0x01000a00, 0x01003200, 0x01000a00, 0x01003200, 0x02007800, 0x01003200,
	0x02006400, 0x02000200, 0x01001400, 0x01001400, 0x01005000, 0x01001400, 0x01001400, 0x04007802, 0x02000e00, 0x02007800, 0x01000500, 0x01000a00,
	0x02001200, 0x01003200, 0x01003200, 0x02000400, 0x02007800, 0x01000500, 0x01000a00, 0x02001200, 0x01003200, 0x01003200, 0x02000400, 0x02007800,
	0x01000500, 0x01000a00, 0x02001200, 0x01003200, 0x01003200, 0x02000400, 0x02007800, 0x01000500, 0x01000a00, 0x02001200, 0x01003200, 0x01003200,
	0x02000400, 0x02007800, 0x01000500, 0x01000a00, 0x01003200, 0x01003200, 0x01003200, 0x02000400, 0x02001a00, 0x04007804, 0x02006400, 0x02000500,
	0x02006400, 0x02000200, 0x01003200, 0x01000a00, 0x01003200, 0x01000a00, 0x01001400, 0x01001400, 0x02000400, 0x02006300, 0x02000a00, 0x02000500,
	0x01001400, 0x02000400, 0x02000a00, 0x02007800, 0x01003200, 0x01000a00, 0x01003200, 0x02007800, 0x01005000, 0x02000500, 0x01005000, 0x02000400,
	0x02000a00, 0x01005000, 0x02000400, 0x02000a00, 0x01005000, 0x02000400, 0x02000a00, 0x01005000, 0x02000400, 0x02000a00, 0x01005000, 0x02000400,
	0x01000000, 0x01005000, 0x02000300, 0x01005000, 0x02000200, 0x02000a00, 0x01005000, 0x02000200, 0x01005000, 0x02000a00, 0x01005000, 0x02000a00,
	0x01005000, 0x02000a00, 0x01005000, 0x02000a00, 0x01005000, 0x02000a00, 0x01005000, 0x02000a00, 0x01005000, 0x02000a00, 0x01005000, 0x02006400,
	0x02000200, 0x02000a00, 0x01005000, 0x02000a00, 0x01005000, 0x02000a00, 0x01005000, 0x02000a00, 0x01005000, 0x02006400, 0x02000200, 0x02000900,
	0x01000000, 0x01005000, 0x02006400, 0x02000200, 0x01001400, 0x01001400, 0x02000300, 0x02007800, 0x01000500, 0x01000a00, 0x02001200, 0x01003200,
	0x01003200, 0x02000400, 0x02007800, 0x02006400, 0x02000200, 0x02007800, 0x02006400, 0x02007800, 0x02006400, 0x01003200, 0x02007800, 0x02006400,
	0x02000200, 0x04007803, 0x02006400, 0x02003000, 0x04007802, 0x02006400, 0x01003200, 0x01000a00, 0x01003200, 0x01000a00, 0x01003200, 0x01000a00,
	0x01001400, 0x01001400, 0x01003200, 0x01001400, 0x01001400, 0x01003200, 0x01001400, 0x01003200, 0x03000000, 0x03000000, 0x03000000, 0x03000000,
	0x03000000, 0x03000000, 0x03000000, 0x03000000, 0x02001200, 0x04007804, 0x02006400, 0x04007804, 0x02006400, 0x04007802, 0x02006400, 0x02000700,
	0x01000000, 0x02006400, 0x02007800, 0x02006400, 0x04007803, 0x02006400, 0x04007804, 0x02006400, 0x02000200, 0x04007802, 0x02006400, 0x02000400,
	0x02006400, 0x02001f00, 0x01003200, 0x02003c00, 0x02000600, 0x01003200, 0x02000a00, 0x01003200, 0x02000400, 0x01003200, 0x01003200, 0x02000400,
	0x01003200, 0x02000400, 0x02000400, 0x02006400, 0x02007800, 0x01003200, 0x01000000, 0x02007800, 0x01000500, 0x01000a00, 0x02001200, 0x01003200,
	0x01003200, 0x02000400, 0x02007800, 0x01003200, 0x02007800, 0x02007800, 0x01003200, 0x03000000, 0x03000000, 0x01005000, 0x02000300, 0x01005000,
	0x02000200, 0x02007800, 0x01000500, 0x01000a00, 0x02001200, 0x01003200, 0x01003200, 0x02000400, 0x02007800, 0x02006400, 0x01000a00, 0x02000400,
	0x02000e00, 0x01003200, 0x01000a00, 0x01001400, 0x01003200, 0x01003200, 0x02001400, 0x02007800, 0x01000500, 0x01000a00, 0x02001200, 0x01003200,
	0x01003200, 0x02000400, 0x02007800, 0x01003200, 0x04007802, 0x02007800, 0x02006400, 0x02000700, 0x02006400, 0x02000400, 0x01005000, 0x02000b00,
	0x01000000, 0x01005000, 0x02006400, 0x02000400, 0x02000200, 0x01000000, 0x01005000, 0x02006400, 0x02000400, 0x01005000, 0x02000a00, 0x01005000,
	0x02000900, 0x01000000, 0x01005000, 0x02000800, 0x02000800, 0x01005000, 0x02006400, 0x02000900, 0x01000000, 0x01005000, 0x02000800, 0x02000a00,
	0x01005000, 0x02000800, 0x01005000, 0x02000700, 0x02000800, 0x01005000, 0x02000700, 0x02000a00, 0x01005000, 0x02006400, 0x02000400, 0x02000e00,
	0x01001400, 0x01003200, 0x01003200, 0x02000300, 0x02007800, 0x01000500, 0x01000a00, 0x02001200, 0x01003200, 0x01003200, 0x02000400, 0x02007800,
	0x02000e00, 0x02007800, 0x02006400, 0x02000700, 0x02006400, 0x01000a00, 0x02000400, 0x02000e00, 0x01003200, 0x01000a00, 0x01001400, 0x01003200,
	0x03000000, 0x03000000, 0x03000000, 0x03000000, 0x03000000, 0x03000000, 0x03000000, 0x03000000, 0x03000000, 0x03000000, 0x03000000, 0x03000000,
	0x03000000, 0x03000000, 0x03000000, 0x03000000, 0x02007800, 0x01000500, 0x01000a00, 0x02001200, 0x01003200, 0x01003200, 0x02000400, 0x02007800,
	0x02006400, 0x02000400, 0x02007800, 0x01000500, 0x01000a00, 0x02001200, 0x01003200, 0x01003200, 0x02000400, 0x02007800, 0x02000e00, 0x02007800,
	0x01000500, 0x01000a00, 0x02001200, 0x01003200, 0x01003200, 0x02000400, 0x02007800, 0x01000500, 0x01000a00, 0x02001200, 0x01003200, 0x01003200,
	0x02000400, 0x02007800, 0x01000500, 0x01000a00, 0x02001200, 0x01003200, 0x01003200, 0x02000400, 0x02007800, 0x01003200, 0x01003200, 0x02001400,
	0x02007800, 0x02000e00, 0x02007800, 0x01003200, 0x02007800, 0x02007800, 0x02006400, 0x01005000, 0x02000700, 0x01005000, 0x02006400, 0x02000400,
	0x01001400, 0x01003200, 0x03000000, 0x03000000, 0x03000000, 0x03000000, 0x03000000, 0x03000000, 0x03000000, 0x03000000, 0x02007800, 0x01000500,
	0x01000a00, 0x02001200, 0x01003200, 0x01003200, 0x02000400, 0x02007800, 0x01000500, 0x01000a00, 0x02001200, 0x01003200, 0x01003200, 0x02000400,
	0x02007800, 0x02006400, 0x01003200, 0x02007800, 0x01000500, 0x01000a00, 0x02001200, 0x01003200, 0x01003200, 0x02000400, 0x02007800, 0x01000500,
	0x01000a00, 0x02001200, 0x01003200, 0x01003200, 0x02000400, 0x02007800, 0x01000500, 0x01000a00, 0x02001200, 0x01003200, 0x01003200, 0x02000400,
	0x02007800, 0x01000500, 0x01000a00, 0x02001200, 0x01003200, 0x01003200, 0x02000400, 0x02007800, 0x01000500, 0x01000a00, 0x02001200, 0x01003200,
	0x01003200, 0x02000400, 0x02007800, 0x01000500, 0x01000a00, 0x02001200, 0x01003200, 0x01003200, 0x02000400, 0x02007800, 0x02006400, 0x04007804,
	0x02006400, 0x02003200, 0x02007800, 0x02006400, 0x02000400, 0x04007804, 0x02006400, 0x02000400, 0x02000200, 0x04007808, 0x02006400, 0x01003200,
	0x04007802, 0x02006400, 0x02000400, 0x02007800, 0x02006400, 0x01003200, 0x02004000, 0x04007805, 0x01003200, 0x03000000, 0x03000000, 0x03000000,
	0x03000000, 0x03000000, 0x03000000, 0x03000000, 0x03000000, 0x03000000, 0x03000000, 0x03000000, 0x03000000, 0x03000000, 0x03000000, 0x03000000,
	0x03000000, 0x02007800, 0x01003200, 0x03000000, 0x03000000, 0x03000000, 0x03000000, 0x03000000, 0x03000000, 0x03000000, 0x03000000, 0x04007802,
	0x02006400, 0x02000900, 0x02000300, 0x01000000, 0x02006400, 0x02000400, 0x01003200, 0x01000a00, 0x01001400, 0x01003200, 0x01003200, 0x02001400,
	0x04007806, 0x01003200, 0x01003200, 0x02000300, 0x02007800, 0x01003200, 0x03000000, 0x03000000, 0x03000000, 0x03000000, 0x03000000, 0x03000000,
	0x03000000, 0x03000000, 0x01005000, 0x02000500, 0x02006400, 0x01002800, 0x02001400, 0x02001300, 0x02001200, 0x02000100, 0x02001b00, 0x02006400,
	0x02007800, 0x01005000, 0x02000500, 0x01005000, 0x02000400, 0x01005000, 0x02000300, 0x01000000, 0x01005000, 0x02000200, 0x01005000, 0x01005000,
	0x01003200, 0x01000a00, 0x01003200, 0x01001400, 0x01001400, 0x02000e00, 0x01005000, 0x01003200, 0x01000a00, 0x01003200, 0x01001400, 0x01001400,
	0x01000000, 0x01005000, 0x01003200, 0x01000a00, 0x01003200, 0x01001400, 0x01001400, 0x02000e00, 0x01005000, 0x01003200, 0x01000a00, 0x01003200,
	0x01001400, 0x01001400, 0x02000e00, 0x02006300, 0x02000a00, 0x02000a00, 0x02000a00, 0x01001400, 0x02001000, 0x01001400, 0x02001000, 0x01001400,
	0x02001000, 0x01001400, 0x01001400, 0x02001000, 0x01001400, 0x02001000, 0x01001400, 0x01001400, 0x02000700, 0x02000300, 0x01000000, 0x01005000,
	0x02006400, 0x02000400, 0x02000300, 0x01005000, 0x02000700, 0x02000300, 0x01000000, 0x01005000, 0x02000700, 0x02000300, 0x01000000, 0x01005000,
	0x02000700, 0x02000300, 0x01000000, 0x01005000, 0x02000700, 0x02000300, 0x01000000, 0x01005000, 0x02000700, 0x02000300, 0x01000000, 0x01005000,
	0x02000700, 0x02000300, 0x01000000, 0x01005000, 0x02000700, 0x02000300, 0x01000000, 0x01005000, 0x02000700, 0x02000300, 0x01000000, 0x01005000,
	0x02000700, 0x02000300, 0x01000000, 0x01005000, 0x02000700, 0x02000300, 0x01000000, 0x01005000, 0x02006400, 0x02000400, 0x02000700, 0x02000300,
	0x01000000, 0x01005000, 0x02000700, 0x02000300, 0x01000000, 0x01005000, 0x02006400, 0x02000400, 0x02000700, 0x02000300, 0x01000000, 0x01005000,
	0x02006400, 0x02000400, 0x02000400, 0x01005000, 0x02000700, 0x02000300, 0x01000000, 0x01005000, 0x02000700, 0x02000300, 0x01000000, 0x01005000,
	0x02000700, 0x02000300, 0x01000000, 0x01005000, 0x02000700, 0x02000300, 0x01000000, 0x01005000, 0x02006400, 0x02000400, 0x02000300, 0x01005000,
	0x02000700, 0x02000300, 0x01000000, 0x01005000, 0x02000700, 0x02000300, 0x01000000, 0x01005000, 0x02000700, 0x02000300, 0x01000000, 0x01005000,
	0x02000700, 0x02000300, 0x01000000, 0x01005000, 0x02000700, 0x02000300, 0x01000000, 0x01005000, 0x02000700, 0x02000300, 0x01000000, 0x01005000,
	0x02000700, 0x02000300, 0x01000000, 0x01005000, 0x02006400, 0x02000400, 0x02000200, 0x01005000, 0x02000700, 0x02000300, 0x01000000, 0x01005000,
	0x02006400, 0x02000400, 0x02000100, 0x01005000, 0x02000700, 0x02000300, 0x01000000, 0x01005000, 0x02000700, 0x02000300, 0x01000000, 0x01005000,
	0x02006400, 0x02000800, 0x01005000, 0x02000700, 0x02000300, 0x01000000, 0x01005000, 0x02000700, 0x02000300, 0x01000000, 0x01005000, 0x02000700,
	0x02000300, 0x01000000, 0x01005000, 0x02000700, 0x02000300, 0x01000000, 0x01005000, 0x02000700, 0x02000300, 0x01000000, 0x01005000, 0x02000700,
	0x02000300, 0x01000000, 0x01005000, 0x02000700, 0x02000300, 0x01000000, 0x01005000, 0x02000700, 0x02000300, 0x01000000, 0x01005000, 0x02000700,
	0x02000300, 0x01000000, 0x01005000, 0x02000700, 0x02000300, 0x01000000, 0x01005000, 0x02000700, 0x02000300, 0x01000000, 0x01005000, 0x02000700,
	0x02000300, 0x01000000, 0x01005000, 0x02006400, 0x02000400, 0x02000100, 0x01005000, 0x02000700, 0x02000300, 0x01000000, 0x01005000, 0x02006400,
	0x02000400, 0x02000200, 0x02000100, 0x01005000, 0x02000700, 0x02000300, 0x01000000, 0x01005000, 0x02000700, 0x02000300, 0x01000000, 0x01005000,
	0x02000700, 0x02000300, 0x01000000, 0x01005000, 0x02000700, 0x02000300, 0x01000000, 0x01005000, 0x02006400, 0x02000400, 0x02000100, 0x01005000,
	0x02006400, 0x02000400, 0x02000100, 0x01005000, 0x02006400, 0x02000400, 0x02000200, 0x01005000, 0x02000700, 0x02000300, 0x01000000, 0x01005000,
	0x02000700, 0x02000300, 0x01000000, 0x01005000, 0x02006400, 0x02000700, 0x01005000, 0x02000700, 0x02000300, 0x01000000, 0x01005000, 0x02000700,
	0x02000300, 0x01000000, 0x01005000, 0x02000700, 0x02000300, 0x01000000, 0x01005000, 0x02000700, 0x02000300, 0x01000000, 0x01005000, 0x02000700,
	0x02000300, 0x01000000, 0x01005000, 0x02000700, 0x02000300, 0x01000000, 0x01005000, 0x02000700, 0x02000300, 0x01000000, 0x01005000, 0x02006400,
	0x02000600, 0x01005000, 0x02000700, 0x02000300, 0x01000000, 0x01005000, 0x02000700, 0x02000300, 0x01000000, 0x01005000, 0x02006400, 0x02000400,
	0x01005000, 0x02000700, 0x02000300, 0x01000000, 0x01005000, 0x02000700, 0x02000300, 0x01000000, 0x01005000, 0x02000700, 0x02000300, 0x01000000,
	0x01005000, 0x02000700, 0x02000300, 0x01000000, 0x01005000, 0x02000700, 0x02000300, 0x01000000, 0x01005000, 0x02000700, 0x02000300, 0x01000000,
	0x01005000, 0x02000700, 0x02000300, 0x01000000, 0x01005000, 0x02000700, 0x02000300, 0x01000000, 0x01005000, 0x02000700, 0x02000300, 0x01000000,
	0x01005000, 0x02006400, 0x02000400, 0x02000100, 0x01005000, 0x02000700, 0x02000300, 0x01000000, 0x01005000, 0x02006400, 0x02000400, 0x02000700,
	0x02000300, 0x01000000, 0x01005000, 0x02000700, 0x02000300, 0x01000000, 0x01005000, 0x02006400, 0x02000400, 0x02000100, 0x01005000, 0x02000700,
	0x02000300, 0x01000000, 0x01005000, 0x02000700, 0x02000300, 0x01000000, 0x01005000, 0x02000700, 0x02000300, 0x01000000, 0x01005000, 0x02000700,
	0x02000300, 0x01000000, 0x01005000, 0x02000700, 0x02000300, 0x01000000, 0x01005000, 0x02000700, 0x02000300, 0x01000000, 0x01005000, 0x02000700,
	0x02000300, 0x01000000, 0x01005000, 0x02000700, 0x02000300, 0x01000000, 0x01005000, 0x02006400, 0x02000400, 0x02000700, 0x02000300, 0x01000000,
	0x01005000, 0x02000700, 0x02000300, 0x01000000, 0x01005000, 0x02006400, 0x02000500, 0x01005000, 0x02006400, 0x01000a00, 0x02000400, 0x02000e00,
	0x01003200, 0x01001400, 0x01003200, 0x03000000, 0x03000000, 0x03000000, 0x03000000, 0x03000000, 0x03000000, 0x03000000, 0x03000000, 0x03000000,
	0x03000000, 0x03000000, 0x03000000, 0x03000000, 0x03000000, 0x03000000, 0x03000000, 0x01005000, 0x02000700, 0x02000300, 0x01000000, 0x01005000,
	0x02000700, 0x02000300, 0x01000000, 0x01005000, 0x02000700, 0x02000300, 0x01000000, 0x01005000, 0x02000700, 0x02000300, 0x01000000, 0x01005000,
	0x02000700, 0x02000300, 0x01000000, 0x01005000, 0x02000700, 0x02000300, 0x01000000, 0x01005000, 0x02000700, 0x02000300, 0x01000000, 0x01005000,
	0x02000700, 0x02000300, 0x01000000, 0x01005000, 0x02000700, 0x02000300, 0x01000000, 0x01005000, 0x02000700, 0x02000300, 0x01000000, 0x01005000,
	0x02000700, 0x02000300, 0x01000000, 0x01005000, 0x02000700, 0x02000300, 0x01000000, 0x01005000, 0x02000700, 0x02000300, 0x01000000, 0x01005000,
	0x02000700, 0x02000300, 0x01000000, 0x01005000, 0x02000700, 0x02000300, 0x01000000, 0x01005000, 0x02000700, 0x02000300, 0x01000000, 0x01005000,
	0x02000700, 0x02000300, 0x01000000, 0x01005000, 0x02000700, 0x02000300, 0x01000000, 0x01005000, 0x02000700, 0x02000300, 0x01000000, 0x01005000,
	0x02000700, 0x02000300, 0x01000000, 0x01005000, 0x02000700, 0x02000300, 0x01000000, 0x01005000, 0x02006400, 0x02000400, 0x02000700, 0x02000300,
	0x01000000, 0x01005000, 0x02000700, 0x02000300, 0x01000000, 0x01005000, 0x02006400, 0x02000400, 0x02000100, 0x01005000, 0x02000700, 0x02000300,
	0x01000000, 0x01005000, 0x02000700, 0x02000300, 0x01000000, 0x01005000, 0x02000700, 0x02000300, 0x01000000, 0x01005000, 0x02000700, 0x02000300,
	0x01000000, 0x01005000, 0x02000700, 0x02000300, 0x01000000, 0x01005000, 0x02000700, 0x02000300, 0x01000000, 0x01005000, 0x02000700, 0x02000300,
	0x01000000, 0x01005000, 0x02000700, 0x02000300, 0x01000000, 0x01005000, 0x02000700, 0x02000300, 0x01000000, 0x01005000, 0x02000700, 0x02000300,
	0x01000000, 0x01005000, 0x02000700, 0x02000300, 0x01000000, 0x01005000, 0x02000700, 0x02000300, 0x01000000, 0x01005000, 0x02000700, 0x02000300,
	0x01000000, 0x01005000, 0x02000700, 0x02000300, 0x01000000, 0x01005000, 0x02000700, 0x02000300, 0x01000000, 0x01005000, 0x02000700, 0x02000300,
	0x01000000, 0x01005000, 0x02006400, 0x02000400, 0x02000700, 0x02000300, 0x01000000, 0x01005000, 0x02000700, 0x02000300, 0x01000000, 0x01005000,
	0x02006400, 0x01000a00, 0x02000e00, 0x01003200, 0x01001400, 0x01003200, 0x03000000, 0x03000000, 0x03000000, 0x03000000, 0x01003200, 0x02000400,
	0x02006400, 0x01002800, 0x02001400, 0x02001300, 0x02001200, 0x02000100, 0x02001b00, 0x02006400, 0x02007800, 0x02007800, 0x01003200, 0x01003200,
	0x02000300, 0x01005000, 0x02000500, 0x02000400, 0x02006400, 0x02007800, 0x01005000, 0x02000500, 0x01005000, 0x02000400, 0x01000000, 0x01005000,
	0x02000300, 0x01005000, 0x02000200, 0x01005000, 0x01005000, 0x01003200, 0x01000a00, 0x01003200, 0x01001400, 0x01001400, 0x02000b00, 0x01005000,
	0x01003200, 0x01000a00, 0x01003200, 0x01001400, 0x01001400, 0x02000b00, 0x01005000, 0x01003200, 0x01000a00, 0x01003200, 0x01001400, 0x01001400,
	0x02000b00, 0x01005000, 0x02006400, 0x02000300, 0x02000400, 0x01005000, 0x01003200, 0x01000a00, 0x01003200, 0x01001400, 0x01001400, 0x02000b00,
	0x01005000, 0x02006400, 0x02000300, 0x01003200, 0x01001400, 0x01003200, 0x03000000, 0x03000000, 0x03000000, 0x03000000, 0x03000000, 0x03000000,
	0x03000000, 0x03000000, 0x01005000, 0x02006400, 0x02000300, 0x02000300, 0x01005000, 0x02006400, 0x01000a00, 0x02000300, 0x02000e00, 0x01003200,
	0x01001400, 0x01003200, 0x01003200, 0x02001400, 0x01005000, 0x01003200, 0x01000a00, 0x01003200, 0x01001400, 0x01001400, 0x02000c00, 0x01005000,
	0x02006400, 0x02000800, 0x01005000, 0x01003200, 0x01000a00, 0x01003200, 0x01001400, 0x01001400, 0x02000c00, 0x02006300, 0x02000a00, 0x02000a00,
	0x02000a00, 0x02007800, 0x01001400, 0x02000e00, 0x01001400, 0x02000e00, 0x01001400, 0x02000e00, 0x01001400, 0x02000e00, 0x01001400, 0x02000e00,
	0x02000100, 0x01001400, 0x02000e00, 0x01001400, 0x02000e00, 0x01001400, 0x02000e00, 0x01001400, 0x01001400, 0x02000e00, 0x01001400, 0x02000e00,
	0x01001400, 0x01001400, 0x02000e00, 0x01001400, 0x02000e00, 0x02000100, 0x01001400, 0x02000e00, 0x02000100, 0x01001400, 0x02000e00, 0x01001400,
	0x02000e00, 0x01001400, 0x02000e00, 0x02000100, 0x01001400, 0x01001400, 0x02000e00, 0x01001400, 0x02000e00, 0x01001400, 0x02000e00, 0x02000100,
	0x01001400, 0x02000e00, 0x01001400, 0x02000e00, 0x01001400, 0x01001400, 0x02000e00, 0x01001400, 0x01001400, 0x02000e00, 0x01001400, 0x02000e00,
	0x01001400, 0x02000e00, 0x01001400, 0x02000e00, 0x01001400, 0x02000e00, 0x01001400, 0x02000e00, 0x01001400, 0x02000e00, 0x01001400, 0x02000e00,
	0x01001400, 0x02000e00, 0x02000100, 0x01001400, 0x02000e00, 0x01001400, 0x01001400, 0x02000e00, 0x01001400, 0x02000e00, 0x01001400, 0x02000e00,
	0x01001400, 0x02000e00, 0x01001400, 0x02000e00, 0x01001400, 0x02000e00, 0x01001400, 0x02000e00, 0x02000100, 0x01001400, 0x02000e00, 0x01001400,
	0x02000e00, 0x01001400, 0x01001400, 0x02000e00, 0x01001400, 0x02000e00, 0x01001400, 0x02000e00, 0x01001400, 0x02000e00, 0x01001400, 0x02000e00,
	0x02000100, 0x01001400, 0x02000e00, 0x01001400, 0x02000e00, 0x01001400, 0x02000e00, 0x01001400, 0x02000e00, 0x01001400, 0x01001400, 0x02000e00,
	0x01001400, 0x02000e00, 0x01001400, 0x01001400, 0x01001400, 0x02000e00, 0x01001400, 0x02000e00, 0x01001400, 0x02000e00, 0x02000100, 0x01001400,
	0x02000e00, 0x01001400, 0x02000e00, 0x01001400, 0x02000e00, 0x01001400, 0x01001400, 0x02000e00, 0x01001400, 0x02000e00, 0x01001400, 0x02000e00,
	0x01001400, 0x02000e00, 0x01001400, 0x02000e00, 0x01001400, 0x01001400, 0x02000e00, 0x01001400, 0x02000e00, 0x01001400, 0x01001400, 0x02000e00,
	0x01001400, 0x02000e00, 0x01001400, 0x02000e00, 0x01001400, 0x02000e00, 0x01001400, 0x02000e00, 0x02000100, 0x01001400, 0x02000e00, 0x02000100,
	0x01001400, 0x02000a00, 0x02000400, 0x02000600, 0x01000000, 0x01005000, 0x02000a00, 0x02000400, 0x02000600, 0x01000000, 0x01005000, 0x02000a00,
	0x02000400, 0x02000600, 0x01000000, 0x01005000, 0x02006400, 0x02000300, 0x02000a00, 0x02000400, 0x02000600, 0x01000000, 0x01005000, 0x02000a00,
	0x02000400, 0x02000600, 0x01000000, 0x01005000, 0x02006400, 0x02000300, 0x02000a00, 0x02000400, 0x02000600, 0x01000000, 0x01005000, 0x02000a00,
	0x02000400, 0x02000600, 0x01000000, 0x01005000, 0x02000a00, 0x02000400, 0x02000600, 0x01000000, 0x01005000, 0x02000a00, 0x02000400, 0x02000600,
	0x01000000, 0x01005000, 0x02000a00, 0x02000400, 0x02000600, 0x01000000, 0x01005000, 0x02000a00, 0x02000400, 0x02000600, 0x01000000, 0x01005000,
	0x02000a00, 0x02000400, 0x02000600, 0x01000000, 0x01005000, 0x02006400, 0x02000300, 0x02000200, 0x02000100, 0x01005000, 0x02000a00, 0x02000400,
	0x02000600, 0x01000000, 0x01005000, 0x02000a00, 0x02000400, 0x02000600, 0x01000000, 0x01005000, 0x02000a00, 0x02000400, 0x02000600, 0x01000000,
	0x01005000, 0x02000a00, 0x02000400, 0x02000600, 0x01000000, 0x01005000, 0x02000a00, 0x02000400, 0x02000600, 0x01000000, 0x01005000, 0x02006400,
	0x02000300, 0x02000300, 0x01005000, 0x02000a00, 0x02000400, 0x02000600, 0x01000000, 0x01005000, 0x02006400, 0x02000300, 0x02000a00, 0x02000400,
	0x02000600, 0x01000000, 0x01005000, 0x02006400, 0x02000300, 0x02000200, 0x02000100, 0x01005000, 0x02000a00, 0x02000400, 0x02000600, 0x01000000,
	0x01005000, 0x02000a00, 0x02000400, 0x02000600, 0x01000000, 0x01005000, 0x02000a00, 0x02000400, 0x02000600, 0x01000000, 0x01005000, 0x02000a00,
	0x02000400, 0x02000600, 0x01000000, 0x01005000, 0x02000a00, 0x02000400, 0x02000600, 0x01000000, 0x01005000, 0x02000a00, 0x02000400, 0x02000600,
	0x01000000, 0x01005000, 0x02000a00, 0x02000400, 0x02000600, 0x01000000, 0x01005000, 0x02000a00, 0x02000400, 0x02000600, 0x01000000, 0x01005000,
	0x02000a00, 0x02000400, 0x02000600, 0x01000000, 0x01005000, 0x02006400, 0x02000700, 0x01005000, 0x02000a00, 0x02000400, 0x02000600, 0x01000000,
	0x01005000, 0x02000a00, 0x02000400, 0x02000600, 0x01000000, 0x01005000, 0x02006400, 0x02000300, 0x02000200, 0x02000100, 0x01005000, 0x02000a00,
	0x02000400, 0x02000600, 0x01000000, 0x01005000, 0x02006400, 0x02000300, 0x02000200, 0x01005000, 0x02000a00, 0x02000400, 0x02000600, 0x01000000,
	0x01005000, 0x02000a00, 0x02000400, 0x02000600, 0x01000000, 0x01005000, 0x02000a00, 0x02000400, 0x02000600, 0x01000000, 0x01005000, 0x02006400,
	0x02000300, 0x02000a00, 0x02000400, 0x02000600, 0x01000000, 0x01005000, 0x02006400, 0x02000600, 0x01005000, 0x02000a00, 0x02000400, 0x02000600,
	0x01000000, 0x01005000, 0x02000a00, 0x02000400, 0x02000600, 0x01000000, 0x01005000, 0x02000a00, 0x02000400, 0x02000600, 0x01000000, 0x01005000,
	0x02000a00, 0x02000400, 0x02000600, 0x01000000, 0x01005000, 0x02000a00, 0x02000400, 0x02000600, 0x01000000, 0x01005000, 0x02000a00, 0x02000400,
	0x02000600, 0x01000000, 0x01005000, 0x02000a00, 0x02000400, 0x02000600, 0x01000000, 0x01005000, 0x02006400, 0x02000500, 0x01005000, 0x02000a00,
	0x02000400, 0x02000600, 0x01000000, 0x01005000, 0x02006400, 0x02000300, 0x02000100, 0x01005000, 0x02000a00, 0x02000400, 0x02000600, 0x01000000,
	0x01005000, 0x02000a00, 0x02000400, 0x02000600, 0x01000000, 0x01005000, 0x02000a00, 0x02000400, 0x02000600, 0x01000000, 0x01005000, 0x02000a00,
	0x02000400, 0x02000600, 0x01000000, 0x01005000, 0x02000a00, 0x02000400, 0x02000600, 0x01000000, 0x01005000, 0x02000a00, 0x02000400, 0x02000600,
	0x01000000, 0x01005000, 0x02000a00, 0x02000400, 0x02000600, 0x01000000, 0x01005000, 0x02000a00, 0x02000400, 0x02000600, 0x01000000, 0x01005000,
	0x02000a00, 0x02000400, 0x02000600, 0x01000000, 0x01005000, 0x02000a00, 0x02000400, 0x02000600, 0x01000000, 0x01005000, 0x02006400, 0x02000300,
	0x02000a00, 0x02000400, 0x02000600, 0x01000000, 0x01005000, 0x02000a00, 0x02000400, 0x02000600, 0x01000000, 0x01005000, 0x02000a00, 0x02000400,
	0x02000600, 0x01000000, 0x01005000, 0x02000a00, 0x02000400, 0x02000600, 0x01000000, 0x01005000, 0x02006400, 0x02000300, 0x02000200, 0x02000100,
	0x01005000, 0x02000a00, 0x02000400, 0x02000600, 0x01000000, 0x01005000, 0x02000a00, 0x02000400, 0x02000600, 0x01000000, 0x01005000, 0x02000a00,
	0x02000400, 0x02000600, 0x01000000, 0x01005000, 0x02000a00, 0x02000400, 0x02000600, 0x01000000, 0x01005000, 0x02000a00, 0x02000400, 0x02000600,
	0x01000000, 0x01005000, 0x02000a00, 0x02000400, 0x02000600, 0x01000000, 0x01005000, 0x02000a00, 0x02000400, 0x02000600, 0x01000000, 0x01005000,
	0x02000a00, 0x02000400, 0x02000600, 0x01000000, 0x01005000, 0x02000a00, 0x02000400, 0x02000600, 0x01000000, 0x01005000, 0x02006400, 0x02000400,
	0x01005000, 0x02006400, 0x02000300, 0x01005000, 0x02000a00, 0x02000400, 0x02000600, 0x01000000, 0x01005000, 0x02000a00, 0x02000400, 0x02000600,
	0x01000000, 0x01005000, 0x02006400, 0x02000300, 0x02000a00, 0x02000400, 0x02000600, 0x01000000, 0x01005000, 0x02000a00, 0x02000400, 0x02000600,
	0x01000000, 0x01005000, 0x02000a00, 0x02000400, 0x02000600, 0x01000000, 0x01005000, 0x02000a00, 0x02000400, 0x02000600, 0x01000000, 0x01005000,
	0x02006400, 0x02000300, 0x02000100, 0x01005000, 0x02000a00, 0x02000400, 0x02000600, 0x01000000, 0x01005000, 0x02000a00, 0x02000400, 0x02000600,
	0x01000000, 0x01005000, 0x02000a00, 0x02000400, 0x02000600, 0x01000000, 0x01005000, 0x02000a00, 0x02000400, 0x02000600, 0x01000000, 0x01005000,
	0x02000a00, 0x02000400, 0x02000600, 0x01000000, 0x01005000, 0x02000a00, 0x02000400, 0x02000600, 0x01000000, 0x01005000, 0x02000a00, 0x02000400,
	0x02000600, 0x01000000, 0x01005000, 0x02000a00, 0x02000400, 0x02000600, 0x01000000, 0x01005000, 0x02000a00, 0x02000400, 0x02000600, 0x01000000,
	0x01005000, 0x02000a00, 0x02000400, 0x02000600, 0x01000000, 0x01005000, 0x02000a00, 0x02000400, 0x02000600, 0x01000000, 0x01005000, 0x02000a00,
	0x02000400, 0x02000600, 0x01000000, 0x01005000, 0x02006400, 0x02000300, 0x02000100, 0x01005000, 0x02000a00, 0x02000400, 0x02000600, 0x01000000,
	0x01005000, 0x02000a00, 0x02000400, 0x02000600, 0x01000000, 0x01005000, 0x02000a00, 0x02000400, 0x02000600, 0x01000000, 0x01005000, 0x02000a00,
	0x02000400, 0x02000600, 0x01000000, 0x01005000, 0x02000a00, 0x02000400, 0x02000600, 0x01000000, 0x01005000, 0x02000a00, 0x02000400, 0x02000600,
	0x01000000, 0x01005000, 0x02000a00, 0x02000400, 0x02000600, 0x01000000, 0x01005000, 0x02000a00, 0x02000400, 0x02000600, 0x01000000, 0x01005000,
	0x02006400, 0x02000200, 0x01005000, 0x02000a00, 0x02000400, 0x02000600, 0x01000000, 0x01005000, 0x02006400, 0x02000100, 0x01005000, 0x02000a00,
	0x02000400, 0x02000600, 0x01000000, 0x01005000, 0x02000a00, 0x02000400, 0x02000600, 0x01000000, 0x01005000, 0x02000a00, 0x02000400, 0x02000600,
	0x01000000, 0x01005000, 0x02006400, 0x02000100, 0x01005000, 0x02000a00, 0x02000400, 0x02000600, 0x01000000, 0x01005000, 0x02006400, 0x02000300,
	0x02000a00, 0x02000400, 0x02000600, 0x01000000, 0x01005000, 0x02000a00, 0x02000400, 0x02000600, 0x01000000, 0x01005000, 0x02000a00, 0x02000400,
	0x02000600, 0x01000000, 0x01005000, 0x02000a00, 0x02000400, 0x02000600, 0x01000000, 0x01005000, 0x02006400, 0x02000300, 0x02000200, 0x01005000,
	0x02000a00, 0x02000400, 0x02000600, 0x01000000, 0x01005000, 0x02006400, 0x02000300, 0x02000100, 0x01005000, 0x02000a00, 0x02000400, 0x02000600,
	0x01000000, 0x01005000, 0x02000a00, 0x02000400, 0x02000600, 0x01000000, 0x01005000, 0x02000a00, 0x02000400, 0x02000600, 0x01000000, 0x01005000,
	0x02000a00, 0x02000400, 0x02000600, 0x01000000, 0x01005000, 0x02000a00, 0x02000400, 0x02000600, 0x01000000, 0x01005000, 0x02000a00, 0x02000400,
	0x02000600, 0x01000000, 0x01005000, 0x02000a00, 0x02000400, 0x02000600, 0x01000000, 0x01005000, 0x02000a00, 0x02000400, 0x02000600, 0x01000000,
	0x01005000, 0x02006400, 0x02000100, 0x01005000, 0x02000a00, 0x02000400, 0x02000600, 0x01000000, 0x01005000, 0x02000a00, 0x02000400, 0x02000600,
	0x01000000, 0x01005000, 0x02000a00, 0x02000400, 0x02000600, 0x01000000, 0x01005000, 0x02000a00, 0x02000400, 0x02000600, 0x01000000, 0x01005000,
	0x02000a00, 0x02000400, 0x02000600, 0x01000000, 0x01005000, 0x02000a00, 0x02000400, 0x02000600, 0x01000000, 0x01005000, 0x02000a00, 0x02000400,
	0x02000600, 0x01000000, 0x01005000, 0x02000a00, 0x02000400, 0x02000600, 0x01000000, 0x01005000, 0x02006400, 0x02000300, 0x02000100, 0x01005000,
	0x02000a00, 0x02000400, 0x02000600, 0x01000000, 0x01005000, 0x02000a00, 0x02000400, 0x02000600, 0x01000000, 0x01005000, 0x02000a00, 0x02000400,
	0x02000600, 0x01000000, 0x01005000, 0x02000a00, 0x02000400, 0x02000600, 0x01000000, 0x01005000, 0x02000a00, 0x02000400, 0x02000600, 0x01000000,
	0x01005000, 0x02000a00, 0x02000400, 0x02000600, 0x01000000, 0x01005000, 0x02000a00, 0x02000400, 0x02000600, 0x01000000, 0x01005000, 0x02000a00,
	0x02000400, 0x02000600, 0x01000000, 0x01005000, 0x02000a00, 0x02000400, 0x02000600, 0x01000000, 0x01005000, 0x02000a00, 0x02000400, 0x02000600,
	0x01000000, 0x01005000, 0x02000a00, 0x02000400, 0x02000600, 0x01000000, 0x01005000, 0x02000a00, 0x02000400, 0x02000600, 0x01000000, 0x01005000,
	0x02000a00, 0x02000400, 0x02000600, 0x01000000, 0x01005000, 0x02000a00, 0x02000400, 0x02000600, 0x01000000, 0x01005000, 0x02006400, 0x02000300,
	0x02000100, 0x01005000, 0x02000a00, 0x02000400, 0x02000600, 0x01000000, 0x01005000, 0x02000a00, 0x02000400, 0x02000600, 0x01000000, 0x01005000,
	0x02000a00, 0x02000400, 0x02000600, 0x01000000, 0x01005000, 0x02000a00, 0x02000400, 0x02000600, 0x01000000, 0x01005000, 0x02000a00, 0x02000400,
	0x02000600, 0x01000000, 0x01005000, 0x02000a00, 0x02000400, 0x02000600, 0x01000000, 0x01005000, 0x02000a00, 0x02000400, 0x02000600, 0x01000000,
	0x01005000, 0x02000a00, 0x02000400, 0x02000600, 0x01000000, 0x01005000, 0x02000a00, 0x02000400, 0x02000600, 0x01000000, 0x01005000, 0x02000a00,
	0x02000400, 0x02000600, 0x01000000, 0x01005000, 0x02000a00, 0x02000400, 0x02000600, 0x01000000, 0x01005000, 0x02006400, 0x02000300, 0x02000100,
	0x01005000, 0x02000a00, 0x02000400, 0x02000600, 0x01000000, 0x01005000, 0x02000a00, 0x02000400, 0x02000600, 0x01000000, 0x01005000, 0x02000a00,
	0x02000400, 0x02000600, 0x01000000, 0x01005000, 0x02006400, 0x02000300, 0x02000100, 0x01005000, 0x02006400, 0x02000300, 0x02000100, 0x01005000,
	0x02000a00, 0x02000400, 0x02000600, 0x01000000, 0x01005000, 0x02006400, 0x02000100, 0x01005000, 0x02000a00, 0x02000400, 0x02000600, 0x01000000,
	0x01005000, 0x02000a00, 0x02000400, 0x02000600, 0x01000000, 0x01005000, 0x02000a00, 0x02000400, 0x02000600, 0x01000000, 0x01005000, 0x02000a00,
	0x02000400, 0x02000600, 0x01000000, 0x01005000, 0x02000a00, 0x02000400, 0x02000600, 0x01000000, 0x01005000, 0x02000a00, 0x02000400, 0x02000600,
	0x01000000, 0x01005000, 0x02000a00, 0x02000400, 0x02000600, 0x01000000, 0x01005000, 0x02000a00, 0x02000400, 0x02000600, 0x01000000, 0x01005000,
	0x02006400, 0x02000300, 0x02000a00, 0x02000400, 0x02000600, 0x01000000, 0x01005000, 0x02000a00, 0x02000400, 0x02000600, 0x01000000, 0x01005000,
	0x02000a00, 0x02000400, 0x02000600, 0x01000000, 0x01005000, 0x02000a00, 0x02000400, 0x02000600, 0x01000000, 0x01005000, 0x02000a00, 0x02000400,
	0x02000600, 0x01000000, 0x01005000, 0x02006400, 0x02000300, 0x02000100, 0x01005000, 0x02000a00, 0x02000400, 0x02000600, 0x01000000, 0x01005000,
	0x02000a00, 0x02000400, 0x02000600, 0x01000000, 0x01005000, 0x02000a00, 0x02000400, 0x02000600, 0x01000000, 0x01005000, 0x02000a00, 0x02000400,
	0x02000600, 0x01000000, 0x01005000, 0x02000a00, 0x02000400, 0x02000600, 0x01000000, 0x01005000, 0x02000a00, 0x02000400, 0x02000600, 0x01000000,
	0x01005000, 0x02006400, 0x02000300, 0x02000100, 0x01005000, 0x02000a00, 0x02000400, 0x02000600, 0x01000000, 0x01005000, 0x02006400, 0x02000300,
	0x02000100, 0x01005000, 0x02000a00, 0x02000400, 0x02000600, 0x01000000, 0x01005000, 0x02000a00, 0x02000400, 0x02000600, 0x01000000, 0x01005000,
	0x02006400, 0x02000100, 0x01005000, 0x02000a00, 0x02000400, 0x02000600, 0x01000000, 0x01005000, 0x02000a00, 0x02000400, 0x02000600, 0x01000000,
	0x01005000, 0x02000a00, 0x02000400, 0x02000600, 0x01000000, 0x01005000, 0x02000a00, 0x02000400, 0x02000600, 0x01000000, 0x01005000, 0x02000a00,
	0x02000400, 0x02000600, 0x01000000, 0x01005000, 0x02000a00, 0x02000400, 0x02000600, 0x01000000, 0x01005000, 0x02000a00, 0x02000400, 0x02000600,
	0x01000000, 0x01005000, 0x02000a00, 0x02000400, 0x02000600, 0x01000000, 0x01005000, 0x02000a00, 0x02000400, 0x02000600, 0x01000000, 0x01005000,
	0x02000a00, 0x02000400, 0x02000600, 0x01000000, 0x01005000, 0x02000a00, 0x02000400, 0x02000600, 0x01000000, 0x01005000, 0x02006400, 0x02000100,
	0x01005000, 0x02000a00, 0x02000400, 0x02000600, 0x01000000, 0x01005000, 0x02000a00, 0x02000400, 0x02000600, 0x01000000, 0x01005000, 0x02000a00,
	0x02000400, 0x02000600, 0x01000000, 0x01005000, 0x02006400, 0x02000300, 0x02000100, 0x01005000, 0x02000a00, 0x02000400, 0x02000600, 0x01000000,
	0x01005000, 0x02000a00, 0x02000400, 0x02000600, 0x01000000, 0x01005000, 0x02000a00, 0x02000400, 0x02000600, 0x01000000, 0x01005000, 0x02006400,
	0x02000300, 0x02000a00, 0x02000400, 0x02000600, 0x01000000, 0x01005000, 0x02000a00, 0x02000400, 0x02000600, 0x01000000, 0x01005000, 0x02006400,
	0x02000300, 0x02000100, 0x01005000, 0x02000a00, 0x02000400, 0x02000600, 0x01000000, 0x01005000, 0x02000a00, 0x02000400, 0x02000600, 0x01000000,
	0x01005000, 0x02000a00, 0x02000400, 0x02000600, 0x01000000, 0x01005000, 0x02000a00, 0x02000400, 0x02000600, 0x01000000, 0x01005000, 0x02000a00,
	0x02000400, 0x02000600, 0x01000000, 0x01005000, 0x02000a00, 0x02000400, 0x02000600, 0x01000000, 0x01005000, 0x02000a00, 0x02000400, 0x02000600,
	0x01000000, 0x01005000, 0x02000a00, 0x02000400, 0x02000600, 0x01000000, 0x01005000, 0x02000a00, 0x02000400, 0x02000600, 0x01000000, 0x01005000,
	0x02006400, 0x02000300, 0x02000a00, 0x02000400, 0x02000600, 0x01000000, 0x01005000, 0x02000a00, 0x02000400, 0x02000600, 0x01000000, 0x01005000,
	0x02000a00, 0x02000400, 0x02000600, 0x01000000, 0x01005000, 0x02000a00, 0x02000400, 0x02000600, 0x01000000, 0x01005000, 0x02000a00, 0x02000400,
	0x02000600, 0x01000000, 0x01005000, 0x02000a00, 0x02000400, 0x02000600, 0x01000000, 0x01005000, 0x02000a00, 0x02000400, 0x02000600, 0x01000000,
	0x01005000, 0x02000a00, 0x02000400, 0x02000600, 0x01000000, 0x01005000, 0x02006400, 0x02000300, 0x02000100, 0x01005000, 0x02000a00, 0x02000400,
	0x02000600, 0x01000000, 0x01005000, 0x02000a00, 0x02000400, 0x02000600, 0x01000000, 0x01005000, 0x02000a00, 0x02000400, 0x02000600, 0x01000000,
	0x01005000, 0x02000a00, 0x02000400, 0x02000600, 0x01000000, 0x01005000, 0x02006400, 0x02000300, 0x02000a00, 0x02000400, 0x02000600, 0x01000000,
	0x01005000, 0x02000a00, 0x02000400, 0x02000600, 0x01000000, 0x01005000, 0x02000a00, 0x02000400, 0x02000600, 0x01000000, 0x01005000, 0x02000a00,
	0x02000400, 0x02000600, 0x01000000, 0x01005000, 0x02006400, 0x02000300, 0x02000a00, 0x02000400, 0x02000600, 0x01000000, 0x01005000, 0x02000a00,
	0x02000400, 0x02000600, 0x01000000, 0x01005000, 0x02000a00, 0x02000400, 0x02000600, 0x01000000, 0x01005000, 0x02000a00, 0x02000400, 0x02000600,
	0x01000000, 0x01005000, 0x02006400, 0x02000300, 0x02000100, 0x01005000, 0x02000a00, 0x02000400, 0x02000600, 0x01000000, 0x01005000, 0x02000a00,
	0x02000400, 0x02000600, 0x01000000, 0x01005000, 0x02000a00, 0x02000400, 0x02000600, 0x01000000, 0x01005000, 0x02000a00, 0x02000400, 0x02000600,
	0x01000000, 0x01005000, 0x02000a00, 0x02000400, 0x02000600, 0x01000000, 0x01005000, 0x02000a00, 0x02000400, 0x02000600, 0x01000000, 0x01005000,
	0x02000a00, 0x02000400, 0x02000600, 0x01000000, 0x01005000, 0x02000a00, 0x02000400, 0x02000600, 0x01000000, 0x01005000, 0x02000a00, 0x02000400,
	0x02000600, 0x01000000, 0x01005000, 0x02006400, 0x02000100, 0x01005000, 0x02000a00, 0x02000400, 0x02000600, 0x01000000, 0x01005000, 0x02006400,
	0x02000100, 0x01005000, 0x02000a00, 0x02000400, 0x02000600, 0x01000000, 0x01005000, 0x02006400, 0x02000300, 0x02000100, 0x01005000, 0x02006400,
	0x02000300, 0x02000100, 0x01005000, 0x02000a00, 0x02000400, 0x02000600, 0x01000000, 0x01005000, 0x02000a00, 0x02000400, 0x02000600, 0x01000000,
	0x01005000, 0x02000a00, 0x02000400, 0x02000600, 0x01000000, 0x01005000, 0x02000a00, 0x02000400, 0x02000600, 0x01000000, 0x01005000, 0x02000a00,
	0x02000400, 0x02000600, 0x01000000, 0x01005000, 0x02000a00, 0x02000400, 0x02000600, 0x01000000, 0x01005000, 0x02000a00, 0x02000400, 0x02000600,
	0x01000000, 0x01005000, 0x02000a00, 0x02000400, 0x02000600, 0x01000000, 0x01005000, 0x02000a00, 0x02000400, 0x02000600, 0x01000000, 0x01005000,
	0x02000a00, 0x02000400, 0x02000600, 0x01000000, 0x01005000, 0x02000a00, 0x02000400, 0x02000600, 0x01000000, 0x01005000, 0x02000a00, 0x02000400,
	0x02000600, 0x01000000, 0x01005000, 0x02000a00, 0x02000400, 0x02000600, 0x01000000, 0x01005000, 0x02000a00, 0x02000400, 0x02000600, 0x01000000,
	0x01005000, 0x02000a00, 0x02000400, 0x02000600, 0x01000000, 0x01005000, 0x02000a00, 0x02000400, 0x02000600, 0x01000000, 0x01005000, 0x02000a00,
	0x02000400, 0x02000600, 0x01000000, 0x01005000, 0x02000a00, 0x02000400, 0x02000600, 0x01000000, 0x01005000, 0x02000a00, 0x02000400, 0x02000600,
	0x01000000, 0x01005000, 0x02000a00, 0x02000400, 0x02000600, 0x01000000, 0x01005000, 0x02000a00, 0x02000400, 0x02000600, 0x01000000, 0x01005000,
	0x02000a00, 0x02000400, 0x02000600, 0x01000000, 0x01005000, 0x02000a00, 0x02000400, 0x02000600, 0x01000000, 0x01005000, 0x02000a00, 0x02000400,
	0x02000600, 0x01000000, 0x01005000, 0x02000a00, 0x02000400, 0x02000600, 0x01000000, 0x01005000, 0x02000a00, 0x02000400, 0x02000600, 0x01000000,
	0x01005000, 0x02000a00, 0x02000400, 0x02000600, 0x01000000, 0x01005000, 0x02000a00, 0x02000400, 0x02000600, 0x01000000, 0x01005000, 0x02006400,
	0x02000100, 0x01005000, 0x02000a00, 0x02000400, 0x02000600, 0x01000000, 0x01005000, 0x02006400, 0x02000300, 0x02000a00, 0x02000400, 0x02000600,
	0x01000000, 0x01005000, 0x02006400, 0x02000300, 0x02000a00, 0x02000400, 0x02000600, 0x01000000, 0x01005000, 0x02000a00, 0x02000400, 0x02000600,
	0x01000000, 0x01005000, 0x02006400, 0x02000300, 0x02000100, 0x01005000, 0x02006400, 0x02000100, 0x01005000, 0x02000a00, 0x02000400, 0x02000600,
	0x01000000, 0x01005000, 0x02000a00, 0x02000400, 0x02000600, 0x01000000, 0x01005000, 0x02000a00, 0x02000400, 0x02000600, 0x01000000, 0x01005000,
	0x02006400, 0x02000300, 0x02000a00, 0x02000400, 0x02000600, 0x01000000, 0x01005000, 0x02000a00, 0x02000400, 0x02000600, 0x01000000, 0x01005000,
	0x02000a00, 0x02000400, 0x02000600, 0x01000000, 0x01005000, 0x02000a00, 0x02000400, 0x02000600, 0x01000000, 0x01005000, 0x02000a00, 0x02000400,
	0x02000600, 0x01000000, 0x01005000, 0x02000a00, 0x02000400, 0x02000600, 0x01000000, 0x01005000, 0x02000a00, 0x02000400, 0x02000600, 0x01000000,
	0x01005000, 0x02000a00, 0x02000400, 0x02000600, 0x01000000, 0x01005000, 0x02006400, 0x02000300, 0x02000100, 0x01005000, 0x02006400, 0x02000300,
	0x02000100, 0x01005000, 0x02000a00, 0x02000400, 0x02000600, 0x01000000, 0x01005000, 0x02000a00, 0x02000400, 0x02000600, 0x01000000, 0x01005000,
	0x02000a00, 0x02000400, 0x02000600, 0x01000000, 0x01005000, 0x02000a00, 0x02000400, 0x02000600, 0x01000000, 0x01005000, 0x02000a00, 0x02000400,
	0x02000600, 0x01000000, 0x01005000, 0x02000a00, 0x02000400, 0x02000600, 0x01000000, 0x01005000, 0x02000a00, 0x02000400, 0x02000600, 0x01000000,
	0x01005000, 0x02000a00, 0x02000400, 0x02000600, 0x01000000, 0x01005000, 0x02006400, 0x02000100, 0x01005000, 0x02006400, 0x02000300, 0x02000a00,
	0x02000400, 0x02000600, 0x01000000, 0x01005000, 0x02000a00, 0x02000400, 0x02000600, 0x01000000, 0x01005000, 0x02000a00, 0x02000400, 0x02000600,
	0x01000000, 0x01005000, 0x02000a00, 0x02000400, 0x02000600, 0x01000000, 0x01005000, 0x02000a00, 0x02000400, 0x02000600, 0x01000000, 0x01005000,
	0x02000a00, 0x02000400, 0x02000600, 0x01000000, 0x01005000, 0x02000a00, 0x02000400, 0x02000600, 0x01000000, 0x01005000, 0x02000a00, 0x02000400,
	0x02000600, 0x01000000, 0x01005000, 0x02000a00, 0x02000400, 0x02000600, 0x01000000, 0x01005000, 0x02000a00, 0x02000400, 0x02000600, 0x01000000,
	0x01005000, 0x02000a00, 0x02000400, 0x02000600, 0x01000000, 0x01005000, 0x02000a00, 0x02000400, 0x02000600, 0x01000000, 0x01005000, 0x02000a00,
	0x02000400, 0x02000600, 0x01000000, 0x01005000, 0x02000a00, 0x02000400, 0x02000600, 0x01000000, 0x01005000, 0x02000a00, 0x02000400, 0x02000600,
	0x01000000, 0x01005000, 0x02000a00, 0x02000400, 0x02000600, 0x01000000, 0x01005000, 0x02000a00, 0x02000400, 0x02000600, 0x01000000, 0x01005000,
	0x02000a00, 0x02000400, 0x02000600, 0x01000000, 0x01005000, 0x02000a00, 0x02000400, 0x02000600, 0x01000000, 0x01005000, 0x02000a00, 0x02000400,
	0x02000600, 0x01000000, 0x01005000, 0x02000a00, 0x02000400, 0x02000600, 0x01000000, 0x01005000, 0x02000a00, 0x02000400, 0x02000600, 0x01000000,
	0x01005000, 0x02006400, 0x02000300, 0x02000100, 0x01005000, 0x02000a00, 0x02000400, 0x02000600, 0x01000000, 0x01005000, 0x02000a00, 0x02000400,
	0x02000600, 0x01000000, 0x01005000, 0x02000a00, 0x02000400, 0x02000600, 0x01000000, 0x01005000, 0x02006400, 0x02000100, 0x01005000, 0x02000a00,
	0x02000400, 0x02000600, 0x01000000, 0x01005000, 0x02000a00, 0x02000400, 0x02000600, 0x01000000, 0x01005000, 0x02000a00, 0x02000400, 0x02000600,
	0x01000000, 0x01005000, 0x02000a00, 0x02000400, 0x02000600, 0x01000000, 0x01005000, 0x02006400, 0x02000300, 0x02000100, 0x01005000, 0x02000a00,
	0x02000400, 0x02000600, 0x01000000, 0x01005000, 0x02006400, 0x02000300, 0x02000a00, 0x02000400, 0x02000600, 0x01000000, 0x01005000, 0x02000a00,
	0x02000400, 0x02000600, 0x01000000, 0x01005000, 0x02000a00, 0x02000400, 0x02000600, 0x01000000, 0x01005000, 0x02000a00, 0x02000400, 0x02000600,
	0x01000000, 0x01005000, 0x02006400, 0x02000100, 0x01005000, 0x02000a00, 0x02000400, 0x02000600, 0x01000000, 0x01005000, 0x02006400, 0x02000300,
	0x02000a00, 0x02000400, 0x02000600, 0x01000000, 0x01005000, 0x02000a00, 0x02000400, 0x02000600, 0x01000000, 0x01005000, 0x02000a00, 0x02000400,
	0x02000600, 0x01000000, 0x01005000, 0x02000a00, 0x02000400, 0x02000600, 0x01000000, 0x01005000, 0x02000a00, 0x02000400, 0x02000600, 0x01000000,
	0x01005000, 0x02006400, 0x02000300, 0x02000a00, 0x02000400, 0x02000600, 0x01000000, 0x01005000, 0x02000a00, 0x02000400, 0x02000600, 0x01000000,
	0x01005000, 0x02000a00, 0x02000400, 0x02000600, 0x01000000, 0x01005000, 0x02000a00, 0x02000400, 0x02000600, 0x01000000, 0x01005000, 0x02006400,
	0x02000300, 0x02000100, 0x01005000, 0x02000a00, 0x02000400, 0x02000600, 0x01000000, 0x01005000, 0x02000a00, 0x02000400, 0x02000600, 0x01000000,
	0x01005000, 0x02000a00, 0x02000400, 0x02000600, 0x01000000, 0x01005000, 0x02006400, 0x02000300, 0x02000100, 0x01005000, 0x02000a00, 0x02000400,
	0x02000600, 0x01000000, 0x01005000, 0x02000a00, 0x02000400, 0x02000600, 0x01000000, 0x01005000, 0x02006400, 0x02000300, 0x02000100, 0x01005000,
	0x02006400, 0x02000100, 0x01005000, 0x02000a00, 0x02000400, 0x02000600, 0x01000000, 0x01005000, 0x02000a00, 0x02000400, 0x02000600, 0x01000000,
	0x01005000, 0x02006400, 0x02000300, 0x02000100, 0x01005000, 0x02000a00, 0x02000400, 0x02000600, 0x01000000, 0x01005000, 0x02000a00, 0x02000400,
	0x02000600, 0x01000000, 0x01005000, 0x02000a00, 0x02000400, 0x02000600, 0x01000000, 0x01005000, 0x02000a00, 0x02000400, 0x02000600, 0x01000000,
	0x01005000, 0x02006400, 0x02000300, 0x02000a00, 0x02000400, 0x02000600, 0x01000000, 0x01005000, 0x02000a00, 0x02000400, 0x02000600, 0x01000000,
	0x01005000, 0x02000a00, 0x02000400, 0x02000600, 0x01000000, 0x01005000, 0x02000a00, 0x02000400, 0x02000600, 0x01000000, 0x01005000, 0x02000a00,
	0x02000400, 0x02000600, 0x01000000, 0x01005000, 0x02000a00, 0x02000400, 0x02000600, 0x01000000, 0x01005000, 0x02000a00, 0x02000400, 0x02000600,
	0x01000000, 0x01005000, 0x02000a00, 0x02000400, 0x02000600, 0x01000000, 0x01005000, 0x02000a00, 0x02000400, 0x02000600, 0x01000000, 0x01005000,
	0x02000a00, 0x02000400, 0x02000600, 0x01000000, 0x01005000, 0x02000a00, 0x02000400, 0x02000600, 0x01000000, 0x01005000, 0x02000a00, 0x02000400,
	0x02000600, 0x01000000, 0x01005000, 0x02000a00, 0x02000400, 0x02000600, 0x01000000, 0x01005000, 0x02000a00, 0x02000400, 0x02000600, 0x01000000,
	0x01005000, 0x02006400, 0x02000300, 0x02000100, 0x01005000, 0x02000a00, 0x02000400, 0x02000600, 0x01000000, 0x01005000, 0x02000a00, 0x02000400,
	0x02000600, 0x01000000, 0x01005000, 0x02006400, 0x02000300, 0x02000100, 0x01005000, 0x02000a00, 0x02000400, 0x02000600, 0x01000000, 0x01005000,
	0x02000a00, 0x02000400, 0x02000600, 0x01000000, 0x01005000, 0x02000a00, 0x02000400, 0x02000600, 0x01000000, 0x01005000, 0x02000a00, 0x02000400,
	0x02000600, 0x01000000, 0x01005000, 0x02000a00, 0x02000400, 0x02000600, 0x01000000, 0x01005000, 0x02000a00, 0x02000400, 0x02000600, 0x01000000,
	0x01005000, 0x02000a00, 0x02000400, 0x02000600, 0x01000000, 0x01005000, 0x02006400, 0x02000100, 0x01005000, 0x02000a00, 0x02000400, 0x02000600,
	0x01000000, 0x01005000, 0x02000a00, 0x02000400, 0x02000600, 0x01000000, 0x01005000, 0x02000a00, 0x02000400, 0x02000600, 0x01000000, 0x01005000,
	0x02000a00, 0x02000400, 0x02000600, 0x01000000, 0x01005000, 0x02000a00, 0x02000400, 0x02000600, 0x01000000, 0x01005000, 0x02000a00, 0x02000400,
	0x02000600, 0x01000000, 0x01005000, 0x02000a00, 0x02000400, 0x02000600, 0x01000000, 0x01005000, 0x02006400, 0x02000100, 0x01005000, 0x02000a00,
	0x02000400, 0x02000600, 0x01000000, 0x01005000, 0x02000a00, 0x02000400, 0x02000600, 0x01000000, 0x01005000, 0x02006400, 0x02000300, 0x02000100,
	0x01005000, 0x02006400, 0x02000100, 0x01005000, 0x02000a00, 0x02000400, 0x02000600, 0x01000000, 0x01005000, 0x02000a00, 0x02000400, 0x02000600,
	0x01000000, 0x01005000, 0x02000a00, 0x02000400, 0x02000600, 0x01000000, 0x01005000, 0x02000a00, 0x02000400, 0x02000600, 0x01000000, 0x01005000,
	0x02000a00, 0x02000400, 0x02000600, 0x01000000, 0x01005000, 0x02000a00, 0x02000400, 0x02000600, 0x01000000, 0x01005000, 0x02000a00, 0x02000400,
	0x02000600, 0x01000000, 0x01005000, 0x02000a00, 0x02000400, 0x02000600, 0x01000000, 0x01005000, 0x02006400, 0x02000100, 0x01005000, 0x02000a00,
	0x02000400, 0x02000600, 0x01000000, 0x01005000, 0x02000a00, 0x02000400, 0x02000600, 0x01000000, 0x01005000, 0x02000a00, 0x02000400, 0x02000600,
	0x01000000, 0x01005000, 0x02000a00, 0x02000400, 0x02000600, 0x01000000, 0x01005000, 0x02000a00, 0x02000400, 0x02000600, 0x01000000, 0x01005000,
	0x02000a00, 0x02000400, 0x02000600, 0x01000000, 0x01005000, 0x02000a00, 0x02000400, 0x02000600, 0x01000000, 0x01005000, 0x02000a00, 0x02000400,
	0x02000600, 0x01000000, 0x01005000, 0x02000a00, 0x02000400, 0x02000600, 0x01000000, 0x01005000, 0x02000a00, 0x02000400, 0x02000600, 0x01000000,
	0x01005000, 0x02000a00, 0x02000400, 0x02000600, 0x01000000, 0x01005000, 0x02000a00, 0x02000400, 0x02000600, 0x01000000, 0x01005000, 0x02000a00,
	0x02000400, 0x02000600, 0x01000000, 0x01005000, 0x02000a00, 0x02000400, 0x02000600, 0x01000000, 0x01005000, 0x02000a00, 0x02000400, 0x02000600,
	0x01000000, 0x01005000, 0x02000a00, 0x02000400, 0x02000600, 0x01000000, 0x01005000, 0x02000a00, 0x02000400, 0x02000600, 0x01000000, 0x01005000,
	0x02000a00, 0x02000400, 0x02000600, 0x01000000, 0x01005000, 0x02000a00, 0x02000400, 0x02000600, 0x01000000, 0x01005000, 0x02006400, 0x02000300,
	0x02000a00, 0x02000400, 0x02000600, 0x01000000, 0x01005000, 0x02000a00, 0x02000400, 0x02000600, 0x01000000, 0x01005000, 0x02006400, 0x02000100,
	0x01005000, 0x02000a00, 0x02000400, 0x02000600, 0x01000000, 0x01005000, 0x02000a00, 0x02000400, 0x02000600, 0x01000000, 0x01005000, 0x02000a00,
	0x02000400, 0x02000600, 0x01000000, 0x01005000, 0x02000a00, 0x02000400, 0x02000600, 0x01000000, 0x01005000, 0x02000a00, 0x02000400, 0x02000600,
	0x01000000, 0x01005000, 0x02000a00, 0x02000400, 0x02000600, 0x01000000, 0x01005000, 0x02006400, 0x02000300, 0x02000100, 0x01005000, 0x02006400,
	0x02000300, 0x02000100, 0x01005000, 0x02000a00, 0x02000400, 0x02000600, 0x01000000, 0x01005000, 0x02000a00, 0x02000400, 0x02000600, 0x01000000,
	0x01005000, 0x02000a00, 0x02000400, 0x02000600, 0x01000000, 0x01005000, 0x02000a00, 0x02000400, 0x02000600, 0x01000000, 0x01005000, 0x02000a00,
	0x02000400, 0x02000600, 0x01000000, 0x01005000, 0x02000a00, 0x02000400, 0x02000600, 0x01000000, 0x01005000, 0x02000a00, 0x02000400, 0x02000600,
	0x01000000, 0x01005000, 0x02000a00, 0x02000400, 0x02000600, 0x01000000, 0x01005000, 0x02000a00, 0x02000400, 0x02000600, 0x01000000, 0x01005000,
	0x02000a00, 0x02000400, 0x02000600, 0x01000000, 0x01005000, 0x02006400, 0x02000300, 0x02000a00, 0x02000400, 0x02000600, 0x01000000, 0x01005000,
	0x02006400, 0x02000100, 0x01005000, 0x02006400, 0x02000300, 0x02000100, 0x01005000, 0x02006400, 0x02000300, 0x02000a00, 0x02000400, 0x02000600,
	0x01000000, 0x01005000, 0x02000a00, 0x02000400, 0x02000600, 0x01000000, 0x01005000, 0x02000a00, 0x02000400, 0x02000600, 0x01000000, 0x01005000,
	0x02006400, 0x02000300, 0x02000100, 0x01005000, 0x02000a00, 0x02000400, 0x02000600, 0x01000000, 0x01005000, 0x02000a00, 0x02000400, 0x02000600,
	0x01000000, 0x01005000, 0x02000a00, 0x02000400, 0x02000600, 0x01000000, 0x01005000, 0x02000a00, 0x02000400, 0x02000600, 0x01000000, 0x01005000,
	0x02006400, 0x02000300, 0x02000100, 0x01005000, 0x02000a00, 0x02000400, 0x02000600, 0x01000000, 0x01005000, 0x02000a00, 0x02000400, 0x02000600,
	0x01000000, 0x01005000, 0x02006400, 0x02000100, 0x01005000, 0x02000a00, 0x02000400, 0x02000600, 0x01000000, 0x01005000, 0x02000a00, 0x02000400,
	0x02000600, 0x01000000, 0x01005000, 0x02000a00, 0x02000400, 0x02000600, 0x01000000, 0x01005000, 0x02000a00, 0x02000400, 0x02000600, 0x01000000,
	0x01005000, 0x02006400, 0x02000100, 0x01005000, 0x02000a00, 0x02000400, 0x02000600, 0x01000000, 0x01005000, 0x02000a00, 0x02000400, 0x02000600,
	0x01000000, 0x01005000, 0x02000a00, 0x02000400, 0x02000600, 0x01000000, 0x01005000, 0x02006400, 0x02000100, 0x01005000, 0x02000a00, 0x02000400,
	0x02000600, 0x01000000, 0x01005000, 0x02000a00, 0x02000400, 0x02000600, 0x01000000, 0x01005000, 0x02000a00, 0x02000400, 0x02000600, 0x01000000,
	0x01005000, 0x02000a00, 0x02000400, 0x02000600, 0x01000000, 0x01005000, 0x02000a00, 0x02000400, 0x02000600, 0x01000000, 0x01005000, 0x02006400,
	0x02000100, 0x01005000, 0x02000a00, 0x02000400, 0x02000600, 0x01000000, 0x01005000, 0x02000a00, 0x02000400, 0x02000600, 0x01000000, 0x01005000,
	0x02000a00, 0x02000400, 0x02000600, 0x01000000, 0x01005000, 0x02000a00, 0x02000400, 0x02000600, 0x01000000, 0x01005000, 0x02000a00, 0x02000400,
	0x02000600, 0x01000000, 0x01005000, 0x02000a00, 0x02000400, 0x02000600, 0x01000000, 0x01005000, 0x02000a00, 0x02000400, 0x02000600, 0x01000000,
	0x01005000, 0x02000a00, 0x02000400, 0x02000600, 0x01000000, 0x01005000, 0x02000a00, 0x02000400, 0x02000600, 0x01000000, 0x01005000, 0x02006400,
	0x02000300, 0x02000100, 0x01005000, 0x02000a00, 0x02000400, 0x02000600, 0x01000000, 0x01005000, 0x02000a00, 0x02000400, 0x02000600, 0x01000000,
	0x01005000, 0x02000a00, 0x02000400, 0x02000600, 0x01000000, 0x01005000, 0x02006400, 0x02000300, 0x02000a00, 0x02000400, 0x02000600, 0x01000000,
	0x01005000, 0x02000a00, 0x02000400, 0x02000600, 0x01000000, 0x01005000, 0x02000a00, 0x02000400, 0x02000600, 0x01000000, 0x01005000, 0x02006400,
	0x02000300, 0x02000100, 0x01005000, 0x02006400, 0x01000a00, 0x02000300, 0x02000e00, 0x01003200, 0x01001400, 0x01003200, 0x01003200, 0x02001400,
	0x02006300, 0x02000a00, 0x02000300, 0x02000700, 0x01003200, 0x02000400, 0x02006400, 0x02007800, 0x01003200, 0x01001400, 0x02000e00, 0x02007800,
	0x01003200, 0x02006400, 0x02000300, 0x01003200, 0x01000a00, 0x01003200, 0x01000a00, 0x01001400, 0x01001400, 0x02000300, 0x02006300, 0x02000a00,
	0x02000a00, 0x02000600, 0x01001400, 0x02000300, 0x01001400, 0x02000300, 0x02000300, 0x02000400, 0x01005000, 0x01000a00, 0x01003200, 0x01001400,
	0x01001400, 0x02000200, 0x02000300, 0x02000400, 0x02006400, 0x02007800, 0x01005000, 0x02000c00, 0x01005000, 0x02000b00, 0x01005000, 0x02000a00,
	0x01000000, 0x01005000, 0x02000900, 0x01005000, 0x02006400, 0x02000300, 0x01005000, 0x02000700, 0x01005000, 0x02000600, 0x01005000, 0x02006400,
	0x02000900, 0x01005000, 0x02006400, 0x02000300, 0x02000400, 0x01005000, 0x02000500, 0x01000000, 0x01005000, 0x02000400, 0x01005000, 0x02000300,
	0x01005000, 0x02000200, 0x02000a00, 0x02000400, 0x02000600, 0x01000000, 0x01005000, 0x02000200, 0x01005000, 0x02000a00, 0x02000400, 0x02000600,
	0x01000000, 0x01005000, 0x02000a00, 0x02000400, 0x02000600, 0x01000000, 0x01005000, 0x02000a00, 0x02000400, 0x02000600, 0x01000000, 0x01005000,
	0x02000a00, 0x02000400, 0x02000600, 0x01000000, 0x01005000, 0x02000a00, 0x02000400, 0x02000600, 0x01000000, 0x01005000, 0x02006400, 0x02000300,
	0x02000300, 0x01005000, 0x02006400, 0x02000700, 0x01005000, 0x02000a00, 0x02000400, 0x02000600, 0x01000000, 0x01005000, 0x02000a00, 0x02000400,
	0x02000600, 0x01000000, 0x01005000, 0x02000a00, 0x02000400, 0x02000600, 0x01000000, 0x01005000, 0x02000a00, 0x02000400, 0x02000600, 0x01000000,
	0x01005000, 0x02006400, 0x02000600, 0x01005000, 0x02000a00, 0x02000400, 0x02000600, 0x01000000, 0x01005000, 0x02000a00, 0x02000400, 0x02000600,
	0x01000000, 0x01005000, 0x02000a00, 0x02000400, 0x02000600, 0x01000000, 0x01005000, 0x02000a00, 0x02000400, 0x02000600, 0x01000000, 0x01005000,
	0x02000a00, 0x02000400, 0x02000600, 0x01000000, 0x01005000, 0x02006400, 0x01000a00, 0x02000300, 0x02000e00, 0x01003200, 0x01001400, 0x01003200,
	0x03000000, 0x03000000, 0x01003200, 0x02000400, 0x02006400, 0x02002400, 0x01003200, 0x02003c00, 0x02003c00, 0x02000600, 0x01003200, 0x01003200,
	0x01003200, 0x02000400, 0x01003200, 0x01003200, 0x02000400, 0x01003200, 0x02000400, 0x02000400, 0x02006400, 0x02007800, 0x02007800, 0x01003200,
	0x02007800, 0x02007800, 0x01003200, 0x01003200, 0x02000300, 0x01005000, 0x02000b00, 0x01005000, 0x02000c00, 0x02006400, 0x01000500, 0x02000400,
	0x02002300, 0x01003200, 0x02003c00, 0x02000600, 0x01003200, 0x02000a00, 0x01003200, 0x02000400, 0x01003200, 0x01003200, 0x02000400, 0x01003200,
	0x02000400, 0x02000400, 0x02006400, 0x02007800, 0x02007800, 0x01000500, 0x01000a00, 0x02001200, 0x01003200, 0x01003200, 0x02000400, 0x02007800,
	0x04000e03, 0x02007800, 0x01003200, 0x02007800, 0x02007800, 0x02007800, 0x02007800, 0x01003200, 0x03000000, 0x03000000, 0x03000000, 0x03000000,
	0x03000000, 0x03000000, 0x03000000, 0x03000000, 0x03000000, 0x03000000, 0x03000000, 0x03000000, 0x03000000, 0x03000000, 0x03000000, 0x03000000,
	0x01005000, 0x02006400, 0x02000500, 0x02000300, 0x01005000, 0x02000700, 0x02000700, 0x02000400, 0x02000600, 0x01000000, 0x01005000, 0x02000700,
	0x01005000, 0x02000600, 0x01005000, 0x02000500, 0x01000000, 0x01005000, 0x02000400, 0x01005000, 0x02000300, 0x02000700, 0x02000400, 0x02000600,
	0x01000000, 0x01005000, 0x02000300, 0x01005000, 0x02006400, 0x02000300, 0x02000300, 0x01000000, 0x01005000, 0x02000200, 0x02000700, 0x02000400,
	0x02000600, 0x01000000, 0x01005000, 0x02000200, 0x02000700, 0x02000400, 0x02000600, 0x01000000, 0x01005000, 0x02000200, 0x01000000, 0x01005000,
	0x02006400, 0x02000300, 0x01005000, 0x02000700, 0x02000400, 0x02000600, 0x01000000, 0x01005000, 0x02000700, 0x02000400, 0x02000600, 0x01000000,
	0x01005000, 0x02006400, 0x02000500, 0x02000200, 0x01005000, 0x02000700, 0x01000000, 0x01005000, 0x02006400, 0x02000400, 0x02000300, 0x01000000,
	0x01005000, 0x02006400, 0x02000500, 0x02000e00, 0x01001400, 0x01003200, 0x03000000, 0x03000000, 0x03000000, 0x03000000, 0x03000000, 0x03000000,
	0x03000000, 0x03000000, 0x02007800, 0x01003200, 0x01003200, 0x02000300, 0x01003200, 0x02002000, 0x01005000, 0x02000c00, 0x01000000, 0x01005000,
	0x02000b00, 0x02006400, 0x02007800, 0x01003200, 0x01000000, 0x02007800, 0x01000500, 0x01000a00, 0x02001200, 0x01003200, 0x01003200, 0x02000400,
	0x02007800, 0x01003200, 0x02007800, 0x02007800, 0x01003200, 0x03000000, 0x03000000, 0x03000000, 0x03000000, 0x03000000, 0x03000000, 0x03000000,
	0x03000000, 0x01005000, 0x02006400, 0x02000400, 0x01005000, 0x02006400, 0x02000700, 0x02000100, 0x01005000, 0x02000a00, 0x02000a00, 0x02000400,
	0x02000600, 0x01000000, 0x01005000, 0x02000a00, 0x01000000, 0x01005000, 0x02000900, 0x02007800, 0x01000500, 0x01000a00, 0x02001200, 0x01003200,
	0x01003200, 0x02000400, 0x02007800, 0x01000500, 0x01000a00, 0x02001200, 0x01003200, 0x01003200, 0x02000400, 0x02007800, 0x01000500, 0x01000a00,
	0x02001200, 0x01003200, 0x01003200, 0x02000400, 0x02007800, 0x02000e00, 0x02007800, 0x01000500, 0x01000a00, 0x02001200, 0x01003200, 0x01003200,
	0x02000400, 0x02007800, 0x01000500, 0x01000a00, 0x02001200, 0x01003200, 0x01003200, 0x02000400, 0x02007800, 0x02000e00, 0x02007800, 0x02006400,
	0x02000400, 0x02000200, 0x02007800, 0x02006400, 0x02000700, 0x01000000, 0x02006400, 0x02000400, 0x02000200, 0x02007800, 0x02006400, 0x02000700,
	0x02007800, 0x01000500, 0x01000a00, 0x02001200, 0x01003200, 0x01003200, 0x02000400, 0x02007800, 0x01000500, 0x01000a00, 0x02001200, 0x01003200,
	0x01003200, 0x02000400, 0x02007800, 0x02006400, 0x02003300, 0x02007800, 0x01000500, 0x01000a00, 0x02001200, 0x01003200, 0x01003200, 0x02000400,
	0x02007800, 0x01000500, 0x01000a00, 0x02001200, 0x01003200, 0x01003200, 0x02000400, 0x02007800, 0x01000500, 0x01000a00, 0x02001200, 0x01003200,
	0x01003200, 0x02000400, 0x02007800, 0x01000500, 0x01000a00, 0x02001200, 0x01003200, 0x01003200, 0x02000400, 0x02007800, 0x01000500, 0x01000a00,
	0x02001200, 0x01003200, 0x01003200, 0x02000400, 0x02007800, 0x01000500, 0x01000a00, 0x01003200, 0x01003200, 0x01003200, 0x02000400, 0x02001c00,
	0x04007804, 0x02006400, 0x02000400, 0x01003200, 0x02001000, 0x02007800, 0x01000500, 0x01000a00, 0x02001200, 0x01003200, 0x01003200, 0x02000400,
	0x02007800, 0x01000500, 0x01000a00, 0x02001200, 0x01003200, 0x01003200, 0x02000400, 0x02007800, 0x01000500, 0x01000a00, 0x02001200, 0x01003200,
	0x01003200, 0x02000400, 0x02007800, 0x01000500, 0x01000a00, 0x02001200, 0x01003200, 0x01003200, 0x02000400, 0x02007800, 0x01000500, 0x01000a00,
	0x01003200, 0x01003200, 0x01003200, 0x02000400, 0x02001c00, 0x02007800, 0x02006400, 0x02000400, 0x01003200, 0x01000a00, 0x01003200, 0x01000a00,
	0x01003200, 0x01000a00, 0x01003200, 0x01000a00, 0x01003200, 0x01000a00, 0x01001400, 0x01001400, 0x02006300, 0x02000a00, 0x02000300, 0x02000600,
	0x04007806, 0x02006400, 0x0400780e, 0x01003200, 0x01003200, 0x02000300, 0x04007802, 0x02006400, 0x02000700, 0x02006400, 0x04007805, 0x02006400,
	0x02003300, 0x02007800, 0x01003200, 0x01003200, 0x02001400, 0x04007802, 0x02006400, 0x02000400, 0x02000200, 0x01000000, 0x02006400, 0x02000400,
	0x02000700, 0x02006400, 0x04007802, 0x01003200, 0x03000000, 0x03000000, 0x03000000, 0x03000000, 0x03000000, 0x03000000, 0x03000000, 0x03000000,
	0x02007800, 0x02006400, 0x02000400, 0x04000e02, 0x01003200, 0x01000a00, 0x01001400, 0x01003200, 0x03000000, 0x03000000, 0x03000000, 0x03000000,
	0x03000000, 0x03000000, 0x03000000, 0x03000000, 0x04007807, 0x01003200, 0x03000000, 0x03000000, 0x03000000, 0x03000000, 0x03000000, 0x03000000,
	0x03000000, 0x03000000, 0x02007800, 0x02006400, 0x02003300, 0x02000400, 0x02000400, 0x02000900, 0x0400780a, 0x01003200, 0x03000000, 0x03000000,
	0x04007805, 0x01003200, 0x03000000, 0x03000000, 0x03000000, 0x03000000, 0x03000000, 0x03000000, 0x03000000, 0x03000000, 0x01005000, 0x02000c00,
	0x02006400, 0x02007800, 0x01003200, 0x01001400, 0x02000e00, 0x02007800, 0x01003200, 0x02006400, 0x02000400, 0x01005000, 0x01000a00, 0x01003200,
	0x01001400, 0x01001400, 0x02006300, 0x02000a00, 0x02000100, 0x02000300, 0x01005000, 0x01000a00, 0x01003200, 0x01001400, 0x01001400, 0x02006300,
	0x02000a00, 0x02000a00, 0x02000a00, 0x02001800, 0x02000800, 0x02000600, 0x02000100, 0x01005000, 0x01000a00, 0x01003200, 0x01001400, 0x01001400,
	0x02006400, 0x02000100, 0x02000200, 0x02006400, 0x01000500, 0x01000a00, 0x02001200, 0x01003200, 0x01003200, 0x02000400, 0x02007800, 0x01003200,
	0x03000000, 0x03000000, 0x03000000, 0x03000000, 0x03000000, 0x03000000, 0x03000000, 0x03000000, 0x03000000, 0x03000000, 0x03000000, 0x03000000,
	0x03000000, 0x03000000, 0x03000000, 0x03000000, 0x02007800, 0x01000500, 0x01000a00, 0x02001200, 0x01003200, 0x01003200, 0x02000400, 0x02007800,
	0x01000500, 0x01000a00, 0x02001200, 0x01003200, 0x01003200, 0x02000400, 0x02007800, 0x01003200, 0x02007800, 0x02007800, 0x02006400, 0x02000f00,
	0x02000800, 0x02000600, 0x02000100, 0x02006400, 0x02000f00, 0x01005000, 0x02006400, 0x02000700, 0x02007800, 0x02000200, 0x01004b00, 0x02006400,
	0x04007802, 0x01003200, 0x03000000, 0x03000000, 0x03000000, 0x03000000, 0x04006402, 0x02006400, 0x02001c00, 0x02000100, 0x02000400, 0x02006400,
	0x01002800, 0x02006400, 0x02001200, 0x01003200, 0x02003c00, 0x02003c00, 0x02000600, 0x01003200, 0x01003200, 0x01003200, 0x02000400, 0x01003200,
	0x01003200, 0x02000400, 0x01003200, 0x02000400, 0x02000400, 0x02006400, 0x02007800, 0x01003200, 0x01000000, 0x02007800, 0x02000e00, 0x02007800,
	0x01003200, 0x02007800, 0x02007800, 0x01000500, 0x01000a00, 0x02001200, 0x01003200, 0x01003200, 0x02000400, 0x02007800, 0x01000500, 0x01000a00,
	0x02001200, 0x01003200, 0x01003200, 0x02000400, 0x02007800, 0x01000500, 0x01000a00, 0x02001200, 0x01003200, 0x01003200, 0x02000400, 0x02007800,
	0x02006400, 0x02003300, 0x02000400, 0x02007800, 0x01000500, 0x01000a00, 0x02001200, 0x01003200, 0x01003200, 0x02000400, 0x02007800, 0x04000e02,
	0x02007800, 0x02000e00, 0x02007800, 0x01000500, 0x01000a00, 0x02001200, 0x01003200, 0x01003200, 0x02000400, 0x02007800, 0x01000500, 0x01000a00,
	0x02001200, 0x01003200, 0x01003200, 0x02000400, 0x02007800, 0x01003200, 0x02007800, 0x02007800, 0x01000500, 0x01000a00, 0x02001200, 0x01003200,
	0x01003200, 0x02000400, 0x02007800, 0x01003200, 0x02007800, 0x02007800, 0x01003200, 0x01003200, 0x02000300, 0x01005000, 0x02000200, 0x01005000,
	0x01005000, 0x01001400, 0x01001400, 0x01001400, 0x01003200, 0x03000000, 0x03000000, 0x03000000, 0x03000000, 0x03000000, 0x03000000, 0x03000000,
	0x03000000, 0x03000000, 0x03000000, 0x03000000, 0x03000000, 0x03000000, 0x03000000, 0x03000000, 0x03000000, 0x02007800, 0x01000500, 0x01000a00,
	0x02001200, 0x01003200, 0x01003200, 0x02000400, 0x02007800, 0x01000500, 0x01000a00, 0x02001200, 0x01003200, 0x01003200, 0x02000400, 0x02007800,
	0x01000500, 0x01000a00, 0x02001200, 0x01003200, 0x01003200, 0x02000400, 0x02007800, 0x02000e00, 0x02007800, 0x04000e02, 0x02007800, 0x01000500,
	0x01000a00, 0x02001200, 0x01003200, 0x01003200, 0x02000400, 0x02007800, 0x01000500, 0x01000a00, 0x02001200, 0x01003200, 0x01003200, 0x02000400,
	0x02007800, 0x01000500, 0x01000a00, 0x02001200, 0x01003200, 0x01003200, 0x02000400, 0x02007800, 0x01003200, 0x01003200, 0x02000300, 0x01003200,
	0x02007800, 0x01000500, 0x01000a00, 0x02001200, 0x01003200, 0x01003200, 0x02000400, 0x02007800, 0x01000500, 0x01000a00, 0x02001200, 0x01003200,
	0x01003200, 0x02000400, 0x02007800, 0x01000500, 0x01000a00, 0x02001200, 0x01003200, 0x01003200, 0x02000400, 0x02007800, 0x02006400, 0x02000700,
	0x02000200, 0x02006400, 0x02000400, 0x02007800, 0x02000e00, 0x02007800, 0x01000500, 0x01000a00, 0x01003200, 0x01003200, 0x01003200, 0x02000400,
	0x02001c00, 0x02007800, 0x02006400, 0x02000200, 0x04007803, 0x01003200, 0x01000a00, 0x01003200, 0x01000a00, 0x01003200, 0x01000a00, 0x02007800,
	0x01003200, 0x02006400, 0x01001400, 0x01001400, 0x01005000, 0x02006400, 0x02007800, 0x01000500, 0x01000a00, 0x02001200, 0x01003200, 0x01003200,
	0x02000400, 0x02007800, 0x02006400, 0x02000200, 0x01003200, 0x01000a00, 0x01001400, 0x01003200, 0x01003200, 0x02000300, 0x02007800, 0x01003200,
	0x04007802, 0x02007800, 0x01000500, 0x01000a00, 0x02001200, 0x01003200, 0x01003200, 0x02000400, 0x02007800, 0x02006400, 0x02000700, 0x02006400,
	0x02000600, 0x02007800, 0x01000500, 0x01000a00, 0x02001200, 0x01003200, 0x01003200, 0x02000400, 0x02007800, 0x01000500, 0x01000a00, 0x02001200,
	0x01003200, 0x01003200, 0x02000400, 0x02007800, 0x01000500, 0x01000a00, 0x02001200, 0x01003200, 0x01003200, 0x02000400, 0x02007800, 0x01003200,
	0x02007800, 0x02007800, 0x02007800, 0x02007800, 0x01000500, 0x01000a00, 0x02001200, 0x01003200, 0x01003200, 0x02000400, 0x02007800, 0x04000e02,
	0x02007800, 0x01000500, 0x01000a00, 0x02001200, 0x01003200, 0x01003200, 0x02000400, 0x02007800, 0x01000500, 0x01000a00, 0x02001200, 0x01003200,
	0x01003200, 0x02000400, 0x02007800, 0x01000500, 0x01000a00, 0x02001200, 0x01003200, 0x01003200, 0x02000400, 0x02007800, 0x01000500, 0x01000a00,
	0x02001200, 0x01003200, 0x01003200, 0x02000400, 0x02007800, 0x01000500, 0x01000a00, 0x02001200, 0x01003200, 0x01003200, 0x02000400, 0x02007800,
	0x01000500, 0x02000400, 0x01003200, 0x02000400, 0x02007800, 0x01000500, 0x01000a00, 0x02001200, 0x01003200, 0x01003200, 0x02000400, 0x02007800,
	0x01000500, 0x01000a00, 0x02001200, 0x01003200, 0x01003200, 0x02000400, 0x02007800, 0x01003200, 0x02007800, 0x02007800, 0x01000500, 0x02000400,
	0x01003200, 0x02000400, 0x02007800, 0x01000500, 0x01000a00, 0x02001200, 0x01003200, 0x01003200, 0x02000400, 0x02007800, 0x02006400, 0x02000400,
	0x02007800, 0x02006400, 0x02000400, 0x02006400, 0x02000200, 0x04000e02, 0x01003200, 0x01000a00, 0x01001400, 0x01003200, 0x01003200, 0x02000300,
	0x02006300, 0x02000a00, 0x02000200, 0x02000500, 0x01005000, 0x02006400, 0x02000200, 0x02007800, 0x02006400, 0x02003300, 0x02007800, 0x02006400,
	0x02000200, 0x01003200, 0x01000a00, 0x01001400, 0x01003200, 0x01003200, 0x02000300, 0x01003200, 0x02007800, 0x02006400, 0x02000200, 0x02000200,
	0x02000500, 0x04007803, 0x02006400, 0x02000700, 0x02006400, 0x02000600, 0x02006400, 0x01000a00, 0x02000200, 0x02000e00, 0x01003200, 0x01000a00,
	0x01001400, 0x01003200, 0x01003200, 0x02001400, 0x02007800, 0x02006400, 0x02000200, 0x02000300, 0x02000500, 0x04007803, 0x02006400, 0x02000400,
	0x01003200, 0x04007802, 0x02006400, 0x02000a00, 0x02006400, 0x01000a00, 0x02000200, 0x02000e00, 0x01003200, 0x01000a00, 0x01001400, 0x01003200,
	0x03000000, 0x03000000, 0x03000000, 0x03000000, 0x03000000, 0x03000000, 0x03000000, 0x03000000, 0x02007800, 0x01003200, 0x03000000, 0x03000000,
	0x03000000, 0x03000000, 0x04007803, 0x02006400, 0x02000400, 0x01005000, 0x02000400, 0x01005000, 0x02000300, 0x01000000, 0x01005000, 0x02000200,
	0x01005000, 0x01005000, 0x02006400, 0x02000300, 0x02000300, 0x01005000, 0x01001400, 0x01001400, 0x01000000, 0x01005000, 0x01001400, 0x01001400,
	0x01001400, 0x01003200, 0x01003200, 0x02001400, 0x01005000, 0x02006400, 0x02000200, 0x04007807, 0x02006400, 0x02000400, 0x02007800, 0x02006400,
	0x02000200, 0x04007803, 0x02006400, 0x02003300, 0x01005000, 0x02000200, 0x01000000, 0x01005000, 0x01005000, 0x01001400, 0x01001400, 0x02000200,
	0x02000500, 0x0400780c, 0x02006400, 0x02000300, 0x02000a00, 0x02000500, 0x01000000, 0x02006400, 0x02000300, 0x01000000, 0x02006400, 0x02000400,
	0x04007803, 0x02006400, 0x02000200, 0x02007800, 0x01003200, 0x03000000, 0x03000000, 0x03000000, 0x03000000, 0x03000000, 0x03000000, 0x03000000,
	0x03000000, 0x03000000, 0x03000000, 0x03000000, 0x03000000, 0x03000000, 0x03000000, 0x03000000, 0x03000000, 0x01003200, 0x02004000, 0x04007814,
	0x02006400, 0x02000200, 0x02000300, 0x02000500, 0x04007802, 0x02006400, 0x02000400, 0x04007804, 0x02006400, 0x02000400, 0x02000300, 0x02006400,
	0x02000400, 0x02000300, 0x02006400, 0x02000200, 0x04007806, 0x01003200, 0x01003200, 0x02001400, 0x04007803, 0x02006400, 0x02000200, 0x01005000,
	0x04007805, 0x01003200, 0x03000000, 0x03000000, 0x03000000, 0x03000000, 0x03000000, 0x03000000, 0x03000000, 0x03000000, 0x04007802, 0x01003200,
	0x03000000, 0x03000000, 0x03000000, 0x03000000, 0x03000000, 0x03000000, 0x03000000, 0x03000000, 0x03000000, 0x03000000, 0x03000000, 0x03000000,
	0x03000000, 0x03000000, 0x03000000, 0x03000000, 0x02007800, 0x02006400, 0x02000400, 0x0400780b, 0x01003200, 0x01003200, 0x02000300, 0x0400780b,
	0x01003200, 0x01003200, 0x02001400, 0x04007804, 0x01003200, 0x03000000, 0x03000000, 0x04007803, 0x02006400, 0x02001c00, 0x01005000, 0x02006400,
	0x02000200, 0x01001400, 0x01003200, 0x03000000, 0x03000000, 0x03000000, 0x03000000, 0x03000000, 0x03000000, 0x03000000, 0x03000000, 0x0400780b,
	0x02006400, 0x02000400, 0x01005000, 0x02000200, 0x04006402, 0x01000500, 0x02000400, 0x02001500, 0x02001400, 0x01003200, 0x02003c00, 0x02003c00,
	0x02000600, 0x01003200, 0x01003200, 0x01003200, 0x02000400, 0x01003200, 0x01003200, 0x02000400, 0x01003200, 0x02000400, 0x02000400, 0x02006400,
	0x02006400, 0x02000200, 0x02006400, 0x02000100, 0x01001400, 0x01001400, 0x02000600, 0x02006400, 0x02006400, 0x02000200, 0x02000900, 0x01000000,
	0x02006400, 0x02000300, 0x01001400, 0x01001400, 0x02006300, 0x02000a00, 0x02000a00, 0x02000a00, 0x02002800, 0x01001400, 0x01001400, 0x02000300,
	0x01001400, 0x02000300, 0x01001400, 0x01001400, 0x01001400, 0x02000300, 0x01001400, 0x01001400, 0x01001400, 0x02000300, 0x01001400, 0x02000300,
	0x01001400, 0x02000300, 0x01001400, 0x02000300, 0x01001400, 0x02000300, 0x01001400, 0x02000300, 0x01001400, 0x01001400, 0x02000300, 0x01001400,
	0x02000300, 0x01001400, 0x02000300, 0x01001400, 0x01001400, 0x02000300, 0x01001400, 0x02000300, 0x01001400, 0x01001400, 0x01001400, 0x02000300,
	0x01001400, 0x02000300, 0x01001400, 0x02000300, 0x01001400, 0x02000300, 0x01001400, 0x02000300, 0x01001400, 0x02000300, 0x01001400, 0x01001400,
	0x02000300, 0x01001400, 0x02000300, 0x02000800, 0x02000100, 0x02000a00, 0x02006400, 0x02006400, 0x02000300, 0x01001400, 0x01001400, 0x02000400,
	0x02006400, 0x02007800, 0x01003200, 0x01001400, 0x02001c00, 0x02007800, 0x01003200, 0x02006400, 0x02000100, 0x01003200, 0x01000a00, 0x01003200,
	0x01000a00, 0x01003200, 0x01000a00, 0x01001400, 0x01001400, 0x02006300, 0x02000a00, 0x02000a00, 0x02001800, 0x01001400, 0x01001400, 0x01001400,
	0x01001400, 0x01003200, 0x01003200, 0x02001400, 0x02006300, 0x02000a00, 0x02000100, 0x02000300, 0x02000700, 0x02000700, 0x01005000, 0x01005000,
	0x01000a00, 0x01003200, 0x01001400, 0x01001400, 0x02000300, 0x02006400, 0x02006400, 0x02000100, 0x01001400, 0x01001400, 0x02000600, 0x02006400,
	0x02006400, 0x02000300, 0x01001400, 0x01003200, 0x03000000, 0x03000000, 0x03000000, 0x03000000, 0x03000000, 0x03000000, 0x03000000, 0x03000000,
	0x02006300, 0x02000a00, 0x02000400, 0x01003200, 0x03000000, 0x03000000, 0x03000000, 0x03000000, 0x03000000, 0x03000000, 0x03000000, 0x03000000,
	0x01003200, 0x01003200, 0x02001400, 0x01003200, 0x01003200, 0x02001400, 0x02000800, 0x02006400, 0x02006400, 0x02000300, 0x02000200, 0x02000800,
	0x02006400, 0x02006400, 0x02000200, 0x02006400, 0x02000300, 0x02006400, 0x02000300, 0x01001400, 0x01001400, 0x02000200, 0x02000400, 0x02006400,
	0x02001200, 0x01003200, 0x02003c00, 0x02000600, 0x01003200, 0x02000a00, 0x01003200, 0x02000400, 0x01003200, 0x01003200, 0x02000400, 0x01003200,
	0x02000400, 0x02000400, 0x02006400, 0x02007800, 0x01003200, 0x01000000, 0x02007800, 0x01000500, 0x01000a00, 0x02001200, 0x01003200, 0x01003200,
	0x02000400, 0x02007800, 0x01000500, 0x01000a00, 0x02001200, 0x01003200, 0x01003200, 0x02000400, 0x02007800, 0x01003200, 0x01003200, 0x02000300,
	0x02007800, 0x01000500, 0x01000a00, 0x02001200, 0x01003200, 0x01003200, 0x02000400, 0x02007800, 0x02006400, 0x02000400, 0x02007800, 0x01000500,
	0x01000a00, 0x02001200, 0x01003200, 0x01003200, 0x02000400, 0x02007800, 0x01000500, 0x02000400, 0x01003200, 0x02000400, 0x02007800, 0x01003200,
	0x01003200, 0x02000300, 0x02007800, 0x01000500, 0x01000a00, 0x02001200, 0x01003200, 0x01003200, 0x02000400, 0x02007800, 0x01000500, 0x01000a00,
	0x02001200, 0x01003200, 0x01003200, 0x02000400, 0x02007800, 0x01000500, 0x01000a00, 0x02001200, 0x01003200, 0x01003200, 0x02000400, 0x02007800,
	0x02006400, 0x02003700, 0x02007800, 0x01000500, 0x01000a00, 0x02001200, 0x01003200, 0x01003200, 0x02000400, 0x02007800, 0x02006400, 0x02000200,
	0x04000e02, 0x01003200, 0x01000a00, 0x01001400, 0x01003200, 0x03000000, 0x03000000, 0x03000000, 0x03000000, 0x03000000, 0x03000000, 0x03000000,
	0x03000000, 0x03000000, 0x03000000, 0x03000000, 0x03000000, 0x03000000, 0x03000000, 0x03000000, 0x03000000, 0x02007800, 0x01000500, 0x02000400,
	0x01003200, 0x02000400, 0x02007800, 0x02000e00, 0x02007800, 0x01000500, 0x01000a00, 0x02001200, 0x01003200, 0x01003200, 0x02000400, 0x02007800,
	0x01000500, 0x01000a00, 0x02001200, 0x01003200, 0x01003200, 0x02000400, 0x02007800, 0x01000500, 0x01000a00, 0x02001200, 0x01003200, 0x01003200,
	0x02000400, 0x02007800, 0x01000500, 0x02000400, 0x01003200, 0x02000400, 0x02007800, 0x01003200, 0x01003200, 0x02000300, 0x02007800, 0x01000500,
	0x01000a00, 0x02001200, 0x01003200, 0x01003200, 0x02000400, 0x02007800, 0x01000500, 0x01000a00, 0x02001200, 0x01003200, 0x01003200, 0x02000400,
	0x02007800, 0x01003200, 0x03000000, 0x03000000, 0x02007800, 0x02000e00, 0x02007800, 0x01000500, 0x01000a00, 0x02001200, 0x01003200, 0x01003200,
	0x02000400, 0x02007800, 0x01000500, 0x01000a00, 0x02001200, 0x01003200, 0x01003200, 0x02000400, 0x02007800, 0x02006400, 0x02000200, 0x01003200,
	0x02001000, 0x02007800, 0x01000500, 0x01000a00, 0x02001200, 0x01003200, 0x01003200, 0x02000400, 0x02007800, 0x02006400, 0x02000200, 0x04007806,
	0x02006400, 0x02003700, 0x04007802, 0x02006400, 0x02000200, 0x02000e00, 0x01003200, 0x01000a00, 0x01001400, 0x01003200, 0x01003200, 0x02000300,
	0x04007805, 0x01003200, 0x01003200, 0x02000300, 0x04007807, 0x01003200, 0x01003200, 0x02001400, 0x02007800, 0x01003200, 0x01003200, 0x02000300,
	0x04007804, 0x02006400, 0x02000300, 0x01000000, 0x02006400, 0x02000200, 0x02007800, 0x01003200, 0x03000000, 0x03000000, 0x04007804, 0x01003200,
	0x03000000, 0x03000000, 0x04007805, 0x02006400, 0x02002100, 0x02000300, 0x01005000, 0x02000300, 0x02006400, 0x02000400, 0x02006400, 0x02007800,
	0x02000200, 0x01004b00, 0x01005000, 0x02000300, 0x01005000, 0x02000200, 0x01005000, 0x01005000, 0x02006400, 0x02000400, 0x01003200, 0x01001400,
	0x01003200, 0x03000000, 0x03000000, 0x03000000, 0x03000000, 0x03000000, 0x03000000, 0x03000000, 0x03000000, 0x01005000, 0x01003200, 0x01000a00,
	0x01003200, 0x01001400, 0x01001400, 0x02000700, 0x02006300, 0x02000a00, 0x02000100, 0x02000200, 0x01005000, 0x02000200, 0x01005000, 0x02000200,
	0x01005000, 0x02000200, 0x01005000, 0x02000200, 0x01005000, 0x02000200, 0x01005000, 0x02000200, 0x01005000, 0x02006400, 0x02000400, 0x01003200,
	0x01001400, 0x01003200, 0x01003200, 0x02000300, 0x01005000, 0x02000200, 0x01005000, 0x02000200, 0x01005000, 0x02000200, 0x01005000, 0x02000200,
	0x01005000, 0x02000200, 0x01005000, 0x02000200, 0x01005000, 0x02000200, 0x01005000, 0x02000200, 0x01005000, 0x02000200, 0x01005000, 0x02006400,
	0x02000d00, 0x02000300, 0x01005000, 0x02000200, 0x01005000, 0x02006400, 0x02000400, 0x02000200, 0x01005000, 0x02000200, 0x01005000, 0x02000200,
	0x01005000, 0x02006400, 0x02000400, 0x02000200, 0x01005000, 0x02006400, 0x01000a00, 0x02000400, 0x02000e00, 0x01003200, 0x01001400, 0x01003200,
	0x03000000, 0x03000000, 0x03000000, 0x03000000, 0x03000000, 0x03000000, 0x03000000, 0x03000000, 0x03000000, 0x03000000, 0x03000000, 0x03000000,
	0x03000000, 0x03000000, 0x03000000, 0x03000000, 0x02006300, 0x02000a00, 0x02000100, 0x02000300, 0x01003200, 0x02000400, 0x02006400, 0x02007800,
	0x01000500, 0x01000a00, 0x02001200, 0x01003200, 0x01003200, 0x02000400, 0x02007800, 0x02006400, 0x02000700, 0x02007800, 0x01003200, 0x01003200,
	0x02000300, 0x02000400, 0x02006400, 0x02007800, 0x01003200, 0x01000000, 0x02007800, 0x01000500, 0x01000a00, 0x02001200, 0x01003200, 0x01003200,
	0x02000400, 0x02007800, 0x01000500, 0x01000a00, 0x02001200, 0x01003200, 0x01003200, 0x02000400, 0x02007800, 0x02006400, 0x02000500, 0x01000000,
	0x02006400, 0x02000300, 0x02000200, 0x02000a00, 0x02006400, 0x02000500, 0x02006400, 0x02000300, 0x01000000, 0x02006400, 0x02000500, 0x02007800,
	0x02006400, 0x02000500, 0x01000000, 0x02006400, 0x02000300, 0x01000000, 0x02006400, 0x02000200, 0x02006400, 0x02000500, 0x02007800, 0x02006400,
	0x02000500, 0x01000000, 0x02006400, 0x02003700, 0x01005000, 0x02000600, 0x01005000, 0x02000500, 0x01005000, 0x02000400, 0x01005000, 0x02000300,
	0x02006400, 0x02006400, 0x02000f00, 0x02000400, 0x02006400, 0x02007800, 0x02007800, 0x01003200, 0x01003200, 0x02000300, 0x01005000, 0x02000600,
	0x02006400, 0x02001300, 0x01003200, 0x02003c00, 0x02003c00, 0x02000600, 0x01003200, 0x01003200, 0x01003200, 0x02000400, 0x01003200, 0x01003200,
	0x02000400, 0x01003200, 0x02000400, 0x02000400, 0x02006400, 0x01002800, 0x04006402, 0x04006402, 0x02006400, 0x02007800, 0x02007800, 0x01003200,
	0x02007800, 0x02007800, 0x01000500, 0x01000a00, 0x01003200, 0x01003200, 0x01003200, 0x02000400, 0x02001c00, 0x02007800, 0x02006400, 0x02000600,
	0x01003200, 0x01000a00, 0x01003200, 0x01000a00, 0x01001400, 0x01001400, 0x04007802, 0x04000e02, 0x02007800, 0x01000500, 0x01000a00, 0x02001200,
	0x01003200, 0x01003200, 0x02000400, 0x02007800, 0x01000500, 0x01000a00, 0x01003200, 0x01003200, 0x01003200, 0x02000400, 0x02001c00, 0x04007803,
	0x04000e03, 0x02007800, 0x01003200, 0x02007800, 0x02007800, 0x01000500, 0x01000a00, 0x02001200, 0x01003200, 0x01003200, 0x02000400, 0x02007800,
	0x01003200, 0x02007800, 0x02007800, 0x01000500, 0x01000a00, 0x02001200, 0x01003200, 0x01003200, 0x02000400, 0x02007800, 0x01000500, 0x01000a00,
	0x02001200, 0x01003200, 0x01003200, 0x02000400, 0x02007800, 0x02006400, 0x01003200, 0x02001000, 0x02007800, 0x01003200, 0x01003200, 0x02001400,
	0x01005000, 0x02006400, 0x02007800, 0x01000500, 0x02000400, 0x01003200, 0x02000400, 0x02007800, 0x01000500, 0x01000a00, 0x02001200, 0x01003200,
	0x01003200, 0x02000400, 0x02007800, 0x01000500, 0x01000a00, 0x02001200, 0x01003200, 0x01003200, 0x02000400, 0x02007800, 0x01003200, 0x02007800,
	0x02007800, 0x02006400, 0x02000600, 0x01000000, 0x02006400, 0x02003600, 0x01005000, 0x01001400, 0x01001400, 0x01000000, 0x01005000, 0x01001400,
	0x01001400, 0x02000200, 0x01003200, 0x02004000, 0x02007800, 0x01000500, 0x01000a00, 0x02001200, 0x01003200, 0x01003200, 0x02000400, 0x02007800,
	0x02007800, 0x02007800, 0x02007800, 0x02007800, 0x02006400, 0x02000600, 0x02000200, 0x02000200, 0x02006400, 0x02000600, 0x01001400, 0x01003200,
	0x03000000, 0x03000000, 0x03000000, 0x03000000, 0x03000000, 0x03000000, 0x03000000, 0x03000000, 0x02006300, 0x02000a00, 0x02000200, 0x01003200,
	0x01003200, 0x02001400, 0x02000500, 0x01005000, 0x02000200, 0x01000000, 0x01005000, 0x01005000, 0x02000200, 0x01005000, 0x02006400, 0x02000600,
	0x01001400, 0x01003200, 0x01003200, 0x02001400, 0x02007800, 0x01000500, 0x01000a00, 0x02001200, 0x01003200, 0x01003200, 0x02000400, 0x02007800,
	0x02006400, 0x02001e00, 0x02007800, 0x01000500, 0x02000400, 0x01003200, 0x02000400, 0x02007800, 0x02006400, 0x02000600, 0x02001200, 0x01005000,
	0x01000000, 0x01005000, 0x01001400, 0x01001400, 0x02007800, 0x01003200, 0x02006400, 0x02000600, 0x02000300, 0x02000200, 0x02007800, 0x02006400,
	0x02000200, 0x02000100, 0x04007802, 0x02006400, 0x02000600, 0x01000a00, 0x01001400, 0x01003200, 0x01003200, 0x02000300, 0x02006300, 0x02000a00,
	0x02000100, 0x02000300, 0x02007800, 0x02006400, 0x01005000, 0x02000500, 0x01005000, 0x02006400, 0x02000700, 0x01005000, 0x02000400, 0x01005000,
	0x02000300, 0x01005000, 0x02000200, 0x01005000, 0x02000300, 0x01005000, 0x02000200, 0x01005000, 0x02000200, 0x01005000, 0x02000200, 0x01005000,
	0x02000200, 0x01005000, 0x02000200, 0x01005000, 0x02006400, 0x02000600, 0x01001400, 0x01003200, 0x03000000, 0x03000000, 0x03000000, 0x03000000,
	0x03000000, 0x03000000, 0x03000000, 0x03000000, 0x02006400, 0x02007800, 0x01003200, 0x01000000, 0x02007800, 0x01000500, 0x01000a00, 0x02001200,
	0x01003200, 0x01003200, 0x02000400, 0x02007800, 0x01000500, 0x01000a00, 0x02001200, 0x01003200, 0x01003200, 0x02000400, 0x02007800, 0x01000500,
	0x01000a00, 0x02001200, 0x01003200, 0x01003200, 0x02000400, 0x02007800, 0x01000500, 0x01000a00, 0x02001200, 0x01003200, 0x01003200, 0x02000400,
	0x02007800, 0x02006400, 0x02000a00, 0x02006400, 0x02000600, 0x02000300, 0x02006400, 0x02000900, 0x01000000, 0x02006400, 0x02000800, 0x02006400,
	0x02000600, 0x02000300, 0x02000300, 0x01003200, 0x02004000, 0x02007800, 0x01003200, 0x01003200, 0x02001400, 0x02007800, 0x01000500, 0x01000a00,
	0x02001200, 0x01003200, 0x01003200, 0x02000400, 0x02007800, 0x02006400, 0x02000300, 0x01000000, 0x02006400, 0x02000200, 0x02006400, 0x02000200,
	0x02000a00, 0x02006400, 0x02000600, 0x02007800, 0x01003200, 0x01003200, 0x02000300, 0x02007800, 0x01000500, 0x01000a00, 0x02001200, 0x01003200,
	0x01003200, 0x02000400, 0x02007800, 0x01000500, 0x01000a00, 0x02001200, 0x01003200, 0x01003200, 0x02000400, 0x02007800, 0x01003200, 0x03000000,
	0x03000000, 0x03000000, 0x03000000, 0x03000000, 0x03000000, 0x03000000, 0x03000000, 0x01003200, 0x02002000, 0x02007800, 0x01000500, 0x01000a00,
	0x01003200, 0x01003200, 0x01003200, 0x02000400, 0x02001c00, 0x04007806, 0x02000e00, 0x02007800, 0x01000500, 0x01000a00, 0x02001200, 0x01003200,
	0x01003200, 0x02000400, 0x02007800, 0x01000500, 0x01000a00, 0x02001200, 0x01003200, 0x01003200, 0x02000400, 0x02007800, 0x02006400, 0x01000a00,
	0x02000e00, 0x01003200, 0x01000a00, 0x01001400, 0x01003200, 0x01003200, 0x02001400, 0x02007800, 0x01000500, 0x01000a00, 0x02001200, 0x01003200,
	0x01003200, 0x02000400, 0x02007800, 0x02006400, 0x02000600, 0x02000300, 0x02007800, 0x01000500, 0x01000a00, 0x02001200, 0x01003200, 0x01003200,
	0x02000400, 0x02007800, 0x02000e00, 0x02007800, 0x01000500, 0x01000a00, 0x02001200, 0x01003200, 0x01003200, 0x02000400, 0x02007800, 0x01000500,
	0x01000a00, 0x02001200, 0x01003200, 0x01003200, 0x02000400, 0x02007800, 0x01000500, 0x01000a00, 0x02001200, 0x01003200, 0x01003200, 0x02000400,
	0x02007800, 0x01000500, 0x01000a00, 0x02001200, 0x01003200, 0x01003200, 0x02000400, 0x02007800, 0x01000500, 0x01000a00, 0x02001200, 0x01003200,
	0x01003200, 0x02000400, 0x02007800, 0x01000500, 0x01000a00, 0x01003200, 0x01003200, 0x01003200, 0x02000400, 0x02001c00, 0x04007802, 0x02006400,
	0x02000200, 0x04007805, 0x02007800, 0x01003200, 0x01003200, 0x02001400, 0x04007807, 0x02006400, 0x02000600, 0x02000200, 0x02000800, 0x04007803,
	0x02006400, 0x02000500, 0x02000300, 0x02006400, 0x02000500, 0x02006400, 0x02000400, 0x02000300, 0x02006400, 0x02000600, 0x02000300, 0x04007806,
	0x02006400, 0x02000600, 0x02000200, 0x02000800, 0x04007806, 0x02006400, 0x01000a00, 0x02000600, 0x02000e00, 0x01000a00, 0x01001400, 0x01003200,
	0x01003200, 0x02000300, 0x02006300, 0x02000a00, 0x02000200, 0x01003200, 0x03000000, 0x03000000, 0x03000000, 0x03000000, 0x03000000, 0x03000000,
	0x03000000, 0x03000000, 0x03000000, 0x03000000, 0x03000000, 0x03000000, 0x03000000, 0x03000000, 0x03000000, 0x03000000, 0x02000500, 0x04007803,
	0x02006400, 0x02000600, 0x02000500, 0x02007800, 0x01003200, 0x01003200, 0x02000300, 0x02001200, 0x04007803, 0x02006400, 0x02002100, 0x02000100,
	0x0400780e, 0x04007810, 0x02006400, 0x02000600, 0x01003200, 0x01000a00, 0x01003200, 0x01000a00, 0x01003200, 0x01000a00, 0x01000a00, 0x01001400,
	0x01001400, 0x01001400, 0x01001400, 0x02006300, 0x02000a00, 0x02000100, 0x02000300, 0x01005000, 0x02000600, 0x02000200, 0x01005000, 0x02000600,
	0x01005000, 0x02000500, 0x04006403, 0x01002800, 0x04006403, 0x02007800, 0x01003200, 0x01001400, 0x02000e00, 0x02007800, 0x01003200, 0x02006400,
	0x02000900, 0x01005000, 0x01000a00, 0x01003200, 0x01001400, 0x01001400, 0x02006300, 0x02000a00, 0x02000500, 0x01001400, 0x01001400, 0x01001400,
	0x01001400, 0x02000a00, 0x01000000, 0x01005000, 0x01000a00, 0x01003200, 0x01001400, 0x01001400, 0x01000000, 0x01005000, 0x02006400, 0x02000800,
	0x04006402, 0x02007800, 0x01003200, 0x01001400, 0x02000e00, 0x02007800, 0x01003200, 0x02006400, 0x02000600, 0x01005000, 0x01000a00, 0x01003200,
	0x01001400, 0x01001400, 0x02000300, 0x02000200, 0x02006400, 0x02007800, 0x02007800, 0x02000e00, 0x02007800, 0x01003200, 0x02007800, 0x02007800,
	0x02000e00, 0x02007800, 0x02006400, 0x02000500, 0x02006400, 0x02007800, 0x01000500, 0x01000a00, 0x02001200, 0x01003200, 0x01003200, 0x02000400,
	0x02007800, 0x01000500, 0x01000a00, 0x02001200, 0x01003200, 0x01003200, 0x02000400, 0x02007800, 0x01003200, 0x04007802, 0x02007800, 0x02000e00,
	0x02007800, 0x01000500, 0x01000a00, 0x02001200, 0x01003200, 0x01003200, 0x02000400, 0x02007800, 0x01000500, 0x01000a00, 0x02001200, 0x01003200,
	0x01003200, 0x02000400, 0x02007800, 0x01000500, 0x01000a00, 0x02001200, 0x01003200, 0x01003200, 0x02000400, 0x02007800, 0x01000500, 0x01000a00,
	0x02001200, 0x01003200, 0x01003200, 0x02000400, 0x02007800, 0x01000500, 0x01000a00, 0x02001200, 0x01003200, 0x01003200, 0x02000400, 0x02007800,
	0x01000500, 0x01000a00, 0x02001200, 0x01003200, 0x01003200, 0x02000400, 0x02007800, 0x01003200, 0x03000000, 0x03000000, 0x03000000, 0x03000000,
	0x03000000, 0x03000000, 0x03000000, 0x03000000, 0x02007800, 0x01000500, 0x01000a00, 0x01003200, 0x01003200, 0x01003200, 0x02000400, 0x02001c00,
	0x02007800, 0x01003200, 0x01000a00, 0x01003200, 0x01000a00, 0x01003200, 0x01000a00, 0x01003200, 0x02007800, 0x01003200, 0x02006400, 0x02000500,
	0x01001400, 0x01001400, 0x01001400, 0x01001400, 0x01001400, 0x01001400, 0x01001400, 0x01003200, 0x01003200, 0x02000300, 0x01005000, 0x01001400,
	0x01001400, 0x04007805, 0x01003200, 0x01000a00, 0x01003200, 0x01000a00, 0x01003200, 0x01000a00, 0x01003200, 0x02007800, 0x01005000, 0x01005000,
	0x01001400, 0x01001400, 0x01001400, 0x01001400, 0x02006300, 0x02000a00, 0x02000a00, 0x02000400, 0x02000400, 0x02000200, 0x02007800, 0x01000500,
	0x01000a00, 0x02001200, 0x01003200, 0x01003200, 0x02000400, 0x02007800, 0x02000e00, 0x02007800, 0x01000500, 0x01000a00, 0x02001200, 0x01003200,
	0x01003200, 0x02000400, 0x02007800, 0x01003200, 0x03000000, 0x03000000, 0x02007800, 0x02006400, 0x01000a00, 0x02000500, 0x02000e00, 0x01003200,
	0x01000a00, 0x01001400, 0x01003200, 0x03000000, 0x03000000, 0x03000000, 0x03000000, 0x03000000, 0x03000000, 0x03000000, 0x03000000, 0x02007800,
	0x02006400, 0x02001200, 0x02006400, 0x02001100, 0x01000000, 0x02006400, 0x02000500, 0x02000300, 0x02000200, 0x02006400, 0x02001000, 0x02006400,
	0x02000500, 0x02000300, 0x02007800, 0x04000e03, 0x02007800, 0x01000500, 0x01000a00, 0x02001200, 0x01003200, 0x01003200, 0x02000400, 0x02007800,
	0x02006400, 0x02000700, 0x02007800, 0x02006400, 0x02007800, 0x01003200, 0x03000000, 0x03000000, 0x03000000, 0x03000000, 0x03000000, 0x03000000,
	0x03000000, 0x03000000, 0x02001200, 0x01003200, 0x02007800, 0x02006400, 0x02000500, 0x04007804, 0x02006400, 0x02000500, 0x02000300, 0x02000300,
	0x04007806, 0x02006400, 0x02000500, 0x02000300, 0x02007800, 0x02006400, 0x02003900, 0x02007800, 0x01003200, 0x01003200, 0x02000300, 0x01005000,
	0x02000500, 0x02000800, 0x02000100, 0x02000a00, 0x01000000, 0x01005000, 0x02000500, 0x01005000, 0x02000400, 0x01000000, 0x01005000, 0x02000300,
	0x02000800, 0x02000100, 0x02000a00, 0x01000000, 0x01005000, 0x02006400, 0x02000300, 0x02000900, 0x01000000, 0x01005000, 0x02006400, 0x02000500,
	0x01005000, 0x02000300, 0x01000000, 0x01005000, 0x02000200, 0x02000800, 0x02000100, 0x02000a00, 0x01000000, 0x01005000, 0x02000200, 0x01005000,
	0x02000800, 0x02000100, 0x02000a00, 0x01000000, 0x01005000, 0x02000800, 0x02000100, 0x02000a00, 0x01000000, 0x01005000, 0x02000800, 0x02000100,
	0x02000a00, 0x01000000, 0x01005000, 0x02000800, 0x02000100, 0x02000a00, 0x01000000, 0x01005000, 0x02000800, 0x02000100, 0x02000a00, 0x01000000,
	0x01005000, 0x02006400, 0x02000200, 0x01005000, 0x02000800, 0x02000100, 0x02000a00, 0x01000000, 0x01005000, 0x02000800, 0x02000100, 0x02000a00,
	0x01000000, 0x01005000, 0x02000800, 0x02000100, 0x02000a00, 0x01000000, 0x01005000, 0x02000800, 0x02000100, 0x02000a00, 0x01000000, 0x01005000,
	0x02000800, 0x02000100, 0x02000a00, 0x01000000, 0x01005000, 0x02000800, 0x02000100, 0x02000a00, 0x01000000, 0x01005000, 0x02000800, 0x02000100,
	0x02000a00, 0x01000000, 0x01005000, 0x02000800, 0x02000100, 0x02000a00, 0x01000000, 0x01005000, 0x02000800, 0x02000100, 0x02000a00, 0x01000000,
	0x01005000, 0x02000800, 0x02000100, 0x02000a00, 0x01000000, 0x01005000, 0x02000800, 0x02000100, 0x02000a00, 0x01000000, 0x01005000, 0x02000800,
	0x02000100, 0x02000a00, 0x01000000, 0x01005000, 0x02000800, 0x02000100, 0x02000a00, 0x01000000, 0x01005000, 0x02000800, 0x02000100, 0x02000a00,
	0x01000000, 0x01005000, 0x02000800, 0x02000100, 0x02000a00, 0x01000000, 0x01005000, 0x02000800, 0x02000100, 0x02000a00, 0x01000000, 0x01005000,
	0x02000800, 0x02000100, 0x02000a00, 0x01000000, 0x01005000, 0x02000800, 0x02000100, 0x02000a00, 0x01000000, 0x01005000, 0x02006400, 0x02000500,
	0x02007800, 0x02006400, 0x02000500, 0x02000300, 0x02006400, 0x02000500, 0x02007800, 0x01003200, 0x01003200, 0x02000300, 0x01005000, 0x02000500,
	0x01000000, 0x01005000, 0x02000400, 0x01000000, 0x01005000, 0x02006400, 0x02000500, 0x01001400, 0x01003200, 0x01003200, 0x02000300, 0x04007804,
	0x01003200, 0x01003200, 0x02000300, 0x01005000, 0x02000600, 0x01005000, 0x02000500, 0x01005000, 0x02000400, 0x01005000, 0x02000300, 0x02006400,
	0x02001600, 0x01003200, 0x02003c00, 0x02000600, 0x01003200, 0x01003200, 0x01003200, 0x02000400, 0x01003200, 0x01003200, 0x02000400, 0x01003200,
	0x02000400, 0x02000400, 0x02006400, 0x02007800, 0x01003200, 0x01001400, 0x02000e00, 0x02007800, 0x01003200, 0x02006400, 0x02000500, 0x01003200,
	0x01000a00, 0x01003200, 0x01000a00, 0x01001400, 0x01001400, 0x02000a00, 0x01005000, 0x01000a00, 0x01003200, 0x01001400, 0x01001400, 0x01003200,
	0x01001400, 0x01001400, 0x02000600, 0x02006300, 0x02000a00, 0x02000100, 0x02000400, 0x02006400, 0x04007802, 0x01000500, 0x01000a00, 0x02001200,
	0x01003200, 0x01003200, 0x02000400, 0x02007800, 0x01000500, 0x01000a00, 0x02001200, 0x01003200, 0x01003200, 0x02000400, 0x02007800, 0x02006400,
	0x02000400, 0x02007800, 0x02006400, 0x02000a00, 0x02006400, 0x02000400, 0x02000e00, 0x01003200, 0x01000a00, 0x01001400, 0x01003200, 0x01003200,
	0x02001400, 0x02007800, 0x01000500, 0x01000a00, 0x02001200, 0x01003200, 0x01003200, 0x02000400, 0x02007800, 0x01000500, 0x01000a00, 0x02001200,
	0x01003200, 0x01003200, 0x02000400, 0x02007800, 0x01000500, 0x01000a00, 0x02001200, 0x01003200, 0x01003200, 0x02000400, 0x02007800, 0x01000500,
	0x01000a00, 0x02001200, 0x01003200, 0x01003200, 0x02000400, 0x02007800, 0x01003200, 0x02007800, 0x02007800, 0x01000500, 0x01000a00, 0x01003200,
	0x01003200, 0x01003200, 0x02000400, 0x02001d00, 0x04007802, 0x02006400, 0x02000400, 0x01003200, 0x01000a00, 0x01003200, 0x01000a00, 0x01003200,
	0x01000a00, 0x01001400, 0x01001400, 0x01001400, 0x01001400, 0x02006300, 0x02000a00, 0x02000500, 0x02000a00, 0x02006300, 0x02000a00, 0x02000500,
	0x01001400, 0x02000200, 0x02000a00, 0x01001400, 0x02000200, 0x02000a00, 0x01001400, 0x01001400, 0x02000200, 0x02000a00, 0x01005000, 0x01001400,
	0x01001400, 0x02000200, 0x02007800, 0x02006400, 0x01000a00, 0x02000e00, 0x01003200, 0x01000a00, 0x01001400, 0x01003200, 0x03000000, 0x03000000,
	0x03000000, 0x03000000, 0x03000000, 0x03000000, 0x03000000, 0x03000000, 0x02007800, 0x01000500, 0x01000a00, 0x02001200, 0x01003200, 0x01003200,
	0x02000400, 0x02007800, 0x01000500, 0x01000a00, 0x02001200, 0x01003200, 0x01003200, 0x02000400, 0x02007800, 0x02000e00, 0x02007800, 0x02000e00,
	0x04007802, 0x01000500, 0x01000a00, 0x02001200, 0x01003200, 0x01003200, 0x02000400, 0x02007800, 0x01003200, 0x01003200, 0x02000300, 0x02007800,
	0x01000500, 0x01000a00, 0x02001200, 0x01003200, 0x01003200, 0x02000400, 0x02007800, 0x01000500, 0x01000a00, 0x02001200, 0x01003200, 0x01003200,
	0x02000400, 0x02007800, 0x02006400, 0x02000400, 0x01003200, 0x02007800, 0x01000500, 0x01000a00, 0x02001200, 0x01003200, 0x01003200, 0x02000400,
	0x02007800, 0x01000500, 0x01000a00, 0x02001200, 0x01003200, 0x01003200, 0x02000400, 0x02007800, 0x01003200, 0x02007800, 0x01005000, 0x02000400,
	0x02000a00, 0x01005000, 0x02000400, 0x02000a00, 0x01005000, 0x02006400, 0x01003200, 0x02000400, 0x02007800, 0x01000500, 0x01000a00, 0x02001200,
	0x01003200, 0x01003200, 0x02000400, 0x02007800, 0x01000500, 0x01000a00, 0x02001200, 0x01003200, 0x01003200, 0x02000400, 0x02007800, 0x01000500,
	0x01000a00, 0x02001200, 0x01003200, 0x01003200, 0x02000400, 0x02007800, 0x01003200, 0x01003200, 0x02000300, 0x02007800, 0x01003200, 0x02007800,
	0x02007800, 0x02006400, 0x02001500, 0x01005000, 0x02000200, 0x01005000, 0x04007803, 0x02006400, 0x02000400, 0x02000300, 0x02000800, 0x02007800,
	0x02006400, 0x02000400, 0x04007803, 0x02006400, 0x02000400, 0x04007804, 0x01003200, 0x01003200, 0x02000300, 0x04007803, 0x01003200, 0x03000000,
	0x03000000, 0x03000000, 0x03000000, 0x03000000, 0x03000000, 0x03000000, 0x03000000, 0x03000000, 0x03000000, 0x03000000, 0x03000000, 0x03000000,
	0x03000000, 0x03000000, 0x03000000, 0x04007809, 0x02006400, 0x02000400, 0x02007800, 0x02006400, 0x02000400, 0x01000000, 0x02006400, 0x04007803,
	0x02006400, 0x02000400, 0x02000300, 0x04007806, 0x01003200, 0x01003200, 0x02001400, 0x04007803, 0x02006400, 0x02000400, 0x01000000, 0x02006400,
	0x02000300, 0x02006400, 0x02000400, 0x02000400, 0x02006400, 0x02007800, 0x01000500, 0x01000a00, 0x02001200, 0x01003200, 0x01003200, 0x02000400,
	0x02007800, 0x01000500, 0x01000a00, 0x02001200, 0x01003200, 0x01003200, 0x02000400, 0x02007800, 0x01000500, 0x01000a00, 0x02001200, 0x01003200,
	0x01003200, 0x02000400, 0x02007800, 0x01000500, 0x01000a00, 0x02001200, 0x01003200, 0x01003200, 0x02000400, 0x02007800, 0x01003200, 0x01003200,
	0x02000300, 0x02007800, 0x01000500, 0x01000a00, 0x02001200, 0x01003200, 0x01003200, 0x02000400, 0x02007800, 0x01000500, 0x01000a00, 0x02001200,
	0x01003200, 0x01003200, 0x02000400, 0x02007800, 0x01000500, 0x01000a00, 0x02001200, 0x01003200, 0x01003200, 0x02000400, 0x02007800, 0x01000500,
	0x01000a00, 0x02001200, 0x01003200, 0x01003200, 0x02000400, 0x02007800, 0x02000e00, 0x02007800, 0x02006400, 0x02000500, 0x02007800, 0x01000500,
	0x01000a00, 0x02001200, 0x01003200, 0x01003200, 0x02000400, 0x02007800, 0x01000500, 0x01000a00, 0x02001200, 0x01003200, 0x01003200, 0x02000400,
	0x02007800, 0x02000e00, 0x02007800, 0x02000e00, 0x02007800, 0x01003200, 0x02007800, 0x02007800, 0x01003200, 0x01003200, 0x02001400, 0x01005000,
	0x02000200, 0x02007800, 0x02000e00, 0x02007800, 0x01000500, 0x01000a00, 0x02001200, 0x01003200, 0x01003200, 0x02000400, 0x02007800, 0x01000500,
	0x01000a00, 0x02001200, 0x01003200, 0x01003200, 0x02000400, 0x02007800, 0x01003200, 0x02007800, 0x02007800, 0x01000500, 0x02000400, 0x01003200,
	0x02000400, 0x02007800, 0x01000500, 0x01000a00, 0x02001200, 0x01003200, 0x01003200, 0x02000400, 0x02007800, 0x01000500, 0x01000a00, 0x02001200,
	0x01003200, 0x01003200, 0x02000400, 0x02007800, 0x02006400, 0x02000500, 0x01000000, 0x02006400, 0x02003a00, 0x02007800, 0x01000500, 0x01000a00,
	0x02001200, 0x01003200, 0x01003200, 0x02000400, 0x02007800, 0x02006400, 0x02000500, 0x04000e02, 0x01000a00, 0x01001400, 0x01003200, 0x01003200,
	0x02001400, 0x02007800, 0x01003200, 0x03000000, 0x03000000, 0x03000000, 0x03000000, 0x03000000, 0x03000000, 0x03000000, 0x03000000, 0x03000000,
	0x03000000, 0x03000000, 0x03000000, 0x03000000, 0x03000000, 0x03000000, 0x03000000, 0x02007800, 0x02006400, 0x02000300, 0x02006400, 0x02000200,
	0x01000000, 0x02006400, 0x02000500, 0x01000000, 0x02006400, 0x02000500, 0x01005000, 0x02000500, 0x02000800, 0x02000100, 0x02000a00, 0x01000000,
	0x01005000, 0x02000500, 0x01000000, 0x01005000, 0x02006400, 0x02000200, 0x01005000, 0x02000300, 0x01000000, 0x01005000, 0x02000200, 0x02000800,
	0x02000100, 0x02000a00, 0x01000000, 0x01005000, 0x02006400, 0x02000900, 0x01000000, 0x01005000, 0x02000200, 0x01005000, 0x02000800, 0x02000100,
	0x02000a00, 0x01000000, 0x01005000, 0x02000800, 0x02000100, 0x02000a00, 0x01000000, 0x01005000, 0x02006400, 0x02000900, 0x01000000, 0x01005000,
	0x02000800, 0x02000100, 0x02000a00, 0x01000000, 0x01005000, 0x02000800, 0x02000100, 0x02000a00, 0x01000000, 0x01005000, 0x02000800, 0x02000100,
	0x02000a00, 0x01000000, 0x01005000, 0x02006400, 0x02000500, 0x01001400, 0x01003200, 0x03000000, 0x03000000, 0x03000000, 0x03000000, 0x03000000,
	0x03000000, 0x03000000, 0x03000000, 0x02007800, 0x01000500, 0x01000a00, 0x02001200, 0x01003200, 0x01003200, 0x02000400, 0x02007800, 0x01000500,
	0x01000a00, 0x01003200, 0x01003200, 0x01003200, 0x02000400, 0x02001d00, 0x04007802, 0x02006400, 0x02000500, 0x01003200, 0x01000a00, 0x01003200,
	0x01000a00, 0x01003200, 0x01000a00, 0x01003200, 0x01000a00, 0x01003200, 0x01000a00, 0x01000a00, 0x01001400, 0x01001400, 0x01003200, 0x01001400,
	0x01001400, 0x01001400, 0x01001400, 0x01001400, 0x01001400, 0x02000200, 0x04007803, 0x02000e00, 0x02007800, 0x01000500, 0x02000400, 0x01003200,
	0x02000400, 0x02007800, 0x01000500, 0x01000a00, 0x02001200, 0x01003200, 0x01003200, 0x02000400, 0x02007800, 0x01000500, 0x01000a00, 0x02001200,
	0x01003200, 0x01003200, 0x02000400, 0x02007800, 0x01000500, 0x01000a00, 0x02001200, 0x01003200, 0x01003200, 0x02000400, 0x02007800, 0x01000500,
	0x01000a00, 0x02001200, 0x01003200, 0x01003200, 0x02000400, 0x02007800, 0x01000500, 0x01000a00, 0x02001200, 0x01003200, 0x01003200, 0x02000400,
	0x02007800, 0x01000500, 0x01000a00, 0x01003200, 0x01003200, 0x01003200, 0x02000400, 0x02001d00, 0x02007800, 0x02000e00, 0x02007800, 0x02000e00,
	0x02007800, 0x01000500, 0x01000a00, 0x02001200, 0x01003200, 0x01003200, 0x02000400, 0x02007800, 0x02006400, 0x02000500, 0x02000300, 0x04007807,
	0x02006400, 0x02002300, 0x04007802, 0x02006400, 0x02000500, 0x02000300, 0x04007805, 0x04007802, 0x02006400, 0x02000500, 0x04007806, 0x01003200,
	0x01003200, 0x02001400, 0x04007802, 0x02006400, 0x02000300, 0x02006400, 0x01000a00, 0x02000e00, 0x01000a00, 0x01001400, 0x01003200, 0x03000000,
	0x03000000, 0x03000000, 0x03000000, 0x03000000, 0x03000000, 0x03000000, 0x03000000, 0x03000000, 0x03000000, 0x03000000, 0x03000000, 0x03000000,
	0x03000000, 0x03000000, 0x03000000, 0x04007803, 0x02006400, 0x02000500, 0x04007803, 0x01003200, 0x03000000, 0x03000000, 0x03000000, 0x03000000,
	0x03000000, 0x03000000, 0x03000000, 0x03000000, 0x03000000, 0x03000000, 0x03000000, 0x03000000, 0x03000000, 0x03000000, 0x03000000, 0x03000000,
	0x04007802, 0x02006400, 0x02000300, 0x02006400, 0x02000500, 0x02000300, 0x02000800, 0x04007806, 0x02006400, 0x04007802, 0x02006400, 0x02000500,
	0x01000000, 0x02006400, 0x02000500, 0x04007807, 0x02006400, 0x02000500, 0x02000300, 0x02006400, 0x02000500, 0x04007804, 0x02006400, 0x02000200,
	0x04007803, 0x02006400, 0x02003b00, 0x01003200, 0x02002000, 0x04007805, 0x02006400, 0x02000500, 0x02006400, 0x02000500, 0x01000000, 0x02006400,
	0x02000500, 0x04007806, 0x02006400, 0x02000500, 0x02007800, 0x02006400, 0x02000500, 0x02000300, 0x02000800, 0x04007804, 0x02006400, 0x02000300,
	0x02000100, 0x02006400, 0x02000300, 0x02006400, 0x02000200, 0x02006400, 0x02000100, 0x02006400, 0x02000500, 0x02000300, 0x02000800, 0x04007808,
	0x02006400, 0x01000a00, 0x02000500, 0x02000e00, 0x01003200, 0x01000a00, 0x01001400, 0x01003200, 0x01003200, 0x02000300, 0x04007805, 0x02006400,
	0x02000300, 0x01000000, 0x02006400, 0x02000200, 0x04007802, 0x02006400, 0x04007805, 0x02006400, 0x02000500, 0x02000200, 0x02000400, 0x02006400,
	0x02007800, 0x01003200, 0x01001400, 0x02001d00, 0x02007800, 0x02006400, 0x01003200, 0x01000a00, 0x01003200, 0x01000a00, 0x01003200, 0x01000a00,
	0x01001400, 0x01001400, 0x01001400, 0x01001400, 0x02000300, 0x01005000, 0x01000a00, 0x01003200, 0x01001400, 0x01001400, 0x02000400, 0x04006402,
	0x02006400, 0x02000600, 0x02000200, 0x02006400, 0x02007800, 0x02007800, 0x01000500, 0x01000a00, 0x02001200, 0x01003200, 0x01003200, 0x02000400,
	0x02007800, 0x01000500, 0x02000400, 0x01003200, 0x02000400, 0x02007800, 0x02006400, 0x02000500, 0x02000200, 0x02007800, 0x02006400, 0x02000500,
	0x02006400, 0x02000500, 0x02000300, 0x01005000, 0x02000300, 0x02006400, 0x02007800, 0x02007800, 0x02000e00, 0x02007800, 0x02006400, 0x02000500,
	0x02006400, 0x02000700, 0x01000000, 0x02006400, 0x02007800, 0x01000500, 0x01000a00, 0x02001200, 0x01003200, 0x01003200, 0x02000400, 0x02007800,
	0x02006400, 0x02000500, 0x02000200, 0x02007800, 0x01000500, 0x01000a00, 0x02001200, 0x01003200, 0x01003200, 0x02000400, 0x02007800, 0x01000500,
	0x01000a00, 0x02001200, 0x01003200, 0x01003200, 0x02000400, 0x02007800, 0x01000500, 0x01000a00, 0x02001200, 0x01003200, 0x01003200, 0x02000400,
	0x02007800, 0x01003200, 0x02007800, 0x02007800, 0x01000500, 0x01000a00, 0x02001200, 0x01003200, 0x01003200, 0x02000400, 0x02007800, 0x02006400,
	0x02000500, 0x02000200, 0x02007800, 0x01000500, 0x01000a00, 0x02001200, 0x01003200, 0x01003200, 0x02000400, 0x02007800, 0x01003200, 0x02007800,
	0x02007800, 0x04007803, 0x02007800, 0x01000500, 0x02000400, 0x01003200, 0x02000400, 0x02007800, 0x02006400, 0x02000500, 0x02000200, 0x01005000,
	0x02006400, 0x01000a00, 0x04000e03, 0x01001400, 0x01003200, 0x03000000, 0x03000000, 0x02006300, 0x02000a00, 0x02000300, 0x02000700, 0x01005000,
	0x02000200, 0x01005000, 0x02007800, 0x01000500, 0x01000a00, 0x02001200, 0x01003200, 0x01003200, 0x02000400, 0x02007800, 0x01003200, 0x03000000,
	0x03000000, 0x02007800, 0x02006400, 0x02000500, 0x02000200, 0x01005000, 0x02006400, 0x02000400, 0x01005000, 0x02000200, 0x01000000, 0x01005000,
	0x02007800, 0x01000500, 0x01000a00, 0x02001200, 0x01003200, 0x01003200, 0x02000400, 0x02007800, 0x04000e02, 0x02007800, 0x01000500, 0x01000a00,
	0x02001200, 0x01003200, 0x01003200, 0x02000400, 0x02007800, 0x02006400, 0x02000500, 0x02000200, 0x02007800, 0x01000500, 0x02000400, 0x01003200,
	0x02000400, 0x02007800, 0x01003200, 0x02007800, 0x02007800, 0x01003200, 0x03000000, 0x03000000, 0x03000000, 0x03000000, 0x03000000, 0x03000000,
	0x03000000, 0x03000000, 0x03000000, 0x03000000, 0x03000000, 0x03000000, 0x03000000, 0x03000000, 0x03000000, 0x03000000, 0x01005000, 0x02006400,
	0x02000500, 0x01001400, 0x01003200, 0x03000000, 0x03000000, 0x03000000, 0x03000000, 0x03000000, 0x03000000, 0x03000000, 0x03000000, 0x02007800,
	0x02006400, 0x02003900, 0x02007800, 0x02006400, 0x02000500, 0x02000200, 0x04007803, 0x01003200, 0x03000000, 0x03000000, 0x03000000, 0x03000000,
	0x01003200, 0x04007806, 0x02006400, 0x02003900, 0x01005000, 0x02000300, 0x01005000, 0x02000200, 0x02000400, 0x02006400, 0x01000500, 0x02000400,
	0x02001400, 0x02000300, 0x02001900, 0x02000200, 0x02000a00, 0x01000000, 0x01003200, 0x01003200, 0x01003200, 0x01003200, 0x01003200, 0x02000400,
	0x01003200, 0x01003200, 0x02000400, 0x02000400, 0x02006400, 0x02007800, 0x01003200, 0x01000000, 0x02007800, 0x01000500, 0x01000a00, 0x02001200,
	0x01003200, 0x01003200, 0x02000400, 0x02007800, 0x02000e00, 0x02007800, 0x01003200, 0x02006400, 0x02000600, 0x01003200, 0x01000a00, 0x01001400,
	0x0200b500, 0x02001000, 0x01003200, 0x02002000, 0x01003200, 0x02008000, 0x02000500, 0x02001000, 0x01003200, 0x01003200, 0x02001400, 0x01003200,
	0x03000000, 0x03000000, 0x03000000, 0x03000000, 0x03000000, 0x03000000, 0x03000000, 0x03000000, 0x01003200, 0x03000000, 0x03000000, 0x03000000,
	0x03000000, 0x03000000, 0x03000000, 0x03000000, 0x03000000, 0x01003200, 0x03000000, 0x03000000, 0x03000000, 0x03000000, 0x03000000, 0x03000000,
	0x03000000, 0x03000000, 0x01003200, 0x03000000, 0x03000000, 0x03000000, 0x03000000, 0x03000000, 0x03000000, 0x03000000, 0x03000000, 0x01003200,
	0x03000000, 0x03000000, 0x03000000, 0x03000000, 0x03000000, 0x03000000, 0x03000000, 0x03000000, 0x02007800, 0x02006400, 0x02000600, 0x02007800,
	0x04007802, 0x02007800, 0x01003200, 0x03000000, 0x03000000, 0x03000000, 0x03000000, 0x03000000, 0x03000000, 0x03000000, 0x03000000, 0x03000000,
	0x03000000, 0x03000000, 0x03000000, 0x03000000, 0x03000000, 0x03000000, 0x03000000, 0x01005000, 0x01005000, 0x02000300, 0x04006402, 0x02007800,
	0x01005000, 0x02000300, 0x01005000, 0x02000200, 0x01005000, 0x01005000, 0x02006400, 0x02001000, 0x01005000, 0x02006400, 0x01000a00, 0x02000600,
	0x02000e00, 0x01003200, 0x01001400, 0x01003200, 0x01003200, 0x02000300, 0x01005000, 0x01003200, 0x01000a00, 0x01003200, 0x01001400, 0x01001400,
	0x01000000, 0x01005000, 0x01003200, 0x01000a00, 0x01003200, 0x01001400, 0x01001400, 0x02000a00, 0x01005000, 0x01003200, 0x01000a00, 0x01003200,
	0x01001400, 0x01001400, 0x02000a00, 0x01005000, 0x01003200, 0x01000a00, 0x01003200, 0x01001400, 0x01001400, 0x01000000, 0x01005000, 0x01003200,
	0x01000a00, 0x01003200, 0x01001400, 0x01001400, 0x01000000, 0x01005000, 0x02006400, 0x02000f00, 0x01005000, 0x01003200, 0x01000a00, 0x01003200,
	0x01001400, 0x01001400, 0x02000a00, 0x02006300, 0x02000a00, 0x02000a00, 0x02000a00, 0x02001200, 0x01001400, 0x02000c00, 0x01001400, 0x02000c00,
	0x02000800, 0x01001400, 0x02000c00, 0x01001400, 0x02000c00, 0x01001400, 0x02000c00, 0x01001400, 0x02000c00, 0x02000800, 0x01001400, 0x01001400,
	0x01001400, 0x02000c00, 0x01001400, 0x02000c00, 0x01001400, 0x02000c00, 0x01001400, 0x02000c00, 0x01001400, 0x02000c00, 0x02000400, 0x02000300,
	0x02000300, 0x01000000, 0x01005000, 0x02006400, 0x02000e00, 0x02000a00, 0x01000000, 0x01005000, 0x02000400, 0x02000300, 0x02000300, 0x01000000,
	0x01005000, 0x02006400, 0x02000600, 0x02000e00, 0x01003200, 0x01001400, 0x01003200, 0x01003200, 0x02001400, 0x02006300, 0x02000a00, 0x02000a00,
	0x02000a00, 0x02003c00, 0x01003200, 0x01003200, 0x02001400, 0x01003200, 0x01003200, 0x02001400, 0x01003200, 0x03000000, 0x03000000, 0x03000000,
	0x03000000, 0x03000000, 0x03000000, 0x03000000, 0x03000000, 0x01003200, 0x01003200, 0x02001400, 0x01003200, 0x01003200, 0x02000300, 0x01003200,
	0x03000000, 0x03000000, 0x03000000, 0x03000000, 0x03000000, 0x03000000, 0x03000000, 0x03000000, 0x01003200, 0x01003200, 0x02000300, 0x01003200,
	0x01003200, 0x02001400, 0x01003200, 0x01003200, 0x02000300, 0x01003200, 0x01003200, 0x02001400, 0x01003200, 0x01003200, 0x02001400, 0x01003200,
	0x01003200, 0x02000300, 0x01003200, 0x03000000, 0x03000000, 0x03000000, 0x03000000, 0x03000000, 0x03000000, 0x03000000, 0x03000000, 0x01003200,
	0x01003200, 0x02001400, 0x01003200, 0x03000000, 0x03000000, 0x03000000, 0x03000000, 0x03000000, 0x03000000, 0x03000000, 0x03000000, 0x01003200,
	0x03000000, 0x03000000, 0x03000000, 0x03000000, 0x03000000, 0x03000000, 0x03000000, 0x03000000, 0x01003200, 0x03000000, 0x03000000, 0x03000000,
	0x03000000, 0x03000000, 0x03000000, 0x03000000, 0x03000000, 0x01003200, 0x01003200, 0x02000300, 0x01003200, 0x01003200, 0x02001400, 0x01003200,
	0x03000000, 0x03000000, 0x03000000, 0x03000000, 0x03000000, 0x03000000, 0x03000000, 0x03000000, 0x01003200, 0x03000000, 0x03000000, 0x03000000,
	0x03000000, 0x03000000, 0x03000000, 0x03000000, 0x03000000, 0x01003200, 0x03000000, 0x03000000, 0x03000000, 0x03000000, 0x03000000, 0x03000000,
	0x03000000, 0x03000000, 0x01003200, 0x03000000, 0x03000000, 0x03000000, 0x03000000, 0x03000000, 0x03000000, 0x03000000, 0x03000000, 0x01003200,
	0x01003200, 0x02001400, 0x01003200, 0x01003200, 0x02000300, 0x01003200, 0x03000000, 0x03000000, 0x03000000, 0x03000000, 0x03000000, 0x03000000,
	0x03000000, 0x03000000, 0x01003200, 0x03000000, 0x03000000, 0x03000000, 0x03000000, 0x03000000, 0x03000000, 0x03000000, 0x03000000, 0x01003200,
	0x01003200, 0x02001400, 0x01003200, 0x03000000, 0x03000000, 0x03000000, 0x03000000, 0x03000000, 0x03000000, 0x03000000, 0x03000000, 0x01003200,
	0x01003200, 0x02001400, 0x01003200, 0x01003200, 0x02000300, 0x01003200, 0x03000000, 0x03000000, 0x03000000, 0x03000000, 0x03000000, 0x03000000,
	0x03000000, 0x03000000, 0x01003200, 0x01003200, 0x02000300, 0x01003200, 0x01003200, 0x02000300, 0x01003200, 0x01003200, 0x02001400, 0x01003200,
	0x03000000, 0x03000000, 0x03000000, 0x03000000, 0x03000000, 0x03000000, 0x03000000, 0x03000000, 0x01003200, 0x01003200, 0x02000300, 0x01003200,
	0x01003200, 0x02000300, 0x01003200, 0x03000000, 0x03000000, 0x03000000, 0x03000000, 0x03000000, 0x03000000, 0x03000000, 0x03000000, 0x01003200,
	0x03000000, 0x03000000, 0x03000000, 0x03000000, 0x03000000, 0x03000000, 0x03000000, 0x03000000, 0x01003200, 0x01003200, 0x02000300, 0x01003200,
	0x03000000, 0x03000000, 0x03000000, 0x03000000, 0x03000000, 0x03000000, 0x03000000, 0x03000000, 0x01003200, 0x01003200, 0x02000300, 0x01003200,
	0x03000000, 0x03000000, 0x03000000, 0x03000000, 0x03000000, 0x03000000, 0x03000000, 0x03000000, 0x01003200, 0x03000000, 0x03000000, 0x03000000,
	0x03000000, 0x03000000, 0x03000000, 0x03000000, 0x03000000, 0x01003200, 0x01003200, 0x02001400, 0x01003200, 0x03000000, 0x03000000, 0x03000000,
	0x03000000, 0x03000000, 0x03000000, 0x03000000, 0x03000000, 0x01003200, 0x01003200, 0x02001400, 0x01003200, 0x01003200, 0x02001400, 0x01003200,
	0x01003200, 0x02001400, 0x01003200, 0x03000000, 0x03000000, 0x03000000, 0x03000000, 0x03000000, 0x03000000, 0x03000000, 0x03000000, 0x01003200,
	0x01003200, 0x02000300, 0x01003200, 0x03000000, 0x03000000, 0x03000000, 0x03000000, 0x03000000, 0x03000000, 0x03000000, 0x03000000, 0x01003200,
	0x03000000, 0x03000000, 0x03000000, 0x03000000, 0x03000000, 0x03000000, 0x03000000, 0x03000000, 0x01003200, 0x01003200, 0x02000300, 0x01003200,
	0x01003200, 0x02001400, 0x01003200, 0x01003200, 0x02000300, 0x01003200, 0x03000000, 0x03000000, 0x03000000, 0x03000000, 0x03000000, 0x03000000,
	0x03000000, 0x03000000, 0x02000300, 0x02000400, 0x02000a00, 0x01003200, 0x02000400, 0x02006400, 0x02007800, 0x02007800, 0x01000500, 0x01000a00,
	0x02001200, 0x01003200, 0x01003200, 0x02000400, 0x02007800, 0x02006400, 0x02000600, 0x02007800, 0x02000e00, 0x02007800, 0x01003200, 0x02007800,
	0x02007800, 0x01000500, 0x01000a00, 0x02001200, 0x01003200, 0x01003200, 0x02000400, 0x02007800, 0x01000500, 0x01000a00, 0x01003200, 0x01003200,
	0x01003200, 0x02000400, 0x02001e00, 0x04007804, 0x02000e00, 0x02007800, 0x01000500, 0x01000a00, 0x02001200, 0x01003200, 0x01003200, 0x02000400,
	0x02007800, 0x01000500, 0x01000a00, 0x01003200, 0x01003200, 0x01003200, 0x02000400, 0x02001e00, 0x02007800, 0x02006400, 0x02000500, 0x02006400,
	0x02000600, 0x01003200, 0x01000a00, 0x01003200, 0x01000a00, 0x01001400, 0x01001400, 0x02000300, 0x02007800, 0x02007800, 0x01000500, 0x01000a00,
	0x02001200, 0x01003200, 0x01003200, 0x02000400, 0x02007800, 0x01000500, 0x01000a00, 0x02001200, 0x01003200, 0x01003200, 0x02000400, 0x02007800,
	0x01000500, 0x01000a00, 0x02001200, 0x01003200, 0x01003200, 0x02000400, 0x02007800, 0x01000500, 0x01000a00, 0x02001200, 0x01003200, 0x01003200,
	0x02000400, 0x02007800, 0x01000500, 0x01000a00, 0x02001200, 0x01003200, 0x01003200, 0x02000400, 0x02007800, 0x01000500, 0x01000a00, 0x02001200,
	0x01003200, 0x01003200, 0x02000400, 0x02007800, 0x01000500, 0x01000a00, 0x02001200, 0x01003200, 0x01003200, 0x02000400, 0x02007800, 0x01000500,
	0x01000a00, 0x02001200, 0x01003200, 0x01003200, 0x02000400, 0x02007800, 0x01000500, 0x01000a00, 0x02001200, 0x01003200, 0x01003200, 0x02000400,
	0x02007800, 0x01000500, 0x01000a00, 0x02001200, 0x01003200, 0x01003200, 0x02000400, 0x02007800, 0x01000500, 0x01000a00, 0x02001200, 0x01003200,
	0x01003200, 0x02000400, 0x02007800, 0x01000500, 0x01000a00, 0x01003200, 0x01003200, 0x01003200, 0x02000400, 0x02001e00, 0x04007804, 0x02006400,
	0x02000200, 0x02007800, 0x01003200, 0x01000a00, 0x01003200, 0x02007800, 0x02007800, 0x01003200, 0x02006400, 0x02000200, 0x01005000, 0x02006400,
	0x01001400, 0x01001400, 0x01005000, 0x01001400, 0x01001400, 0x02007800, 0x01000500, 0x01000a00, 0x02001200, 0x01003200, 0x01003200, 0x02000400,
	0x02007800, 0x01003200, 0x01003200, 0x02001400, 0x02007800, 0x01003200, 0x01003200, 0x02000300, 0x02007800, 0x04000e02, 0x02007800, 0x01003200,
	0x02007800, 0x02007800, 0x02000e00, 0x02007800, 0x01003200, 0x02007800, 0x01005000, 0x02000800, 0x01003200, 0x02000400, 0x02007800, 0x01000500,
	0x01000a00, 0x02001200, 0x01003200, 0x01003200, 0x02000400, 0x02007800, 0x01003200, 0x01003200, 0x02001400, 0x02007800, 0x02006400, 0x02000400,
	0x01000000, 0x02006400, 0x02000300, 0x02000a00, 0x02000500, 0x01000000, 0x02006400, 0x02000600, 0x02000200, 0x01005000, 0x02000900, 0x01000000,
	0x01005000, 0x02000800, 0x01000000, 0x01005000, 0x02000700, 0x04007805, 0x02006400, 0x02000600, 0x01000000, 0x02006400, 0x02000a00, 0x01000000,
	0x02006400, 0x02000600, 0x02000200, 0x02000300, 0x02000400, 0x02000a00, 0x0400780b, 0x02006400, 0x02000600, 0x01000000, 0x02006400, 0x02000400,
	0x02006400, 0x02000600, 0x04007802, 0x01003200, 0x03000000, 0x03000000, 0x03000000, 0x03000000, 0x03000000, 0x03000000, 0x03000000, 0x03000000,
	0x02007800, 0x02006400, 0x02000600, 0x02000200, 0x02000300, 0x02000400, 0x02000a00, 0x04007803, 0x02000300, 0x02000300, 0x02000a00, 0x01004b00,
	0x02006400, 0x02000300, 0x01000000, 0x02006400, 0x02000200, 0x02000200, 0x02000a00, 0x02006400, 0x02000600, 0x02000200, 0x02000300, 0x02000400,
	0x02000a00, 0x02007800, 0x02006400, 0x02000600, 0x01000000, 0x02006400, 0x02000400, 0x01000000, 0x02006400, 0x02000600, 0x02000200, 0x04007802,
	0x01003200, 0x01003200, 0x02001400, 0x04007802, 0x02006400, 0x02000600, 0x02000700, 0x01000000, 0x02006400, 0x01000a00, 0x02000600, 0x02000e00,
	0x01003200, 0x01000a00, 0x01001400, 0x01003200, 0x01003200, 0x02001400, 0x02006300, 0x02000a00, 0x02000100, 0x02000200, 0x02007800, 0x01003200,
	0x03000000, 0x03000000, 0x02007800, 0x01003200, 0x01003200, 0x02000300, 0x04007802, 0x02006400, 0x02000600, 0x01003200, 0x01000a00, 0x01003200,
	0x01000a00, 0x01003200, 0x01000a00, 0x01003200, 0x01000a00, 0x01001400, 0x01001400, 0x01001400, 0x01001400, 0x01001400, 0x01001400, 0x02006300,
	0x02000a00, 0x02000a00, 0x02000a00, 0x02007000, 0x01001400, 0x01001400, 0x01001400, 0x01001400, 0x01001400, 0x01001400, 0x01001400, 0x01001400,
	0x01001400, 0x01001400, 0x01001400, 0x01001400, 0x01001400, 0x01001400, 0x01001400, 0x01001400, 0x01001400, 0x01001400, 0x01001400, 0x01001400,
	0x01001400, 0x01001400, 0x01001400, 0x01001400, 0x01001400, 0x01001400, 0x01001400, 0x01001400, 0x01001400, 0x01001400, 0x01001400, 0x01001400,
	0x01001400, 0x01001400, 0x01001400, 0x01001400, 0x01001400, 0x01001400, 0x01001400, 0x01001400, 0x01001400, 0x02000700, 0x02000800, 0x02000400,
	0x02007800, 0x02006400, 0x04007806, 0x02006400, 0x02000300, 0x01000000, 0x02006400, 0x01000a00, 0x02000600, 0x02000e00, 0x01003200, 0x01000a00,
	0x01001400, 0x01003200, 0x03000000, 0x03000000, 0x03000000, 0x03000000, 0x03000000, 0x03000000, 0x03000000, 0x03000000, 0x01005000, 0x02006400,
	0x02000600, 0x01005000, 0x01005000, 0x01001400, 0x01001400, 0x02000200, 0x04007803, 0x01003200, 0x03000000, 0x03000000, 0x03000000, 0x03000000,
	0x01005000, 0x02000a00, 0x02006400, 0x02007800, 0x01003200, 0x01001400, 0x02000e00, 0x02007800, 0x02000e00, 0x02007800, 0x01000500, 0x01000a00,
	0x02001200, 0x01003200, 0x01003200, 0x02000400, 0x02007800, 0x01000500, 0x02000400, 0x01003200, 0x02000400, 0x02007800, 0x01000500, 0x01000a00,
	0x02001200, 0x01003200, 0x01003200, 0x02000400, 0x02007800, 0x01000500, 0x01000a00, 0x02001200, 0x01003200, 0x01003200, 0x02000400, 0x02007800,
	0x01003200, 0x02007800, 0x02007800, 0x01000500, 0x01000a00, 0x01003200, 0x01003200, 0x01003200, 0x02000400, 0x02001f00, 0x02007800, 0x01003200,
	0x01000a00, 0x01003200, 0x02007800, 0x02006400, 0x02000200, 0x01005000, 0x01001400, 0x01001400, 0x02000200, 0x04007802, 0x01003200, 0x01000a00,
	0x01003200, 0x02007800, 0x01003200, 0x02006400, 0x02000500, 0x01005000, 0x01005000, 0x01001400, 0x01001400, 0x02006300, 0x02000a00, 0x02000a00,
	0x02001900, 0x01001400, 0x01001400, 0x01001400, 0x01001400, 0x01001400, 0x01001400, 0x01001400, 0x01001400, 0x01001400, 0x01001400, 0x01001400,
	0x01001400, 0x01001400, 0x01001400, 0x01001400, 0x01001400, 0x01001400, 0x01001400, 0x01001400, 0x01001400, 0x02000500, 0x02000a00, 0x01000000,
	0x01005000, 0x02000500, 0x02000a00, 0x01000000, 0x01005000, 0x02000500, 0x02000a00, 0x01000000, 0x01005000, 0x02000500, 0x02000a00, 0x01000000,
	0x01005000, 0x02006400, 0x02000500, 0x02000500, 0x02000a00, 0x01000000, 0x01005000, 0x02000500, 0x02000a00, 0x01000000, 0x01005000, 0x02000500,
	0x02000a00, 0x01000000, 0x01005000, 0x02006400, 0x02000500, 0x01001400, 0x01001400, 0x02000200, 0x01005000, 0x01001400, 0x01001400, 0x02006300,
	0x02000a00, 0x02000a00, 0x02000a00, 0x02001e00, 0x01001400, 0x01001400, 0x01001400, 0x01001400, 0x01001400, 0x01001400, 0x01001400, 0x01001400,
	0x01001400, 0x01001400, 0x01001400, 0x01001400, 0x01001400, 0x01001400, 0x01001400, 0x01001400, 0x01001400, 0x01001400, 0x01001400, 0x01001400,
	0x01001400, 0x01001400, 0x01001400, 0x01001400, 0x02000a00, 0x02000100, 0x02000600, 0x01000000, 0x01005000, 0x02000a00, 0x02000100, 0x02000600,
	0x01000000, 0x01005000, 0x02006400, 0x02000500, 0x02000200, 0x02007800, 0x01000500, 0x01000a00, 0x02001200, 0x01003200, 0x01003200, 0x02000400,
	0x02007800, 0x01000500, 0x01000a00, 0x02001200, 0x01003200, 0x01003200, 0x02000400, 0x02007800, 0x01000500, 0x01000a00, 0x02001200, 0x01003200,
	0x01003200, 0x02000400, 0x02007800, 0x02006400, 0x02000500, 0x02000200, 0x02000300, 0x02000400, 0x02000a00, 0x02007800, 0x01000500, 0x01000a00,
	0x02001200, 0x01003200, 0x01003200, 0x02000400, 0x02007800, 0x02000e00, 0x02007800, 0x01000500, 0x01000a00, 0x02001200, 0x01003200, 0x01003200,
	0x02000400, 0x02007800, 0x02006400, 0x02000500, 0x01000000, 0x02006400, 0x02000500, 0x02006400, 0x01000a00, 0x02000500, 0x02000e00, 0x01003200,
	0x01000a00, 0x01001400, 0x01003200, 0x03000000, 0x03000000, 0x03000000, 0x03000000, 0x03000000, 0x03000000, 0x03000000, 0x03000000, 0x02007800,
	0x01000500, 0x01000a00, 0x02001200, 0x01003200, 0x01003200, 0x02000400, 0x02007800, 0x01000500, 0x01000a00, 0x02001200, 0x01003200, 0x01003200,
	0x02000400, 0x02007800, 0x01000500, 0x01000a00, 0x02001200, 0x01003200, 0x01003200, 0x02000400, 0x02007800, 0x02000e00, 0x02007800, 0x01000500,
	0x01000a00, 0x02001200, 0x01003200, 0x01003200, 0x02000400, 0x02007800, 0x02006400, 0x02000500, 0x02000200, 0x02007800, 0x01000500, 0x01000a00,
	0x02001200, 0x01003200, 0x01003200, 0x02000400, 0x02007800, 0x01000500, 0x01000a00, 0x02001200, 0x01003200, 0x01003200, 0x02000400, 0x02007800,
	0x01000500, 0x01000a00, 0x02001200, 0x01003200, 0x01003200, 0x02000400, 0x02007800, 0x01000500, 0x01000a00, 0x02001200, 0x01003200, 0x01003200,
	0x02000400, 0x02007800, 0x01000500, 0x01000a00, 0x01003200, 0x01003200, 0x01003200, 0x02000400, 0x02001f00, 0x02007800, 0x02000e00, 0x02007800,
	0x01000500, 0x01000a00, 0x02001200, 0x01003200, 0x01003200, 0x02000400, 0x02007800, 0x01003200, 0x04007803, 0x02007800, 0x01000500, 0x01000a00,
	0x02001200, 0x01003200, 0x01003200, 0x02000400, 0x02007800, 0x01000500, 0x01000a00, 0x02001200, 0x01003200, 0x01003200, 0x02000400, 0x02007800,
	0x01003200, 0x01003200, 0x02000300, 0x02007800, 0x02006400, 0x02000400, 0x02007800, 0x01003200, 0x02007800, 0x02007800, 0x01000500, 0x01000a00,
	0x02001200, 0x01003200, 0x01003200, 0x02000400, 0x02007800, 0x01000500, 0x01000a00, 0x02001200, 0x01003200, 0x01003200, 0x02000400, 0x02007800,
	0x02006400, 0x02000500, 0x02000200, 0x02000300, 0x02000400, 0x02000a00, 0x02007800, 0x02006400, 0x02000500, 0x02006400, 0x02000400, 0x04007804,
	0x01003200, 0x03000000, 0x03000000, 0x03000000, 0x03000000, 0x03000000, 0x03000000, 0x03000000, 0x03000000, 0x03000000, 0x03000000, 0x03000000,
	0x03000000, 0x03000000, 0x03000000, 0x03000000, 0x03000000, 0x01005000, 0x02006400, 0x02000500, 0x01005000, 0x02000200, 0x01005000, 0x01000000,
	0x01005000, 0x02006400, 0x02000200, 0x02000a00, 0x01005000, 0x02006400, 0x02000200, 0x02000a00, 0x01005000, 0x01001400, 0x01001400, 0x02000400,
	0x02000300, 0x04007806, 0x02006400, 0x02000500, 0x02000200, 0x02000300, 0x02000400, 0x02000a00, 0x02007800, 0x02006400, 0x02000500, 0x02007800,
	0x01003200, 0x02001000, 0x01003200, 0x02002000, 0x04007802, 0x02006400, 0x02000500, 0x01000000, 0x02006400, 0x02004100, 0x04007802, 0x02006400,
	0x02000700, 0x02006400, 0x02000600, 0x02000200, 0x02006400, 0x02000500, 0x02007800, 0x02006400, 0x02000500, 0x02007800, 0x01003200, 0x01003200,
	0x02000300, 0x01003200, 0x04007805, 0x02006400, 0x01000000, 0x02006400, 0x02000500, 0x02006400, 0x02004100, 0x04007805, 0x01003200, 0x03000000,
	0x03000000, 0x04007802, 0x01003200, 0x01003200, 0x02000300, 0x04007806, 0x02006400, 0x02000500, 0x01000000, 0x02006400, 0x02000500, 0x04007802,
	0x01003200, 0x03000000, 0x03000000, 0x03000000, 0x03000000, 0x03000000, 0x03000000, 0x03000000, 0x03000000, 0x01003200, 0x02002000, 0x01003200,
	0x02007800, 0x02006400, 0x01000000, 0x02006400, 0x02000500, 0x01000000, 0x02006400, 0x02000500, 0x02007800, 0x02006400, 0x02000400, 0x02000a00,
	0x02000500, 0x01000000, 0x02006400, 0x02000400, 0x02006400, 0x02000500, 0x02006400, 0x02000500, 0x02007800, 0x02006400, 0x01005000, 0x02006400,
	0x02007800, 0x02007800, 0x02006400, 0x02000500, 0x01000000, 0x02006400, 0x02001500, 0x01005000, 0x01005000, 0x01000a00, 0x01001400, 0x01001400,
	0x02000900, 0x02000800, 0x02006400, 0x02007800, 0x01005000, 0x02000300, 0x01005000, 0x02000200, 0x01005000, 0x01005000, 0x02006400, 0x02000400,
	0x01005000, 0x01003200, 0x01000a00, 0x01003200, 0x01001400, 0x01001400, 0x01000000, 0x01005000, 0x01003200, 0x01000a00, 0x01003200, 0x01001400,
	0x01001400, 0x01000000, 0x01005000, 0x01003200, 0x01000a00, 0x01003200, 0x01001400, 0x01001400, 0x01000000, 0x01005000, 0x01003200, 0x01000a00,
	0x01003200, 0x01001400, 0x01001400, 0x02000a00, 0x01005000, 0x01003200, 0x01000a00, 0x01003200, 0x01001400, 0x01001400, 0x02000a00, 0x01005000,
	0x01003200, 0x01000a00, 0x01003200, 0x01001400, 0x01001400, 0x02000a00, 0x01005000, 0x01003200, 0x01000a00, 0x01003200, 0x01001400, 0x01001400,
	0x02000a00, 0x02000800, 0x02006300, 0x02000a00, 0x02000a00, 0x02001200, 0x01001400, 0x02000c00, 0x02000600, 0x02000600, 0x01005000, 0x02006400,
	0x02000400, 0x01003200, 0x01001400, 0x01003200, 0x03000000, 0x03000000, 0x03000000, 0x03000000, 0x03000000, 0x03000000, 0x03000000, 0x03000000,
	0x01005000, 0x02006400, 0x02001000, 0x01005000, 0x02000600, 0x02000600, 0x01005000, 0x02000600, 0x02000600, 0x01005000, 0x02000600, 0x02000600,
	0x01005000, 0x02006400, 0x02000400, 0x02000200, 0x01005000, 0x02006400, 0x02000400, 0x01003200, 0x01001400, 0x01003200, 0x01003200, 0x02001400,
	0x01005000, 0x02006400, 0x02000f00, 0x01005000, 0x02000600, 0x02000600, 0x01005000, 0x02000600, 0x02000600, 0x01005000, 0x02000600, 0x02000600,
	0x01005000, 0x02000600, 0x02000600, 0x01005000, 0x02000600, 0x02000600, 0x01005000, 0x02000600, 0x02000600, 0x01005000, 0x02000600, 0x02000600,
	0x01005000, 0x02000600, 0x02000600, 0x01005000, 0x02000600, 0x02000600, 0x01005000, 0x02000600, 0x02000600, 0x01005000, 0x02000600, 0x02000600,
	0x01005000, 0x02000600, 0x02000600, 0x01005000, 0x02000600, 0x02000600, 0x01005000, 0x02000600, 0x02000600, 0x01005000, 0x02000600, 0x02000600,
	0x01005000, 0x02000600, 0x02000600, 0x01005000, 0x02006400, 0x02000e00, 0x01005000, 0x02000600, 0x02000600, 0x01005000, 0x02000600, 0x02000600,
	0x01005000, 0x02006400, 0x02000d00, 0x02000a00, 0x01000000, 0x01005000, 0x02000600, 0x02000600, 0x01005000, 0x02000600, 0x02000600, 0x01005000,
	0x02000600, 0x02000600, 0x01005000, 0x02000600, 0x02000600, 0x01005000, 0x02000600, 0x02000600, 0x01005000, 0x02000600, 0x02000600, 0x01005000,
	0x02000600, 0x02000600, 0x01005000, 0x02000600, 0x02000600, 0x01005000, 0x02000600, 0x02000600, 0x01005000, 0x02000600, 0x02000600, 0x01005000,
	0x02000600, 0x02000600, 0x01005000, 0x02000600, 0x02000600, 0x01005000, 0x02000600, 0x02000600, 0x01005000, 0x02000600, 0x02000600, 0x01005000,
	0x02000600, 0x02000600, 0x01005000, 0x02000600, 0x02000600, 0x01005000, 0x02000600, 0x02000600, 0x01005000, 0x02000600, 0x02000600, 0x01005000,
	0x02000600, 0x02000600, 0x01005000, 0x02000600, 0x02000600, 0x01005000, 0x02006400, 0x02000400, 0x02000800, 0x01005000, 0x02000600, 0x02000600,
	0x01005000, 0x02000600, 0x02000600, 0x01005000, 0x02000600, 0x02000600, 0x01005000, 0x02000600, 0x02000600, 0x01005000, 0x02000600, 0x02000600,
	0x01005000, 0x02006400, 0x02000400, 0x01003200, 0x01001400, 0x01003200, 0x03000000, 0x03000000, 0x03000000, 0x03000000, 0x03000000, 0x03000000,
	0x03000000, 0x03000000, 0x01005000, 0x02006400, 0x02000d00, 0x02000800, 0x02000600, 0x02000100, 0x01005000, 0x02000600, 0x02000600, 0x01005000,
	0x02000600, 0x02000600, 0x01005000, 0x02000600, 0x02000600, 0x01005000, 0x02000600, 0x02000600, 0x01005000, 0x02006400, 0x02000d00, 0x02000800,
	0x02000600, 0x02000100, 0x01005000, 0x02000600, 0x02000600, 0x01005000, 0x02000600, 0x02000600, 0x01005000, 0x02000600, 0x02000600, 0x01005000,
	0x02000600, 0x02000600, 0x01005000, 0x02000600, 0x02000600, 0x01005000, 0x02000600, 0x02000600, 0x01005000, 0x02000600, 0x02000600, 0x01005000,
	0x02000600, 0x02000600, 0x01005000, 0x02000600, 0x02000600, 0x01005000, 0x02006400, 0x02000400, 0x02000600, 0x02000600, 0x01005000, 0x02000600,
	0x02000600, 0x01005000, 0x02000600, 0x02000600, 0x01005000, 0x02000600, 0x02000600, 0x01005000, 0x02000600, 0x02000600, 0x01005000, 0x02000600,
	0x02000600, 0x01005000, 0x02000600, 0x02000600, 0x01005000, 0x02000600, 0x02000600, 0x01005000, 0x02000600, 0x02000600, 0x01005000, 0x02000600,
	0x02000600, 0x01005000, 0x02000600, 0x02000600, 0x01005000, 0x02000600, 0x02000600, 0x01005000, 0x02000600, 0x02000600, 0x01005000, 0x02000600,
	0x02000600, 0x01005000, 0x02000600, 0x02000600, 0x01005000, 0x02006400, 0x02000d00, 0x02000800, 0x02000600, 0x02000100, 0x01005000, 0x02000600,
	0x02000600, 0x01005000, 0x02000600, 0x02000600, 0x01005000, 0x02000600, 0x02000600, 0x01005000, 0x02006400, 0x02000d00, 0x02000a00, 0x01000000,
	0x01005000, 0x02006400, 0x02000400, 0x01003200, 0x01001400, 0x01003200, 0x01003200, 0x02001400, 0x01005000, 0x02000600, 0x02000600, 0x01005000,
	0x02000600, 0x02000600, 0x01005000, 0x02000600, 0x02000600, 0x01005000, 0x02006400, 0x02000d00, 0x02000300, 0x01005000, 0x02006400, 0x02000d00,
	0x01005000, 0x02000600, 0x02000600, 0x01005000, 0x02000600, 0x02000600, 0x01005000, 0x02000600, 0x02000600, 0x01005000, 0x02000600, 0x02000600,
	0x01005000, 0x02006400, 0x02000400, 0x02000200, 0x01005000, 0x02000600, 0x02000600, 0x01005000, 0x02000600, 0x02000600, 0x01005000, 0x02000600,
	0x02000600, 0x01005000, 0x02000600, 0x02000600, 0x01005000, 0x02000600, 0x02000600, 0x01005000, 0x02000600, 0x02000600, 0x01005000, 0x02000600,
	0x02000600, 0x01005000, 0x02000600, 0x02000600, 0x01005000, 0x02006400, 0x02000c00, 0x01005000, 0x02000600, 0x02000600, 0x01005000, 0x02006400,
	0x02000400, 0x01003200, 0x01001400, 0x01003200, 0x01003200, 0x02000300, 0x02006300, 0x02000a00, 0x02000a00, 0x02000a00, 0x02007800, 0x01003200,
	0x03000000, 0x03000000, 0x03000000, 0x03000000, 0x03000000, 0x03000000, 0x03000000, 0x03000000, 0x01003200, 0x01003200, 0x02000300, 0x01003200,
	0x01003200, 0x02001400, 0x01003200, 0x03000000, 0x03000000, 0x03000000, 0x03000000, 0x03000000, 0x03000000, 0x03000000, 0x03000000, 0x01003200,
	0x01003200, 0x02000300, 0x01003200, 0x03000000, 0x03000000, 0x03000000, 0x03000000, 0x03000000, 0x03000000, 0x03000000, 0x03000000, 0x01003200,
	0x03000000, 0x03000000, 0x03000000, 0x03000000, 0x03000000, 0x03000000, 0x03000000, 0x03000000, 0x01003200, 0x03000000, 0x03000000, 0x03000000,
	0x03000000, 0x03000000, 0x03000000, 0x03000000, 0x03000000, 0x01003200, 0x01003200, 0x02001400, 0x01003200, 0x03000000, 0x03000000, 0x03000000,
	0x03000000, 0x03000000, 0x03000000, 0x03000000, 0x03000000, 0x01003200, 0x03000000, 0x03000000, 0x03000000, 0x03000000, 0x03000000, 0x03000000,
	0x03000000, 0x03000000, 0x01003200, 0x03000000, 0x03000000, 0x03000000, 0x03000000, 0x03000000, 0x03000000, 0x03000000, 0x03000000, 0x01003200,
	0x01003200, 0x02001400, 0x01003200, 0x01003200, 0x02000300, 0x01003200, 0x03000000, 0x03000000, 0x03000000, 0x03000000, 0x03000000, 0x03000000,
	0x03000000, 0x03000000, 0x01003200, 0x03000000, 0x03000000, 0x03000000, 0x03000000, 0x03000000, 0x03000000, 0x03000000, 0x03000000, 0x01003200,
	0x01003200, 0x02000300, 0x01003200, 0x03000000, 0x03000000, 0x03000000, 0x03000000, 0x03000000, 0x03000000, 0x03000000, 0x03000000, 0x01003200,
	0x03000000, 0x03000000, 0x03000000, 0x03000000, 0x03000000, 0x03000000, 0x03000000, 0x03000000, 0x01003200, 0x01003200, 0x02001400, 0x01003200,
	0x03000000, 0x03000000, 0x03000000, 0x03000000, 0x03000000, 0x03000000, 0x03000000, 0x03000000, 0x01003200, 0x03000000, 0x03000000, 0x03000000,
	0x03000000, 0x03000000, 0x03000000, 0x03000000, 0x03000000, 0x01003200, 0x01003200, 0x02000300, 0x01003200, 0x03000000, 0x03000000, 0x03000000,
	0x03000000, 0x03000000, 0x03000000, 0x03000000, 0x03000000, 0x01003200, 0x01003200, 0x02000300, 0x01003200, 0x01003200, 0x02001400, 0x01003200,
	0x01003200, 0x02000300, 0x01003200, 0x03000000, 0x03000000, 0x03000000, 0x03000000, 0x03000000, 0x03000000, 0x03000000, 0x03000000, 0x01003200,
	0x01003200, 0x02000300, 0x01003200, 0x03000000, 0x03000000, 0x03000000, 0x03000000, 0x03000000, 0x03000000, 0x03000000, 0x03000000, 0x01003200,
	0x03000000, 0x03000000, 0x03000000, 0x03000000, 0x03000000, 0x03000000, 0x03000000, 0x03000000, 0x01003200, 0x03000000, 0x03000000, 0x03000000,
	0x03000000, 0x03000000, 0x03000000, 0x03000000, 0x03000000, 0x01003200, 0x03000000, 0x03000000, 0x03000000, 0x03000000, 0x03000000, 0x03000000,
	0x03000000, 0x03000000, 0x01003200, 0x03000000, 0x03000000, 0x03000000, 0x03000000, 0x03000000, 0x03000000, 0x03000000, 0x03000000, 0x01003200,
	0x01003200, 0x02001400, 0x01003200, 0x01003200, 0x02001400, 0x01003200, 0x01003200, 0x02000300, 0x01003200, 0x01003200, 0x02000300, 0x01003200,
	0x01003200, 0x02000300, 0x01003200, 0x01003200, 0x02000300, 0x01003200, 0x01003200, 0x02001400, 0x01003200, 0x03000000, 0x03000000, 0x03000000,
	0x03000000, 0x03000000, 0x03000000, 0x03000000, 0x03000000, 0x01003200, 0x03000000, 0x03000000, 0x03000000, 0x03000000, 0x03000000, 0x03000000,
	0x03000000, 0x03000000, 0x01003200, 0x01003200, 0x02001400, 0x01003200, 0x01003200, 0x02001400, 0x01003200, 0x03000000, 0x03000000, 0x03000000,
	0x03000000, 0x03000000, 0x03000000, 0x03000000, 0x03000000, 0x01003200, 0x01003200, 0x02001400, 0x01003200, 0x01003200, 0x02000300, 0x01003200,
	0x03000000, 0x03000000, 0x03000000, 0x03000000, 0x03000000, 0x03000000, 0x03000000, 0x03000000, 0x01003200, 0x01003200, 0x02001400, 0x01003200,
	0x01003200, 0x02001400, 0x01003200, 0x03000000, 0x03000000, 0x03000000, 0x03000000, 0x03000000, 0x03000000, 0x03000000, 0x03000000, 0x01003200,
	0x01003200, 0x02000300, 0x01003200, 0x03000000, 0x03000000, 0x03000000, 0x03000000, 0x03000000, 0x03000000, 0x03000000, 0x03000000, 0x01003200,
	0x03000000, 0x03000000, 0x03000000, 0x03000000, 0x03000000, 0x03000000, 0x03000000, 0x03000000, 0x01003200, 0x03000000, 0x03000000, 0x03000000,
	0x03000000, 0x03000000, 0x03000000, 0x03000000, 0x03000000, 0x01003200, 0x03000000, 0x03000000, 0x03000000, 0x03000000, 0x03000000, 0x03000000,
	0x03000000, 0x03000000, 0x01003200, 0x01003200, 0x02001400, 0x01003200, 0x01003200, 0x02001400, 0x01003200, 0x03000000, 0x03000000, 0x03000000,
	0x03000000, 0x03000000, 0x03000000, 0x03000000, 0x03000000, 0x01003200, 0x03000000, 0x03000000, 0x03000000, 0x03000000, 0x03000000, 0x03000000,
	0x03000000, 0x03000000, 0x01003200, 0x01003200, 0x02001400, 0x01003200, 0x03000000, 0x03000000, 0x03000000, 0x03000000, 0x03000000, 0x03000000,
	0x03000000, 0x03000000, 0x01003200, 0x01003200, 0x02000300, 0x01003200, 0x03000000, 0x03000000, 0x03000000, 0x03000000, 0x03000000, 0x03000000,
	0x03000000, 0x03000000, 0x01003200, 0x01003200, 0x02000300, 0x01003200, 0x01003200, 0x02001400, 0x01003200, 0x01003200, 0x02001400, 0x01003200,
	0x03000000, 0x03000000, 0x03000000, 0x03000000, 0x03000000, 0x03000000, 0x03000000, 0x03000000, 0x01003200, 0x01003200, 0x02001400, 0x01003200,
	0x03000000, 0x03000000, 0x03000000, 0x03000000, 0x03000000, 0x03000000, 0x03000000, 0x03000000, 0x01003200, 0x01003200, 0x02000300, 0x01003200,
	0x03000000, 0x03000000, 0x03000000, 0x03000000, 0x03000000, 0x03000000, 0x03000000, 0x03000000, 0x01003200, 0x03000000, 0x03000000, 0x03000000,
	0x03000000, 0x03000000, 0x03000000, 0x03000000, 0x03000000, 0x01003200, 0x03000000, 0x03000000, 0x03000000, 0x03000000, 0x03000000, 0x03000000,
	0x03000000, 0x03000000, 0x01003200, 0x01003200, 0x02001400, 0x01003200, 0x03000000, 0x03000000, 0x03000000, 0x03000000, 0x03000000, 0x03000000,
	0x03000000, 0x03000000, 0x01003200, 0x03000000, 0x03000000, 0x03000000, 0x03000000, 0x03000000, 0x03000000, 0x03000000, 0x03000000, 0x01003200,
	0x01003200, 0x02000300, 0x01003200, 0x01003200, 0x02000300, 0x01003200, 0x03000000, 0x03000000, 0x03000000, 0x03000000, 0x03000000, 0x03000000,
	0x03000000, 0x03000000, 0x02000500, 0x02000800, 0x02000600, 0x01005000, 0x02000600, 0x02000600, 0x01005000, 0x02000600, 0x02000600, 0x01005000,
	0x02000600, 0x02000600, 0x01005000, 0x02000600, 0x02000600, 0x01005000, 0x02000600, 0x02000600, 0x01005000, 0x02000600, 0x02000600, 0x01005000,
	0x02000600, 0x02000600, 0x01005000, 0x02000600, 0x02000600, 0x01005000, 0x02000600, 0x02000600, 0x01005000, 0x02000600, 0x02000600, 0x01005000,
	0x02000600, 0x02000600, 0x01005000, 0x02000600, 0x02000600, 0x01005000, 0x02006400, 0x02000400, 0x01005000, 0x02000600, 0x02000600, 0x01005000,
	0x02000600, 0x02000600, 0x01005000, 0x02000600, 0x02000600, 0x01005000, 0x02000600, 0x02000600, 0x01005000, 0x02000600, 0x02000600, 0x01005000,
	0x02000600, 0x02000600, 0x01005000, 0x02000600, 0x02000600, 0x01005000, 0x02000600, 0x02000600, 0x01005000, 0x02000600, 0x02000600, 0x01005000,
	0x02000600, 0x02000600, 0x01005000, 0x02000600, 0x02000600, 0x01005000, 0x02000600, 0x02000600, 0x01005000, 0x02000600, 0x02000600, 0x01005000,
	0x02006400, 0x01000a00, 0x02000400, 0x02000e00, 0x01003200, 0x01001400, 0x01003200, 0x03000000, 0x03000000, 0x03000000, 0x03000000, 0x03000000,
	0x03000000, 0x03000000, 0x03000000, 0x03000000, 0x03000000, 0x03000000, 0x03000000, 0x03000000, 0x03000000, 0x03000000, 0x03000000, 0x01005000,
	0x02006400, 0x01000a00, 0x02000400, 0x04000e02, 0x01003200, 0x01001400, 0x01003200, 0x03000000, 0x03000000, 0x01003200, 0x02000400, 0x02006400,
	0x02007800, 0x01005000, 0x02000b00, 0x01005000, 0x02000a00, 0x01005000, 0x02000900, 0x02000600, 0x02000600, 0x01005000, 0x02000900, 0x01005000,
	0x02000800, 0x01000000, 0x01005000, 0x02000700, 0x01005000, 0x02000600, 0x01005000, 0x02000500, 0x01005000, 0x02006400, 0x02000400, 0x02000200,
	0x01005000, 0x02000400, 0x01005000, 0x02006400, 0x02000400, 0x02000300, 0x01000000, 0x01005000, 0x02000200, 0x02000600, 0x02000600, 0x01005000,
	0x02000200, 0x01000000, 0x01005000, 0x02000600, 0x02000600, 0x01005000, 0x02006400, 0x02000400, 0x02000700, 0x01005000, 0x02000600, 0x02000600,
	0x01005000, 0x02000600, 0x02000600, 0x01005000, 0x02000600, 0x02000600, 0x01005000, 0x02000600, 0x02000600, 0x01005000, 0x02000600, 0x02000600,
	0x01005000, 0x02006400, 0x02001000, 0x01005000, 0x02000600, 0x02000600, 0x01005000, 0x02000600, 0x02000600, 0x01005000, 0x02000600, 0x02000600,
	0x01005000, 0x02006400, 0x02000400, 0x02000200, 0x01005000, 0x02006400, 0x02000f00, 0x01005000, 0x02000600, 0x02000600, 0x01005000, 0x02000600,
	0x02000600, 0x01005000, 0x02000600, 0x02000600, 0x01005000, 0x02000600, 0x02000600, 0x01005000, 0x02000600, 0x02000600, 0x01005000, 0x02000600,
	0x02000600, 0x01005000, 0x02000600, 0x02000600, 0x01005000, 0x02006400, 0x02000400, 0x02000600, 0x02000600, 0x01005000, 0x02006400, 0x02000400,
	0x01005000, 0x02006400, 0x02000400, 0x01003200, 0x01001400, 0x01003200, 0x01003200, 0x02001400, 0x02006300, 0x02000a00, 0x02000a00, 0x02000a00,
	0x02005400, 0x01003200, 0x03000000, 0x03000000, 0x03000000, 0x03000000, 0x03000000, 0x03000000, 0x03000000, 0x03000000, 0x01003200, 0x01003200,
	0x02000300, 0x01003200, 0x01003200, 0x02000300, 0x01003200, 0x01003200, 0x02000300, 0x01003200, 0x01003200, 0x02000300, 0x01003200, 0x01003200,
	0x02001400, 0x01003200, 0x01003200, 0x02000300, 0x01003200, 0x01003200, 0x02000300, 0x01003200, 0x01003200, 0x02000300, 0x01003200, 0x01003200,
	0x02000300, 0x01003200, 0x01003200, 0x02001400, 0x01003200, 0x03000000, 0x03000000, 0x03000000, 0x03000000, 0x03000000, 0x03000000, 0x03000000,
	0x03000000, 0x01003200, 0x01003200, 0x02000300, 0x01003200, 0x03000000, 0x03000000, 0x03000000, 0x03000000, 0x03000000, 0x03000000, 0x03000000,
	0x03000000, 0x01003200, 0x03000000, 0x03000000, 0x03000000, 0x03000000, 0x03000000, 0x03000000, 0x03000000, 0x03000000, 0x01003200, 0x01003200,
	0x02001400, 0x01003200, 0x03000000, 0x03000000, 0x03000000, 0x03000000, 0x03000000, 0x03000000, 0x03000000, 0x03000000, 0x01003200, 0x03000000,
	0x03000000, 0x03000000, 0x03000000, 0x03000000, 0x03000000, 0x03000000, 0x03000000, 0x01003200, 0x03000000, 0x03000000, 0x03000000, 0x03000000,
	0x03000000, 0x03000000, 0x03000000, 0x03000000, 0x01003200, 0x03000000, 0x03000000, 0x03000000, 0x03000000, 0x03000000, 0x03000000, 0x03000000,
	0x03000000, 0x01003200, 0x01003200, 0x02001400, 0x01003200, 0x03000000, 0x03000000, 0x03000000, 0x03000000, 0x03000000, 0x03000000, 0x03000000,
	0x03000000, 0x01003200, 0x01003200, 0x02000300, 0x01003200, 0x03000000, 0x03000000, 0x03000000, 0x03000000, 0x03000000, 0x03000000, 0x03000000,
	0x03000000, 0x02000300, 0x02000700, 0x02000800, 0x01005000, 0x02006400, 0x02000400, 0x02000800, 0x01005000, 0x02006400, 0x02000400, 0x02000600,
	0x02000600, 0x01005000, 0x02000600, 0x02000600, 0x01005000, 0x02000600, 0x02000600, 0x01005000, 0x02000600, 0x02000600, 0x01005000, 0x02006400,
	0x02000400, 0x02000800, 0x01005000, 0x02000600, 0x02000600, 0x01005000, 0x02000600, 0x02000600, 0x01005000, 0x02000600, 0x02000600, 0x01005000,
	0x02000600, 0x02000600, 0x01005000, 0x02000600, 0x02000600, 0x01005000, 0x02000600, 0x02000600, 0x01005000, 0x02006400, 0x02000400, 0x02000600,
	0x02000600, 0x01005000, 0x02000600, 0x02000600, 0x01005000, 0x02000600, 0x02000600, 0x01005000, 0x02000600, 0x02000600, 0x01005000, 0x02000600,
	0x02000600, 0x01005000, 0x02006400, 0x02000400, 0x02000800, 0x01005000, 0x02000600, 0x02000600, 0x01005000, 0x02006400, 0x02000400, 0x02000600,
	0x02000600, 0x01005000, 0x02000600, 0x02000600, 0x01005000, 0x02000600, 0x02000600, 0x01005000, 0x02000600, 0x02000600, 0x01005000, 0x02000600,
	0x02000600, 0x01005000, 0x02000600, 0x02000600, 0x01005000, 0x02000600, 0x02000600, 0x01005000, 0x02000600, 0x02000600, 0x01005000, 0x02000600,
	0x02000600, 0x01005000, 0x02000600, 0x02000600, 0x01005000, 0x02000600, 0x02000600, 0x01005000, 0x02006400, 0x02000400, 0x02000600, 0x02000600,
	0x01005000, 0x02000600, 0x02000600, 0x01005000, 0x02000600, 0x02000600, 0x01005000, 0x02000600, 0x02000600, 0x01005000, 0x02000600, 0x02000600,
	0x01005000, 0x02000600, 0x02000600, 0x01005000, 0x02000600, 0x02000600, 0x01005000, 0x02000600, 0x02000600, 0x01005000, 0x02006400, 0x02000400,
	0x02000300, 0x02000700, 0x02000800, 0x01005000, 0x02000600, 0x02000600, 0x01005000, 0x02000600, 0x02000600, 0x01005000, 0x02000600, 0x02000600,
	0x01005000, 0x02000600, 0x02000600, 0x01005000, 0x02000600, 0x02000600, 0x01005000, 0x02000600, 0x02000600, 0x01005000, 0x02000600, 0x02000600,
	0x01005000, 0x02000600, 0x02000600, 0x01005000, 0x02000600, 0x02000600, 0x01005000, 0x02006400, 0x02000e00, 0x02000300, 0x01005000, 0x02000600,
	0x02000600, 0x01005000, 0x02000600, 0x02000600, 0x01005000, 0x02000600, 0x02000600, 0x01005000, 0x02000600, 0x02000600, 0x01005000, 0x02000600,
	0x02000600, 0x01005000, 0x02000600, 0x02000600, 0x01005000, 0x02000600, 0x02000600, 0x01005000, 0x02006400, 0x02000e00, 0x01005000, 0x02000600,
	0x02000600, 0x01005000, 0x02000600, 0x02000600, 0x01005000, 0x02006400, 0x02000d00, 0x02000a00, 0x01000000, 0x01005000, 0x02000600, 0x02000600,
	0x01005000, 0x02000600, 0x02000600, 0x01005000, 0x02000600, 0x02000600, 0x01005000, 0x02000600, 0x02000600, 0x01005000, 0x02000600, 0x02000600,
	0x01005000, 0x02006400, 0x02000d00, 0x01005000, 0x02000600, 0x02000600, 0x01005000, 0x02000600, 0x02000600, 0x01005000, 0x02006400, 0x02000400,
	0x02000800, 0x01005000, 0x02000600, 0x02000600, 0x01005000, 0x02000600, 0x02000600, 0x01005000, 0x02006400, 0x02000c00, 0x02000800, 0x02000600,
	0x02000100, 0x01005000, 0x02000600, 0x02000600, 0x01005000, 0x02006400, 0x02000400, 0x02000800, 0x01005000, 0x02000600, 0x02000600, 0x01005000,
	0x02006400, 0x02000c00, 0x02000100, 0x01005000, 0x02000600, 0x02000600, 0x01005000, 0x02000600, 0x02000600, 0x01005000, 0x02000600, 0x02000600,
	0x01005000, 0x02000600, 0x02000600, 0x01005000, 0x02006400, 0x02000c00, 0x01005000, 0x02000600, 0x02000600, 0x01005000, 0x02006400, 0x02000400,
	0x02000300, 0x02000700, 0x02000800, 0x01005000, 0x02000600, 0x02000600, 0x01005000, 0x02000600, 0x02000600, 0x01005000, 0x02000600, 0x02000600,
	0x01005000, 0x02000600, 0x02000600, 0x01005000, 0x02000600, 0x02000600, 0x01005000, 0x02000600, 0x02000600, 0x01005000, 0x02000600, 0x02000600,
	0x01005000, 0x02000600, 0x02000600, 0x01005000, 0x02006400, 0x02000b00, 0x01005000, 0x02000600, 0x02000600, 0x01005000, 0x02000600, 0x02000600,
	0x01005000, 0x02006400, 0x02000400, 0x02000300, 0x02000700, 0x02000800, 0x01005000, 0x02000600, 0x02000600, 0x01005000, 0x02000600, 0x02000600,
	0x01005000, 0x02000600, 0x02000600, 0x01005000, 0x02000600, 0x02000600, 0x01005000, 0x02000600, 0x02000600, 0x01005000, 0x02000600, 0x02000600,
	0x01005000, 0x02006400, 0x02000400, 0x02000600, 0x01005000, 0x02000600, 0x02000600, 0x01005000, 0x02006400, 0x02000400, 0x02000800, 0x01005000,
	0x02000600, 0x02000600, 0x01005000, 0x02000600, 0x02000600, 0x01005000, 0x02006400, 0x02000400, 0x02000600, 0x02000600, 0x01005000, 0x02000600,
	0x02000600, 0x01005000, 0x02006400, 0x02000a00, 0x01005000, 0x02000600, 0x02000600, 0x01005000, 0x02000600, 0x02000600, 0x01005000, 0x02000600,
	0x02000600, 0x01005000, 0x02000600, 0x02000600, 0x01005000, 0x02000600, 0x02000600, 0x01005000, 0x02000600, 0x02000600, 0x01005000, 0x02006400,
	0x02000900, 0x01005000, 0x02006400, 0x02000400, 0x02000800, 0x01005000, 0x02000600, 0x02000600, 0x01005000, 0x02000600, 0x02000600, 0x01005000,
	0x02006400, 0x02000800, 0x02000300, 0x01005000, 0x02000600, 0x02000600, 0x01005000, 0x02000600, 0x02000600, 0x01005000, 0x02000600, 0x02000600,
	0x01005000, 0x02000600, 0x02000600, 0x01005000, 0x02000600, 0x02000600, 0x01005000, 0x02000600, 0x02000600, 0x01005000, 0x02000600, 0x02000600,
	0x01005000, 0x02000600, 0x02000600, 0x01005000, 0x02000600, 0x02000600, 0x01005000, 0x02000600, 0x02000600, 0x01005000, 0x02000600, 0x02000600,
	0x01005000, 0x02006400, 0x02000400, 0x02000300, 0x02000700, 0x02000800, 0x01005000, 0x02000600, 0x02000600, 0x01005000, 0x02000600, 0x02000600,
	0x01005000, 0x02000600, 0x02000600, 0x01005000, 0x02000600, 0x02000600, 0x01005000, 0x02000600, 0x02000600, 0x01005000, 0x02000600, 0x02000600,
	0x01005000, 0x02000600, 0x02000600, 0x01005000, 0x02000600, 0x02000600, 0x01005000, 0x02006400, 0x02000800, 0x01000000, 0x01005000, 0x02006400,
	0x02000400, 0x02000800, 0x01005000, 0x02000600, 0x02000600, 0x01005000, 0x02006400, 0x02000700, 0x01005000, 0x02006400, 0x02000400, 0x02000300,
	0x02000700, 0x02000800, 0x01005000, 0x02000600, 0x02000600, 0x01005000, 0x02000600, 0x02000600, 0x01005000, 0x02000600, 0x02000600, 0x01005000,
	0x02000600, 0x02000600, 0x01005000, 0x02000600, 0x02000600, 0x01005000, 0x02006400, 0x02000400, 0x02000300, 0x02000700, 0x02000800, 0x01005000,
	0x02000600, 0x02000600, 0x01005000, 0x02000600, 0x02000600, 0x01005000, 0x02000600, 0x02000600, 0x01005000, 0x02006400, 0x01000a00, 0x02000400,
	0x04000e05, 0x01003200, 0x01001400, 0x01003200, 0x01003200, 0x02001400, 0x01005000, 0x02000600, 0x02000600, 0x01005000, 0x02000600, 0x02000600,
	0x01005000, 0x02000600, 0x02000600, 0x01005000, 0x02000600, 0x02000600, 0x01005000, 0x02000600, 0x02000600, 0x01005000, 0x02006400, 0x02000400,
	0x02000600, 0x02000600, 0x01005000, 0x02000600, 0x02000600, 0x01005000, 0x02006400, 0x02000400, 0x02000500, 0x01005000, 0x02006400, 0x02000400,
	0x02000400, 0x01005000, 0x02000600, 0x02000600, 0x01005000, 0x02000600, 0x02000600, 0x01005000, 0x02000600, 0x02000600, 0x01005000, 0x02006400,
	0x02000400, 0x02000300, 0x02000700, 0x02000800, 0x01005000, 0x02000600, 0x02000600, 0x01005000, 0x02006400, 0x02000600, 0x02000100, 0x01005000,
	0x02000600, 0x02000600, 0x01005000, 0x02006400, 0x02000400, 0x02000300, 0x02000700, 0x02000800, 0x01005000, 0x02000600, 0x02000600, 0x01005000,
	0x02000600, 0x02000600, 0x01005000, 0x02000600, 0x02000600, 0x01005000, 0x02000600, 0x02000600, 0x01005000, 0x02000600, 0x02000600, 0x01005000,
	0x02000600, 0x02000600, 0x01005000, 0x02000600, 0x02000600, 0x01005000, 0x02000600, 0x02000600, 0x01005000, 0x02000600, 0x02000600, 0x01005000,
	0x02000600, 0x02000600, 0x01005000, 0x02000600, 0x02000600, 0x01005000, 0x02006400, 0x02000400, 0x02000300, 0x02000500, 0x02000800, 0x02000600,
	0x01005000, 0x02006400, 0x02000400, 0x02000800, 0x01005000, 0x02000600, 0x02000600, 0x01005000, 0x02000600, 0x02000600, 0x01005000, 0x02006400,
	0x02000400, 0x02000300, 0x01005000, 0x02000600, 0x02000600, 0x01005000, 0x02000600, 0x02000600, 0x01005000, 0x02000600, 0x02000600, 0x01005000,
	0x02000600, 0x02000600, 0x01005000, 0x02000600, 0x02000600, 0x01005000, 0x02000600, 0x02000600, 0x01005000, 0x02006400, 0x02000400, 0x02000300,
	0x02000700, 0x02000800, 0x01005000, 0x02000600, 0x02000600, 0x01005000, 0x02000600, 0x02000600, 0x01005000, 0x02000600, 0x02000600, 0x01005000,
	0x02000600, 0x02000600, 0x01005000, 0x02000600, 0x02000600, 0x01005000, 0x02000600, 0x02000600, 0x01005000, 0x02000600, 0x02000600, 0x01005000,
	0x02006400, 0x02000400, 0x02000200, 0x01005000, 0x02006400, 0x02000400, 0x02000500, 0x02000800, 0x02000600, 0x01005000, 0x02000600, 0x02000600,
	0x01005000, 0x02000600, 0x02000600, 0x01005000, 0x02000600, 0x02000600, 0x01005000, 0x02000600, 0x02000600, 0x01005000, 0x02006400, 0x02000400,
	0x02000500, 0x02000800, 0x02000600, 0x01005000, 0x02000600, 0x02000600, 0x01005000, 0x02000600, 0x02000600, 0x01005000, 0x02000600, 0x02000600,
	0x01005000, 0x02000600, 0x02000600, 0x01005000, 0x02000600, 0x02000600, 0x01005000, 0x02000600, 0x02000600, 0x01005000, 0x02000600, 0x02000600,
	0x01005000, 0x02000600, 0x02000600, 0x01005000, 0x02000600, 0x02000600, 0x01005000, 0x02000600, 0x02000600, 0x01005000, 0x02006400, 0x02000400,
	0x02000800, 0x01005000, 0x02006400, 0x02000400, 0x02000300, 0x02000700, 0x02000800, 0x01005000, 0x02000600, 0x02000600, 0x01005000, 0x02000600,
	0x02000600, 0x01005000, 0x02006400, 0x02000400, 0x02000300, 0x02000700, 0x02000800, 0x01005000, 0x02006400, 0x02000600, 0x02000100, 0x01005000,
	0x02000600, 0x02000600, 0x01005000, 0x02006400, 0x02000400, 0x02000300, 0x02000700, 0x02000800, 0x01005000, 0x02000600, 0x02000600, 0x01005000,
	0x02006400, 0x02000400, 0x02000500, 0x02000800, 0x02000600, 0x01005000, 0x02006400, 0x02000400, 0x02000300, 0x02000700, 0x02000800, 0x01005000,
	0x02000600, 0x02000600, 0x01005000, 0x02006400, 0x02000400, 0x02000300, 0x02000700, 0x02000800, 0x01005000, 0x02000600, 0x02000600, 0x01005000,
	0x02000600, 0x02000600, 0x01005000, 0x02006400, 0x02000400, 0x02000600, 0x02000600, 0x01005000, 0x02000600, 0x02000600, 0x01005000, 0x02000600,
	0x02000600, 0x01005000, 0x02000600, 0x02000600, 0x01005000, 0x02006400, 0x02000400, 0x02000800, 0x01005000, 0x02000600, 0x02000600, 0x01005000,
	0x02000600, 0x02000600, 0x01005000, 0x02000600, 0x02000600, 0x01005000, 0x02006400, 0x02000400, 0x02000600, 0x02000600, 0x01005000, 0x02006400,
	0x02000600, 0x02000800, 0x02000600, 0x02000100, 0x01005000, 0x02006400, 0x02000400, 0x02000600, 0x02000600, 0x01005000, 0x02000600, 0x02000600,
	0x01005000, 0x02006400, 0x02000600, 0x01005000, 0x02000600, 0x02000600, 0x01005000, 0x02000600, 0x02000600, 0x01005000, 0x02000600, 0x02000600,
	0x01005000, 0x02000600, 0x02000600, 0x01005000, 0x02000600, 0x02000600, 0x01005000, 0x02000600, 0x02000600, 0x01005000, 0x02006400, 0x02000400,
	0x02000800, 0x01005000, 0x02000600, 0x02000600, 0x01005000, 0x02000600, 0x02000600, 0x01005000, 0x02000600, 0x02000600, 0x01005000, 0x02000600,
	0x02000600, 0x01005000, 0x02000600, 0x02000600, 0x01005000, 0x02000600, 0x02000600, 0x01005000, 0x02000600, 0x02000600, 0x01005000, 0x02006400,
	0x02000400, 0x02000800, 0x01005000, 0x02000600, 0x02000600, 0x01005000, 0x02000600, 0x02000600, 0x01005000, 0x02000600, 0x02000600, 0x01005000,
	0x02000600, 0x02000600, 0x01005000, 0x02000600, 0x02000600, 0x01005000, 0x02000600, 0x02000600, 0x01005000, 0x02000600, 0x02000600, 0x01005000,
	0x02000600, 0x02000600, 0x01005000, 0x02000600, 0x02000600, 0x01005000, 0x02000600, 0x02000600, 0x01005000, 0x02000600, 0x02000600, 0x01005000,
	0x02000600, 0x02000600, 0x01005000, 0x02006400, 0x02000500, 0x02000100, 0x01005000, 0x02006400, 0x02000400, 0x02000500, 0x02000800, 0x02000600,
	0x01005000, 0x02006400, 0x01000a00, 0x02000400, 0x02000e00, 0x01003200, 0x01001400, 0x01003200, 0x03000000, 0x03000000, 0x03000000, 0x03000000,
	0x03000000, 0x03000000, 0x03000000, 0x03000000, 0x01005000, 0x02000600, 0x02000600, 0x01005000, 0x02000600, 0x02000600, 0x01005000, 0x02000600,
	0x02000600, 0x01005000, 0x02006400, 0x02000400, 0x02000300, 0x02000700, 0x02000800, 0x01005000, 0x02000600, 0x02000600, 0x01005000, 0x02006400,
	0x02000400, 0x02000800, 0x01005000, 0x02000600, 0x02000600, 0x01005000, 0x02000600, 0x02000600, 0x01005000, 0x02000600, 0x02000600, 0x01005000,
	0x02000600, 0x02000600, 0x01005000, 0x02006400, 0x02000400, 0x02000600, 0x02000600, 0x01005000, 0x02000600, 0x02000600, 0x01005000, 0x02000600,
	0x02000600, 0x01005000, 0x02000600, 0x02000600, 0x01005000, 0x02000600, 0x02000600, 0x01005000, 0x02000600, 0x02000600, 0x01005000, 0x02000600,
	0x02000600, 0x01005000, 0x02000600, 0x02000600, 0x01005000, 0x02000600, 0x02000600, 0x01005000, 0x02000600, 0x02000600, 0x01005000, 0x02000600,
	0x02000600, 0x01005000, 0x02000600, 0x02000600, 0x01005000, 0x02000600, 0x02000600, 0x01005000, 0x02000600, 0x02000600, 0x01005000, 0x02000600,
	0x02000600, 0x01005000, 0x02000600, 0x02000600, 0x01005000, 0x02000600, 0x02000600, 0x01005000, 0x02000600, 0x02000600, 0x01005000, 0x02000600,
	0x02000600, 0x01005000, 0x02000600, 0x02000600, 0x01005000, 0x02000600, 0x02000600, 0x01005000, 0x02000600, 0x02000600, 0x01005000, 0x02000600,
	0x02000600, 0x01005000, 0x02000600, 0x02000600, 0x01005000, 0x02000600, 0x02000600, 0x01005000, 0x02000600, 0x02000600, 0x01005000, 0x02000600,
	0x02000600, 0x01005000, 0x02000600, 0x02000600, 0x01005000, 0x02000600, 0x02000600, 0x01005000, 0x02000600, 0x02000600, 0x01005000, 0x02000600,
	0x02000600, 0x01005000, 0x02000600, 0x02000600, 0x01005000, 0x02000600, 0x02000600, 0x01005000, 0x02000600, 0x02000600, 0x01005000, 0x02000600,
	0x02000600, 0x01005000, 0x02000600, 0x02000600, 0x01005000, 0x02006400, 0x02000400, 0x02000500, 0x02000800, 0x02000600, 0x01005000, 0x02000600,
	0x02000600, 0x01005000, 0x02000600, 0x02000600, 0x01005000, 0x02000600, 0x02000600, 0x01005000, 0x02006400, 0x02000400, 0x02000800, 0x01005000,
	0x02000600, 0x02000600, 0x01005000, 0x02000600, 0x02000600, 0x01005000, 0x02000600, 0x02000600, 0x01005000, 0x02000600, 0x02000600, 0x01005000,
	0x02000600, 0x02000600, 0x01005000, 0x02006400, 0x02000500, 0x02000800, 0x02000600, 0x02000100, 0x01005000, 0x02000600, 0x02000600, 0x01005000,
	0x02006400, 0x02000400, 0x02000600, 0x02000600, 0x01005000, 0x02006400, 0x02000500, 0x02000300, 0x01005000, 0x02000600, 0x02000600, 0x01005000,
	0x02006400, 0x02000400, 0x02000300, 0x02000700, 0x02000800, 0x01005000, 0x02000600, 0x02000600, 0x01005000, 0x02006400, 0x02000400, 0x02000300,
	0x02000700, 0x02000800, 0x01005000, 0x02006400, 0x02000400, 0x02000800, 0x01005000, 0x02000600, 0x02000600, 0x01005000, 0x02000600, 0x02000600,
	0x01005000, 0x02000600, 0x02000600, 0x01005000, 0x02006400, 0x02000400, 0x02000300, 0x02000700, 0x02000800, 0x01005000, 0x02000600, 0x02000600,
	0x01005000, 0x02006400, 0x02000400, 0x02000500, 0x02000800, 0x02000600, 0x01005000, 0x02006400, 0x02000400, 0x02000600, 0x02000600, 0x01005000,
	0x02000600, 0x02000600, 0x01005000, 0x02000600, 0x02000600, 0x01005000, 0x02000600, 0x02000600, 0x01005000, 0x02006400, 0x02000400, 0x02000500,
	0x02000800, 0x02000600, 0x01005000, 0x02000600, 0x02000600, 0x01005000, 0x02000600, 0x02000600, 0x01005000, 0x02006400, 0x02000500, 0x02000a00,
	0x01000000, 0x01005000, 0x02000600, 0x02000600, 0x01005000, 0x02000600, 0x02000600, 0x01005000, 0x02000600, 0x02000600, 0x01005000, 0x02000600,
	0x02000600, 0x01005000, 0x02000600, 0x02000600, 0x01005000, 0x02000600, 0x02000600, 0x01005000, 0x02000600, 0x02000600, 0x01005000, 0x02006400,
	0x02000400, 0x02000300, 0x02000700, 0x02000800, 0x01005000, 0x02000600, 0x02000600, 0x01005000, 0x02000600, 0x02000600, 0x01005000, 0x02000600,
	0x02000600, 0x01005000, 0x02006400, 0x02000400, 0x02000500, 0x02000800, 0x02000600, 0x01005000, 0x02000600, 0x02000600, 0x01005000, 0x02000600,
	0x02000600, 0x01005000, 0x02000600, 0x02000600, 0x01005000, 0x02000600, 0x02000600, 0x01005000, 0x02000600, 0x02000600, 0x01005000, 0x02000600,
	0x02000600, 0x01005000, 0x02000600, 0x02000600, 0x01005000, 0x02006400, 0x02000400, 0x02000500, 0x02000800, 0x02000600, 0x01005000, 0x02000600,
	0x02000600, 0x01005000, 0x02000600, 0x02000600, 0x01005000, 0x02000600, 0x02000600, 0x01005000, 0x02000600, 0x02000600, 0x01005000, 0x02000600,
	0x02000600, 0x01005000, 0x02000600, 0x02000600, 0x01005000, 0x02000600, 0x02000600, 0x01005000, 0x02006400, 0x02000400, 0x02000600, 0x02000600,
	0x01005000, 0x02006400, 0x02000400, 0x02000500, 0x02000800, 0x02000600, 0x01005000, 0x02000600, 0x02000600, 0x01005000, 0x02006400, 0x02000400,
	0x02000300, 0x02000700, 0x02000800, 0x01005000, 0x02000600, 0x02000600, 0x01005000, 0x02006400, 0x02000400, 0x02000600, 0x02000600, 0x01005000,
	0x02000600, 0x02000600, 0x01005000, 0x02000600, 0x02000600, 0x01005000, 0x02000600, 0x02000600, 0x01005000, 0x02000600, 0x02000600, 0x01005000,
	0x02000600, 0x02000600, 0x01005000, 0x02000600, 0x02000600, 0x01005000, 0x02000600, 0x02000600, 0x01005000, 0x02006400, 0x02000400, 0x02000800,
	0x01005000, 0x02000600, 0x02000600, 0x01005000, 0x02000600, 0x02000600, 0x01005000, 0x02000600, 0x02000600, 0x01005000, 0x02000600, 0x02000600,
	0x01005000, 0x02006400, 0x02000500, 0x02000800, 0x02000600, 0x02000100, 0x01005000, 0x02000600, 0x02000600, 0x01005000, 0x02000600, 0x02000600,
	0x01005000, 0x02000600, 0x02000600, 0x01005000, 0x02000600, 0x02000600, 0x01005000, 0x02000600, 0x02000600, 0x01005000, 0x02006400, 0x02000500,
	0x02000a00, 0x01000000, 0x01005000, 0x02000600, 0x02000600, 0x01005000, 0x02006400, 0x02000400, 0x02000800, 0x01005000, 0x02000600, 0x02000600,
	0x01005000, 0x02006400, 0x02000400, 0x02000300, 0x02000700, 0x02000800, 0x01005000, 0x02000600, 0x02000600, 0x01005000, 0x02000600, 0x02000600,
	0x01005000, 0x02000600, 0x02000600, 0x01005000, 0x02000600, 0x02000600, 0x01005000, 0x02000600, 0x02000600, 0x01005000, 0x02000600, 0x02000600,
	0x01005000, 0x02000600, 0x02000600, 0x01005000, 0x02006400, 0x02000500, 0x02000300, 0x01005000, 0x02000600, 0x02000600, 0x01005000, 0x02000600,
	0x02000600, 0x01005000, 0x02000600, 0x02000600, 0x01005000, 0x02006400, 0x02000500, 0x02000800, 0x02000600, 0x02000100, 0x01005000, 0x02000600,
	0x02000600, 0x01005000, 0x02000600, 0x02000600, 0x01005000, 0x02000600, 0x02000600, 0x01005000, 0x02006400, 0x02000400, 0x02000500, 0x02000800,
	0x02000600, 0x01005000, 0x02000600, 0x02000600, 0x01005000, 0x02000600, 0x02000600, 0x01005000, 0x02000600, 0x02000600, 0x01005000, 0x02000600,
	0x02000600, 0x01005000, 0x02000600, 0x02000600, 0x01005000, 0x02006400, 0x02000400, 0x02000500, 0x02000800, 0x02000600, 0x01005000, 0x02000600,
	0x02000600, 0x01005000, 0x02000600, 0x02000600, 0x01005000, 0x02000600, 0x02000600, 0x01005000, 0x02000600, 0x02000600, 0x01005000, 0x02006400,
	0x02000400, 0x02000300, 0x02000700, 0x02000800, 0x01005000, 0x02000600, 0x02000600, 0x01005000, 0x02006400, 0x02000500, 0x02000800, 0x02000600,
	0x02000100, 0x01005000, 0x02000600, 0x02000600, 0x01005000, 0x02000600, 0x02000600, 0x01005000, 0x02000600, 0x02000600, 0x01005000, 0x02000600,
	0x02000600, 0x01005000, 0x02000600, 0x02000600, 0x01005000, 0x02000600, 0x02000600, 0x01005000, 0x02000600, 0x02000600, 0x01005000, 0x02000600,
	0x02000600, 0x01005000, 0x02000600, 0x02000600, 0x01005000, 0x02000600, 0x02000600, 0x01005000, 0x02006400, 0x02000400, 0x02000800, 0x01005000,
	0x02000600, 0x02000600, 0x01005000, 0x02000600, 0x02000600, 0x01005000, 0x02006400, 0x02000500, 0x02000300, 0x01005000, 0x02006400, 0x02000500,
	0x02000100, 0x01005000, 0x02000600, 0x02000600, 0x01005000, 0x02000600, 0x02000600, 0x01005000, 0x02000600, 0x02000600, 0x01005000, 0x02000600,
	0x02000600, 0x01005000, 0x02000600, 0x02000600, 0x01005000, 0x02006400, 0x02000500, 0x02000a00, 0x01000000, 0x01005000, 0x02000600, 0x02000600,
	0x01005000, 0x02006400, 0x02000400, 0x02000500, 0x02000800, 0x02000600, 0x01005000, 0x02000600, 0x02000600, 0x01005000, 0x02000600, 0x02000600,
	0x01005000, 0x02000600, 0x02000600, 0x01005000, 0x02000600, 0x02000600, 0x01005000, 0x02000600, 0x02000600, 0x01005000, 0x02006400, 0x02000500,
	0x02000800, 0x02000600, 0x02000100, 0x01005000, 0x02000600, 0x02000600, 0x01005000, 0x02000600, 0x02000600, 0x01005000, 0x02000600, 0x02000600,
	0x01005000, 0x02000600, 0x02000600, 0x01005000, 0x02000600, 0x02000600, 0x01005000, 0x02000600, 0x02000600, 0x01005000, 0x02000600, 0x02000600,
	0x01005000, 0x02000600, 0x02000600, 0x01005000, 0x02000600, 0x02000600, 0x01005000, 0x02006400, 0x02000500, 0x02000300, 0x01005000, 0x02000600,
	0x02000600, 0x01005000, 0x02000600, 0x02000600, 0x01005000, 0x02000600, 0x02000600, 0x01005000, 0x02000600, 0x02000600, 0x01005000, 0x02000600,
	0x02000600, 0x01005000, 0x02006400, 0x02000400, 0x02000500, 0x02000800, 0x02000600, 0x01005000, 0x02006400, 0x02000500, 0x02000800, 0x02000600,
	0x02000100, 0x01005000, 0x02000600, 0x02000600, 0x01005000, 0x02006400, 0x01000a00, 0x02000400, 0x02000e00, 0x01003200, 0x01001400, 0x01003200,
	0x01003200, 0x02001400, 0x01005000, 0x02000600, 0x02000600, 0x01005000, 0x02000600, 0x02000600, 0x01005000, 0x02000600, 0x02000600, 0x01005000,
	0x02000600, 0x02000600, 0x01005000, 0x02000600, 0x02000600, 0x01005000, 0x02000600, 0x02000600, 0x01005000, 0x02000600, 0x02000600, 0x01005000,
	0x02000600, 0x02000600, 0x01005000, 0x02006400, 0x02000400, 0x02000800, 0x01005000, 0x02000600, 0x02000600, 0x01005000, 0x02000600, 0x02000600,
	0x01005000, 0x02000600, 0x02000600, 0x01005000, 0x02006400, 0x01000a00, 0x02000400, 0x04000e02, 0x01003200, 0x01001400, 0x01003200, 0x03000000,
	0x03000000, 0x01003200, 0x02000400, 0x02006400, 0x02007800, 0x02007800, 0x02000e00, 0x02007800, 0x01000500, 0x01000a00, 0x02001200, 0x01003200,
	0x01003200, 0x02000400, 0x02007800, 0x01000500, 0x01000a00, 0x02001200, 0x01003200, 0x01003200, 0x02000400, 0x02007800, 0x01000500, 0x01000a00,
	0x02001200, 0x01003200, 0x01003200, 0x02000400, 0x02007800, 0x01000500, 0x01000a00, 0x02001200, 0x01003200, 0x01003200, 0x02000400, 0x02007800,
	0x01000500, 0x01000a00, 0x02001200, 0x01003200, 0x01003200, 0x02000400, 0x02007800, 0x01000500, 0x01000a00, 0x02001200, 0x01003200, 0x01003200,
	0x02000400, 0x02007800, 0x01000500, 0x01000a00, 0x02001200, 0x01003200, 0x01003200, 0x02000400, 0x02007800, 0x01000500, 0x01000a00, 0x02001200,
	0x01003200, 0x01003200, 0x02000400, 0x02007800, 0x02006400, 0x02000100, 0x02000800, 0x02007800, 0x04000e02, 0x02007800, 0x01000500, 0x01000a00,
	0x02001200, 0x01003200, 0x01003200, 0x02000400, 0x02007800, 0x01000500, 0x01000a00, 0x02001200, 0x01003200, 0x01003200, 0x02000400, 0x02007800,
	0x01000500, 0x01000a00, 0x02001200, 0x01003200, 0x01003200, 0x02000400, 0x02007800, 0x01000500, 0x01000a00, 0x02001200, 0x01003200, 0x01003200,
	0x02000400, 0x02007800, 0x02006400, 0x02007800, 0x01000500, 0x01000a00, 0x02001200, 0x01003200, 0x01003200, 0x02000400, 0x02007800, 0x01000500,
	0x01000a00, 0x02001200, 0x01003200, 0x01003200, 0x02000400, 0x02007800, 0x01000500, 0x01000a00, 0x02001200, 0x01003200, 0x01003200, 0x02000400,
	0x02007800, 0x01000500, 0x01000a00, 0x02001200, 0x01003200, 0x01003200, 0x02000400, 0x02007800, 0x02006400, 0x02004300, 0x02007800, 0x02006400,
	0x02004300, 0x02007800, 0x02006400, 0x02000100, 0x02000800, 0x02007800, 0x01000500, 0x01000a00, 0x02001200, 0x01003200, 0x01003200, 0x02000400,
	0x02007800, 0x01000500, 0x02000400, 0x01003200, 0x02000400, 0x02007800, 0x01000500, 0x01000a00, 0x02001200, 0x01003200, 0x01003200, 0x02000400,
	0x02007800, 0x01000500, 0x01000a00, 0x02001200, 0x01003200, 0x01003200, 0x02000400, 0x02007800, 0x02006400, 0x02000100, 0x02000800, 0x02007800,
	0x01000500, 0x01000a00, 0x02001200, 0x01003200, 0x01003200, 0x02000400, 0x02007800, 0x02007800, 0x02007800, 0x01003200, 0x03000000, 0x03000000,
	0x03000000, 0x03000000, 0x03000000, 0x03000000, 0x03000000, 0x03000000, 0x01005000, 0x02007800, 0x02006400, 0x02000100, 0x02000800, 0x02007800,
	0x01000500, 0x01000a00, 0x02001200, 0x01003200, 0x01003200, 0x02000400, 0x02007800, 0x02006400, 0x02000100, 0x02000800, 0x04007803, 0x02006400,
	0x02000100, 0x02000800, 0x0400780a, 0x02006400, 0x02000100, 0x02000800, 0x04007802, 0x02006400, 0x02000100, 0x02000800, 0x01003200, 0x04007803,
	0x02006400, 0x02000300, 0x02000200, 0x02000a00, 0x02006400, 0x02000300, 0x01000000, 0x02006400, 0x02000200, 0x02000200, 0x02000a00, 0x02006400,
	0x02000100, 0x02000800, 0x04007806, 0x02006400, 0x02000100, 0x02000800, 0x04007802, 0x02006400, 0x02000100, 0x02000800, 0x02007800, 0x01003200,
	0x01003200, 0x02000300, 0x04007804, 0x01003200, 0x01003200, 0x02000300, 0x02007800, 0x02006400, 0x02000600, 0x04007803, 0x01003200, 0x01003200,
	0x02001400, 0x04007805, 0x01003200, 0x01003200, 0x02000300, 0x0400780e, 0x01003200, 0x03000000, 0x03000000, 0x03000000, 0x03000000, 0x04007803,
	0x01003200, 0x03000000, 0x03000000, 0x04007807, 0x02006400, 0x02000100, 0x02000800, 0x04007805, 0x01003200, 0x03000000, 0x03000000, 0x03000000,
	0x03000000, 0x03000000, 0x03000000, 0x03000000, 0x03000000, 0x01005000, 0x01005000, 0x01003200, 0x01000a00, 0x01001400, 0x01001400, 0x02000600,
	0x02006400, 0x02000100, 0x02007800, 0x02006400, 0x02000300, 0x02000e00, 0x01003200, 0x01000a00, 0x01001400, 0x01003200, 0x03000000, 0x03000000,
	0x03000000, 0x03000000, 0x03000000, 0x03000000, 0x03000000, 0x03000000, 0x02006300, 0x02000a00, 0x02000200, 0x02000500, 0x02007800, 0x01000500,
	0x01000a00, 0x02001200, 0x01003200, 0x01003200, 0x02000400, 0x02007800, 0x02000e00, 0x02007800, 0x01000500, 0x01000a00, 0x02001200, 0x01003200,
	0x01003200, 0x02000400, 0x02007800, 0x01000500, 0x01000a00, 0x02001200, 0x01003200, 0x01003200, 0x02000400, 0x02007800, 0x01000500, 0x01000a00,
	0x02001200, 0x01003200, 0x01003200, 0x02000400, 0x02007800, 0x01000500, 0x01000a00, 0x02001200, 0x01003200, 0x01003200, 0x02000400, 0x02007800,
	0x01000500, 0x01000a00, 0x02001200, 0x01003200, 0x01003200, 0x02000400, 0x02007800, 0x01003200, 0x02007800, 0x02007800, 0x01000500, 0x01000a00,
	0x02001200, 0x01003200, 0x01003200, 0x02000400, 0x02007800, 0x01000500, 0x01000a00, 0x02001200, 0x01003200, 0x01003200, 0x02000400, 0x02007800,
	0x01000500, 0x01000a00, 0x02001200, 0x01003200, 0x01003200, 0x02000400, 0x02007800, 0x01003200, 0x02007800, 0x02007800, 0x02007800, 0x02007800,
	0x01000500, 0x01000a00, 0x02001200, 0x01003200, 0x01003200, 0x02000400, 0x02007800, 0x01003200, 0x03000000, 0x03000000, 0x03000000, 0x03000000,
	0x02007800, 0x02006400, 0x02004300, 0x01005000, 0x02000200, 0x01005000, 0x02000200, 0x01000000, 0x01005000, 0x02006400, 0x02000300, 0x01001400,
	0x01003200, 0x03000000, 0x03000000, 0x03000000, 0x03000000, 0x03000000, 0x03000000, 0x03000000, 0x03000000, 0x02007800, 0x02006400, 0x02000300,
	0x01000000, 0x02006400, 0x02000200, 0x02006400, 0x02000300, 0x02000200, 0x02000500, 0x02007800, 0x02006400, 0x02000300, 0x02000200, 0x04007803,
	0x02006400, 0x01005000, 0x01001400, 0x01001400, 0x02006300, 0x02000a00, 0x02000a00, 0x02000a00, 0x02006400, 0x01001400, 0x01001400, 0x01001400,
	0x01001400, 0x01001400, 0x01001400, 0x01001400, 0x01001400, 0x01001400, 0x01001400, 0x01001400, 0x01001400, 0x01001400, 0x01001400, 0x01001400,
	0x01001400, 0x01001400, 0x01001400, 0x01001400, 0x01001400, 0x01001400, 0x01001400, 0x01001400, 0x01001400, 0x01001400, 0x01001400, 0x01001400,
	0x01001400, 0x01001400, 0x01001400, 0x01001400, 0x01001400, 0x01001400, 0x01001400, 0x01001400, 0x01001400, 0x01001400, 0x01001400, 0x01001400,
	0x01001400, 0x01001400, 0x01001400, 0x01001400, 0x01001400, 0x01001400, 0x01001400, 0x01001400, 0x01001400, 0x01001400, 0x01001400, 0x01001400,
	0x01001400, 0x01001400, 0x01001400, 0x01001400, 0x01001400, 0x01001400, 0x01001400, 0x01001400, 0x01001400, 0x01001400, 0x01001400, 0x01001400,
	0x01001400, 0x01001400, 0x01001400, 0x01001400, 0x01001400, 0x01001400, 0x01001400, 0x01001400, 0x01001400, 0x01001400, 0x01001400, 0x01001400,
	0x01001400, 0x01001400, 0x01001400, 0x02000a00, 0x02000a00, 0x02000200, 0x01000000, 0x01005000, 0x02000a00, 0x02000a00, 0x02000200, 0x01000000,
	0x01005000, 0x02006400, 0x04007804, 0x02006400, 0x02002700, 0x01003200, 0x02004000, 0x04007807, 0x02006400, 0x01003200, 0x02002000, 0x04007805,
	0x02006400, 0x02000300, 0x01000000, 0x02006400, 0x02000300, 0x01000a00, 0x01001400, 0x01003200, 0x03000000, 0x03000000, 0x03000000, 0x03000000,
	0x03000000, 0x03000000, 0x03000000, 0x03000000, 0x04007803, 0x01003200, 0x01003200, 0x02001400, 0x04007804, 0x01003200, 0x01003200, 0x02000300,
	0x02000400, 0x02006400, 0x02007800, 0x01005000, 0x02000200, 0x01005000, 0x02006400, 0x02000100, 0x04000e02, 0x01003200, 0x01001400, 0x01003200,
	0x03000000, 0x03000000, 0x03000000, 0x03000000, 0x03000000, 0x03000000, 0x03000000, 0x03000000, 0x01003200, 0x02000400, 0x02006400, 0x02000100,
	0x01001400, 0x01001400, 0x02000200, 0x01005000, 0x01005000, 0x02006400, 0x02000300, 0x01001400, 0x01001400, 0x02000200, 0x02000300, 0x02006400,
	0x02001800, 0x02001700, 0x01003200, 0x02003c00, 0x02000600, 0x01003200, 0x02000a00, 0x01003200, 0x02000400, 0x01003200, 0x01003200, 0x02000400,
	0x01003200, 0x02000400, 0x02000400, 0x02006400, 0x02007800, 0x01003200, 0x01000000, 0x02007800, 0x02006400, 0x02000400, 0x04000e02, 0x01003200,
	0x01000a00, 0x01001400, 0x01003200, 0x03000000, 0x03000000, 0x03000000, 0x03000000, 0x03000000, 0x03000000, 0x03000000, 0x03000000, 0x01005000,
	0x02000200, 0x02006400, 0x02001800, 0x02001700, 0x01003200, 0x02003c00, 0x02003c00, 0x02000600, 0x01003200, 0x02000a00, 0x01003200, 0x02000400,
	0x01003200, 0x01003200, 0x02000400, 0x01003200, 0x02000400, 0x02000400, 0x02006400, 0x01002800, 0x02006400, 0x02001700, 0x01003200, 0x02003c00,
	0x02003c00, 0x02000600, 0x01003200, 0x02000a00, 0x01003200, 0x02000400, 0x01003200, 0x01003200, 0x02000400, 0x01003200, 0x02000400, 0x02000400,
	0x02006400, 0x02006400, 0x02001500, 0x02006400, 0x02001400, 0x02006400, 0x02006400, 0x01002800, 0x02006400, 0x02007800, 0x01000500, 0x01000a00,
	0x02001200, 0x01003200, 0x01003200, 0x02000400, 0x02007800, 0x01000500, 0x01000a00, 0x02001200, 0x01003200, 0x01003200, 0x02000400, 0x02007800,
	0x01003200, 0x02007800, 0x02007800, 0x01000500, 0x01000a00, 0x02001200, 0x01003200, 0x01003200, 0x02000400, 0x02007800, 0x02006400, 0x02000300,
	0x01000000, 0x02006400, 0x02000500, 0x02000200, 0x02000500, 0x01003200, 0x02000800, 0x01005000, 0x01000000, 0x01005000, 0x01001400, 0x01001400,
	0x02000300, 0x02000a00, 0x01003200, 0x02007800, 0x01003200, 0x02007800, 0x02007800, 0x02007800, 0x02007800, 0x02007800, 0x02007800, 0x01000500,
	0x01000a00, 0x02001200, 0x01003200, 0x01003200, 0x02000400, 0x02007800, 0x01000500, 0x01000a00, 0x02001200, 0x01003200, 0x01003200, 0x02000400,
	0x02007800, 0x01000500, 0x01000a00, 0x02001200, 0x01003200, 0x01003200, 0x02000400, 0x02007800, 0x01003200, 0x03000000, 0x03000000, 0x02007800,
	0x01000500, 0x01000a00, 0x02001200, 0x01003200, 0x01003200, 0x02000400, 0x02007800, 0x01003200, 0x02007800, 0x02007800, 0x02006400, 0x01005000,
	0x02000400, 0x01005000, 0x02006400, 0x02000500, 0x01005000, 0x02000200, 0x01000000, 0x01005000, 0x02007800, 0x01000500, 0x01000a00, 0x02001200,
	0x01003200, 0x01003200, 0x02000400, 0x02007800, 0x01003200, 0x02007800, 0x02007800, 0x01000500, 0x01000a00, 0x02001200, 0x01003200, 0x01003200,
	0x02000400, 0x02007800, 0x01000500, 0x01000a00, 0x02001200, 0x01003200, 0x01003200, 0x02000400, 0x02007800, 0x01003200, 0x03000000, 0x03000000,
	0x03000000, 0x03000000, 0x03000000, 0x03000000, 0x03000000, 0x03000000, 0x03000000, 0x03000000, 0x03000000, 0x03000000, 0x03000000, 0x03000000,
	0x03000000, 0x03000000, 0x02007800, 0x01000500, 0x01000a00, 0x02001200, 0x01003200, 0x01003200, 0x02000400, 0x02007800, 0x01000500, 0x01000a00,
	0x02001200, 0x01003200, 0x01003200, 0x02000400, 0x02007800, 0x01003200, 0x03000000, 0x03000000, 0x03000000, 0x03000000, 0x02007800, 0x02000e00,
	0x02007800, 0x02006400, 0x02000500, 0x01003200, 0x01000a00, 0x01001400, 0x01003200, 0x03000000, 0x03000000, 0x03000000, 0x03000000, 0x03000000,
	0x03000000, 0x03000000, 0x03000000, 0x02007800, 0x01000500, 0x01000a00, 0x02001200, 0x01003200, 0x01003200, 0x02000400, 0x02007800, 0x01000500,
	0x01000a00, 0x02001200, 0x01003200, 0x01003200, 0x02000400, 0x02007800, 0x02006400, 0x01003200, 0x02007800, 0x02006400, 0x02000500, 0x02007800,
	0x01003200, 0x03000000, 0x03000000, 0x04007802, 0x01003200, 0x03000000, 0x03000000, 0x02007800, 0x02006400, 0x02000700, 0x02000200, 0x02006400,
	0x02000700, 0x01000000, 0x02006400, 0x02000500, 0x01005000, 0x02000200, 0x01005000, 0x01000000, 0x01005000, 0x01001400, 0x01001400, 0x02000400,
	0x02006300, 0x02000a00, 0x02000a00, 0x02000a00, 0x02000700, 0x01001400, 0x02000400, 0x01001400, 0x02000400, 0x02000300, 0x01001400, 0x02000400,
	0x02000700, 0x01001400, 0x02000400, 0x02000700, 0x01001400, 0x02000400, 0x01001400, 0x02000400, 0x02000700, 0x02000200, 0x02000100, 0x01005000,
	0x02000700, 0x02000200, 0x02000100, 0x01005000, 0x02000700, 0x02000200, 0x02000100, 0x01005000, 0x02006400, 0x02000500, 0x01003200, 0x02000800,
	0x04007802, 0x02006400, 0x02004100, 0x04007802, 0x02006400, 0x02000500, 0x01000a00, 0x01001400, 0x01003200, 0x01003200, 0x02001400, 0x01005000,
	0x02000400, 0x01000000, 0x01005000, 0x02000300, 0x01005000, 0x02000200, 0x01005000, 0x01005000, 0x02006400, 0x02000300, 0x01005000, 0x01001400,
	0x01001400, 0x02000300, 0x01005000, 0x02000500, 0x01000000, 0x01005000, 0x02000400, 0x01005000, 0x02000300, 0x01005000, 0x02006400, 0x02000500,
	0x01005000, 0x02000500, 0x01005000, 0x02000400, 0x01000000, 0x01005000, 0x02000300, 0x01005000, 0x02000200, 0x01005000, 0x01005000, 0x01001400,
	0x01001400, 0x02000200, 0x02006300, 0x02000a00, 0x02000300, 0x01001400, 0x02000700, 0x01000000, 0x01005000, 0x02000700, 0x01000000, 0x01005000,
	0x02000700, 0x01000000, 0x01005000, 0x02000700, 0x01000000, 0x01005000, 0x02000700, 0x01000000, 0x01005000, 0x02006400, 0x01000a00, 0x02000500,
	0x02000e00, 0x01001400, 0x01003200, 0x03000000, 0x03000000, 0x02006300, 0x02000a00, 0x02000a00, 0x02000a00, 0x02002800, 0x01003200, 0x01003200,
	0x02000300, 0x01003200, 0x03000000, 0x03000000, 0x01003200, 0x03000000, 0x03000000, 0x01003200, 0x01003200, 0x02000300, 0x01003200, 0x01003200,
	0x02001400, 0x02000800, 0x02000100, 0x02000a00, 0x04007804, 0x02006400, 0x02000500, 0x02000400, 0x02006400, 0x02007800, 0x01005000, 0x02000200,
	0x01005000, 0x01005000, 0x01003200, 0x01000a00, 0x01003200, 0x01001400, 0x01001400, 0x02000a00, 0x01005000, 0x01003200, 0x01000a00, 0x01003200,
	0x01001400, 0x01001400, 0x02000a00, 0x01005000, 0x02006400, 0x02000600, 0x01003200, 0x01001400, 0x01003200, 0x03000000, 0x03000000, 0x03000000,
	0x03000000, 0x03000000, 0x03000000, 0x03000000, 0x03000000, 0x01005000, 0x01003200, 0x01000a00, 0x01003200, 0x01001400, 0x01001400, 0x02000b00,
	0x02006300, 0x02000a00, 0x02000400, 0x02000900, 0x01005000, 0x02006400, 0x02000600, 0x01003200, 0x01001400, 0x01003200, 0x01003200, 0x02001400,
	0x01005000, 0x02000900, 0x01005000, 0x02006400, 0x02000600, 0x01003200, 0x01001400, 0x01003200, 0x03000000, 0x03000000, 0x03000000, 0x03000000,
	0x03000000, 0x03000000, 0x03000000, 0x03000000, 0x02006300, 0x02000a00, 0x02000400, 0x01003200, 0x03000000, 0x03000000, 0x03000000, 0x03000000,
	0x03000000, 0x03000000, 0x03000000, 0x03000000, 0x02000900, 0x01005000, 0x02000900, 0x01005000, 0x02006400, 0x02000600, 0x01005000, 0x02000900,
	0x01005000, 0x02000900, 0x01005000, 0x02000900, 0x01005000, 0x02000900, 0x01005000, 0x02000900, 0x01005000, 0x02000900, 0x01005000, 0x02000900,
	0x01005000, 0x02000900, 0x01005000, 0x02000900, 0x01005000, 0x02000900, 0x01005000, 0x02000900, 0x01005000, 0x02006400, 0x02001000, 0x02000100,
	0x01005000, 0x02006400, 0x02000600, 0x02000200, 0x01005000, 0x02000900, 0x01005000, 0x02000900, 0x01005000, 0x02000900, 0x01005000, 0x02006400,
	0x02001000, 0x01005000, 0x02000900, 0x01005000, 0x02000900, 0x01005000, 0x02006400, 0x02000f00, 0x01005000, 0x02000900, 0x01005000, 0x02006400,
	0x02000600, 0x02000900, 0x01005000, 0x02000900, 0x01005000, 0x02000900, 0x01005000, 0x02000900, 0x01005000, 0x02000900, 0x01005000, 0x02000900,
	0x01005000, 0x02000900, 0x01005000, 0x02006400, 0x02000600, 0x02000900, 0x01005000, 0x02000900, 0x01005000, 0x02006400, 0x02000600, 0x02000900,
	0x01005000, 0x02000900, 0x01005000, 0x02006400, 0x02000e00, 0x02000300, 0x01005000, 0x02000900, 0x01005000, 0x02000900, 0x01005000, 0x02000900,
	0x01005000, 0x02000900, 0x01005000, 0x02006400, 0x02000e00, 0x01005000, 0x02000900, 0x01005000, 0x02006400, 0x02000600, 0x01003200, 0x01001400,
	0x01003200, 0x01003200, 0x02000300, 0x01005000, 0x02000900, 0x01005000, 0x02000900, 0x01005000, 0x02000900, 0x01005000, 0x02000900, 0x01005000,
	0x02000900, 0x01005000, 0x02000900, 0x01005000, 0x02000900, 0x01005000, 0x02000900, 0x01005000, 0x02000900, 0x01005000, 0x02000900, 0x01005000,
	0x02000900, 0x01005000, 0x02000900, 0x01005000, 0x02000900, 0x01005000, 0x02000900, 0x01005000, 0x02000900, 0x01005000, 0x02006400, 0x02000600,
	0x01003200, 0x01001400, 0x01003200, 0x01003200, 0x02001400, 0x02006300, 0x02000a00, 0x02000300, 0x02000700, 0x01005000, 0x02006400, 0x02000d00,
	0x01005000, 0x02000900, 0x01005000, 0x02000900, 0x01005000, 0x02000900, 0x01005000, 0x02000900, 0x01005000, 0x02000900, 0x01005000, 0x02006400,
	0x02000600, 0x02000900, 0x01005000, 0x02000900, 0x01005000, 0x02000900, 0x01005000, 0x02000900, 0x01005000, 0x02000900, 0x01005000, 0x02000900,
	0x01005000, 0x02006400, 0x02000600, 0x01003200, 0x01001400, 0x01003200, 0x01003200, 0x02001400, 0x01005000, 0x02000900, 0x01005000, 0x02000900,
	0x01005000, 0x02000900, 0x01005000, 0x02000900, 0x01005000, 0x02000900, 0x01005000, 0x02000900, 0x01005000, 0x02006400, 0x02000c00, 0x02000300,
	0x01005000, 0x02000900, 0x01005000, 0x02006400, 0x02000600, 0x02000900, 0x01005000, 0x02006400, 0x02000600, 0x01005000, 0x02000900, 0x01005000,
	0x02000900, 0x01005000, 0x02000900, 0x01005000, 0x02000900, 0x01005000, 0x02006400, 0x02000600, 0x02000700, 0x01005000, 0x02000900, 0x01005000,
	0x02006400, 0x02000600, 0x02000700, 0x01005000, 0x02000900, 0x01005000, 0x02000900, 0x01005000, 0x02000900, 0x01005000, 0x02000900, 0x01005000,
	0x02000900, 0x01005000, 0x02000900, 0x01005000, 0x02000900, 0x01005000, 0x02000900, 0x01005000, 0x02000900, 0x01005000, 0x02000900, 0x01005000,
	0x02000900, 0x01005000, 0x02000900, 0x01005000, 0x02000900, 0x01005000, 0x02000900, 0x01005000, 0x02000900, 0x01005000, 0x02006400, 0x02000c00,
	0x02000a00, 0x01000000, 0x01005000, 0x02000900, 0x01005000, 0x02000900, 0x01005000, 0x02000900, 0x01005000, 0x02006400, 0x02000c00, 0x02000300,
	0x01005000, 0x02000900, 0x01005000, 0x02000900, 0x01005000, 0x02000900, 0x01005000, 0x02000900, 0x01005000, 0x02000900, 0x01005000, 0x02000900,
	0x01005000, 0x02000900, 0x01005000, 0x02000900, 0x01005000, 0x02000900, 0x01005000, 0x02000900, 0x01005000, 0x02000900, 0x01005000, 0x02000900,
	0x01005000, 0x02006400, 0x02000600, 0x01003200, 0x01001400, 0x01003200, 0x01003200, 0x02000300, 0x02006300, 0x02000a00, 0x02000300, 0x01003200,
	0x01003200, 0x02001400, 0x01003200, 0x03000000, 0x03000000, 0x03000000, 0x03000000, 0x03000000, 0x03000000, 0x03000000, 0x03000000, 0x02000600,
	0x01005000, 0x02000900, 0x01005000, 0x02000900, 0x01005000, 0x02000900, 0x01005000, 0x02000900, 0x01005000, 0x02000900, 0x01005000, 0x02006400,
	0x02000600, 0x02000900, 0x01005000, 0x02006400, 0x02000c00, 0x02000800, 0x02000600, 0x02000100, 0x01005000, 0x02006400, 0x02000600, 0x01003200,
	0x01001400, 0x01003200, 0x01003200, 0x02001400, 0x01005000, 0x02000900, 0x01005000, 0x02000900, 0x01005000, 0x02000900, 0x01005000, 0x02000900,
	0x01005000, 0x02006400, 0x02000600, 0x02000700, 0x01005000, 0x02000900, 0x01005000, 0x02000900, 0x01005000, 0x02000900, 0x01005000, 0x02000900,
	0x01005000, 0x02000900, 0x01005000, 0x02000900, 0x01005000, 0x02000900, 0x01005000, 0x02000900, 0x01005000, 0x02000900, 0x01005000, 0x02000900,
	0x01005000, 0x02000900, 0x01005000, 0x02000900, 0x01005000, 0x02000900, 0x01005000, 0x02006400, 0x02000c00, 0x02000300, 0x01005000, 0x02000900,
	0x01005000, 0x02006400, 0x02000600, 0x02000900, 0x01005000, 0x02000900, 0x01005000, 0x02000900, 0x01005000, 0x02000900, 0x01005000, 0x02000900,
	0x01005000, 0x02000900, 0x01005000, 0x02000900, 0x01005000, 0x02000900, 0x01005000, 0x02006400, 0x02000600, 0x02000700, 0x01005000, 0x02000900,
	0x01005000, 0x02000900, 0x01005000, 0x02006400, 0x02000c00, 0x01005000, 0x02006400, 0x02000600, 0x02000900, 0x01005000, 0x02000900, 0x01005000,
	0x02000900, 0x01005000, 0x02000900, 0x01005000, 0x02000900, 0x01005000, 0x02000900, 0x01005000, 0x02000900, 0x01005000, 0x02006400, 0x02000600,
	0x01005000, 0x02000900, 0x01005000, 0x02000900, 0x01005000, 0x02000900, 0x01005000, 0x02000900, 0x01005000, 0x02000900, 0x01005000, 0x02006400,
	0x02000b00, 0x02000100, 0x01005000, 0x02006400, 0x02000600, 0x01003200, 0x01001400, 0x01003200, 0x01003200, 0x02001400, 0x01005000, 0x02000900,
	0x01005000, 0x02006400, 0x02000600, 0x02000600, 0x01005000, 0x02006400, 0x02000600, 0x02000900, 0x01005000, 0x02000900, 0x01005000, 0x02000900,
	0x01005000, 0x02000900, 0x01005000, 0x02000900, 0x01005000, 0x02006400, 0x02000b00, 0x01000000, 0x01005000, 0x02006400, 0x02000600, 0x02000900,
	0x01005000, 0x02006400, 0x02000600, 0x02000600, 0x01005000, 0x02006400, 0x02000a00, 0x02000300, 0x01005000, 0x02006400, 0x02000a00, 0x02000a00,
	0x01000000, 0x01005000, 0x02000900, 0x01005000, 0x02000900, 0x01005000, 0x02006400, 0x02000a00, 0x01005000, 0x02000900, 0x01005000, 0x02006400,
	0x02000900, 0x01005000, 0x02000900, 0x01005000, 0x02000900, 0x01005000, 0x02006400, 0x02000600, 0x02000900, 0x01005000, 0x02000900, 0x01005000,
	0x02000900, 0x01005000, 0x02000900, 0x01005000, 0x02000900, 0x01005000, 0x02000900, 0x01005000, 0x02000900, 0x01005000, 0x02006400, 0x02000600,
	0x02000600, 0x01005000, 0x02006400, 0x02000800, 0x01005000, 0x02000900, 0x01005000, 0x02000900, 0x01005000, 0x02000900, 0x01005000, 0x02000900,
	0x01005000, 0x02000900, 0x01005000, 0x02000900, 0x01005000, 0x02000900, 0x01005000, 0x02000900, 0x01005000, 0x02006400, 0x02000600, 0x01003200,
	0x01001400, 0x01003200, 0x01003200, 0x02000300, 0x02006300, 0x02000a00, 0x02000a00, 0x02000a00, 0x01003200, 0x01003200, 0x02001400, 0x02000200,
	0x02000a00, 0x01005000, 0x02000900, 0x01005000, 0x02000900, 0x01005000, 0x02006400, 0x02000600, 0x02000200, 0x02000a00, 0x01005000, 0x02000900,
	0x01005000, 0x02006400, 0x02000600, 0x02000900, 0x01005000, 0x02000900, 0x01005000, 0x02000900, 0x01005000, 0x02000900, 0x01005000, 0x02000900,
	0x01005000, 0x02000900, 0x01005000, 0x02000900, 0x01005000, 0x02000900, 0x01005000, 0x02000900, 0x01005000, 0x02000900, 0x01005000, 0x02006400,
	0x02000600, 0x02000700, 0x01005000, 0x02000900, 0x01005000, 0x02006400, 0x02000600, 0x02000600, 0x01005000, 0x02006400, 0x02000600, 0x02000900,
	0x01005000, 0x02000900, 0x01005000, 0x02000900, 0x01005000, 0x02000900, 0x01005000, 0x02000900, 0x01005000, 0x02006400, 0x02000600, 0x02000900,
	0x01005000, 0x02000900, 0x01005000, 0x02006400, 0x02000700, 0x01000000, 0x01005000, 0x02006400, 0x02000600, 0x02000200, 0x02000a00, 0x01005000,
	0x02000900, 0x01005000, 0x02000900, 0x01005000, 0x02000900, 0x01005000, 0x02000900, 0x01005000, 0x02000900, 0x01005000, 0x02006400, 0x01000a00,
	0x02000600, 0x02000e00, 0x01003200, 0x01001400, 0x01003200, 0x01003200, 0x02001400, 0x01005000, 0x02000900, 0x01005000, 0x02000900, 0x01005000,
	0x02000900, 0x01005000, 0x02000900, 0x01005000, 0x02000900, 0x01005000, 0x02000900, 0x01005000, 0x02000900, 0x01005000, 0x02000900, 0x01005000,
	0x02000900, 0x01005000, 0x02000900, 0x01005000, 0x02000900, 0x01005000, 0x02000900, 0x01005000, 0x02000900, 0x01005000, 0x02000900, 0x01005000,
	0x02006400, 0x02000600, 0x02000800, 0x02000600, 0x02000100, 0x01005000, 0x02000900, 0x01005000, 0x02000900, 0x01005000, 0x02000900, 0x01005000,
	0x02000900, 0x01005000, 0x02000900, 0x01005000, 0x02000900, 0x01005000, 0x02000900, 0x01005000, 0x02000900, 0x01005000, 0x02000900, 0x01005000,
	0x02006400, 0x02000600, 0x02000600, 0x01005000, 0x02006400, 0x02000600, 0x02000800, 0x02000600, 0x02000100, 0x01005000, 0x02000900, 0x01005000,
	0x02000900, 0x01005000, 0x02006400, 0x02000600, 0x01005000, 0x02000900, 0x01005000, 0x02000900, 0x01005000, 0x02000900, 0x01005000, 0x02000900,
	0x01005000, 0x02000900, 0x01005000, 0x02000900, 0x01005000, 0x02006400, 0x02000500, 0x02000a00, 0x01000000, 0x01005000, 0x02000900, 0x01005000,
	0x02000900, 0x01005000, 0x02000900, 0x01005000, 0x02000900, 0x01005000, 0x02000900, 0x01005000, 0x02006400, 0x02000600, 0x02000600, 0x01005000,
	0x02000900, 0x01005000, 0x02000900, 0x01005000, 0x02006400, 0x02000600, 0x02000200, 0x02000a00, 0x01005000, 0x02000900, 0x01005000, 0x02000900,
	0x01005000, 0x02000900, 0x01005000, 0x02000900, 0x01005000, 0x02000900, 0x01005000, 0x02000900, 0x01005000, 0x02000900, 0x01005000, 0x02006400,
	0x02000600, 0x01003200, 0x01001400, 0x01003200, 0x03000000, 0x03000000, 0x03000000, 0x03000000, 0x03000000, 0x03000000, 0x03000000, 0x03000000,
	0x01005000, 0x02000900, 0x01005000, 0x02000900, 0x01005000, 0x02006400, 0x02000600, 0x02000900, 0x01005000, 0x02000900, 0x01005000, 0x02000900,
	0x01005000, 0x02000900, 0x01005000, 0x02000900, 0x01005000, 0x02000900, 0x01005000, 0x02000900, 0x01005000, 0x02000900, 0x01005000, 0x02000900,
	0x01005000, 0x02000900, 0x01005000, 0x02006400, 0x02000500, 0x01005000, 0x02006400, 0x02000600, 0x01003200, 0x01001400, 0x01003200, 0x01003200,
	0x02000300, 0x01005000, 0x02000900, 0x01005000, 0x02000900, 0x01005000, 0x02000900, 0x01005000, 0x02000900, 0x01005000, 0x02000900, 0x01005000,
	0x02000900, 0x01005000, 0x02000900, 0x01005000, 0x02006400, 0x02000400, 0x02000300, 0x01005000, 0x02000900, 0x01005000, 0x02000900, 0x01005000,
	0x02006400, 0x01000a00, 0x02000600, 0x04000e03, 0x01003200, 0x01001400, 0x01003200, 0x01003200, 0x02001400, 0x02006300, 0x02000a00, 0x02000200,
	0x02000500, 0x01003200, 0x02000400, 0x02006400, 0x02006400, 0x02001500, 0x01000000, 0x02006400, 0x02000400, 0x02006400, 0x02006400, 0x02000600,
	0x02000a00, 0x02006400, 0x02007800, 0x01005000, 0x02000200, 0x01005000, 0x01005000, 0x01003200, 0x01000a00, 0x01003200, 0x01001400, 0x01001400,
	0x02001900, 0x01005000, 0x02006400, 0x02000500, 0x02000300, 0x01005000, 0x01003200, 0x01000a00, 0x01003200, 0x01001400, 0x01001400, 0x02001900,
	0x01005000, 0x01003200, 0x01000a00, 0x01003200, 0x01001400, 0x01001400, 0x01000000, 0x01005000, 0x01003200, 0x01000a00, 0x01003200, 0x01001400,
	0x01001400, 0x02001900, 0x01005000, 0x01003200, 0x01000a00, 0x01003200, 0x01001400, 0x01001400, 0x02001900, 0x02000900, 0x01005000, 0x01003200,
	0x01000a00, 0x01003200, 0x01001400, 0x01001400, 0x02001900, 0x02006300, 0x02000a00, 0x02000a00, 0x02000a00, 0x02002400, 0x01001400, 0x02001a00,
	0x01001400, 0x01001400, 0x02001a00, 0x02000700, 0x01001400, 0x02001a00, 0x01001400, 0x02001a00, 0x01001400, 0x02001a00, 0x01001400, 0x02001a00,
	0x01001400, 0x02001a00, 0x01001400, 0x02001a00, 0x01001400, 0x02001a00, 0x01001400, 0x01001400, 0x02001a00, 0x01001400, 0x02001a00, 0x01001400,
	0x02001a00, 0x01001400, 0x02001a00, 0x01001400, 0x02001a00, 0x01001400, 0x02001a00, 0x01001400, 0x02001a00, 0x01001400, 0x02001a00, 0x01001400,
	0x02001a00, 0x01001400, 0x02001a00, 0x01001400, 0x02001a00, 0x01001400, 0x02001a00, 0x01001400, 0x02001a00, 0x01001400, 0x02001a00, 0x01001400,
	0x02001a00, 0x01001400, 0x02001a00, 0x01001400, 0x02001a00, 0x01001400, 0x02001a00, 0x02000700, 0x01001400, 0x02001a00, 0x01001400, 0x01001400,
	0x02000800, 0x02000900, 0x02000100, 0x01000000, 0x01005000, 0x02000800, 0x02000900, 0x02000100, 0x01000000, 0x01005000, 0x02000800, 0x02000900,
	0x02000100, 0x01000000, 0x01005000, 0x02000800, 0x02000900, 0x02000100, 0x01000000, 0x01005000, 0x02006400, 0x02000500, 0x02000600, 0x01005000,
	0x02000800, 0x02000900, 0x02000100, 0x01000000, 0x01005000, 0x02000800, 0x02000900, 0x02000100, 0x01000000, 0x01005000, 0x02000800, 0x02000900,
	0x02000100, 0x01000000, 0x01005000, 0x02000800, 0x02000900, 0x02000100, 0x01000000, 0x01005000, 0x02000800, 0x02000900, 0x02000100, 0x01000000,
	0x01005000, 0x02000800, 0x02000900, 0x02000100, 0x01000000, 0x01005000, 0x02000800, 0x02000900, 0x02000100, 0x01000000, 0x01005000, 0x02000800,
	0x02000900, 0x02000100, 0x01000000, 0x01005000, 0x02000800, 0x02000900, 0x02000100, 0x01000000, 0x01005000, 0x02000800, 0x02000900, 0x02000100,
	0x01000000, 0x01005000, 0x02000800, 0x02000900, 0x02000100, 0x01000000, 0x01005000, 0x02000800, 0x02000900, 0x02000100, 0x01000000, 0x01005000,
	0x02000800, 0x02000900, 0x02000100, 0x01000000, 0x01005000, 0x02006400, 0x02000500, 0x02000200, 0x02000900, 0x01005000, 0x02000800, 0x02000900,
	0x02000100, 0x01000000, 0x01005000, 0x02000800, 0x02000900, 0x02000100, 0x01000000, 0x01005000, 0x02000800, 0x02000900, 0x02000100, 0x01000000,
	0x01005000, 0x02000800, 0x02000900, 0x02000100, 0x01000000, 0x01005000, 0x02006400, 0x02000500, 0x02000500, 0x01005000, 0x02006400, 0x01000a00,
	0x02000500, 0x04000e02, 0x01003200, 0x01001400, 0x01003200, 0x03000000, 0x03000000, 0x03000000, 0x03000000, 0x03000000, 0x03000000, 0x03000000,
	0x03000000, 0x03000000, 0x03000000, 0x03000000, 0x03000000, 0x03000000, 0x03000000, 0x03000000, 0x03000000, 0x02006300, 0x02000a00, 0x02000a00,
	0x02000200, 0x01003200, 0x03000000, 0x03000000, 0x03000000, 0x03000000, 0x03000000, 0x03000000, 0x03000000, 0x03000000, 0x03000000, 0x03000000,
	0x03000000, 0x03000000, 0x03000000, 0x03000000, 0x03000000, 0x03000000, 0x02000500, 0x02000100, 0x01003200, 0x02000400, 0x02006400, 0x02002000,
	0x01003200, 0x02003c00, 0x02003c00, 0x02000600, 0x01003200, 0x01003200, 0x01003200, 0x02000400, 0x01003200, 0x01003200, 0x02000400, 0x01003200,
	0x02000400, 0x02000400, 0x02006400, 0x02006400, 0x02000500, 0x02000e00, 0x01003200, 0x01000a00, 0x01001400, 0x01003200, 0x03000000, 0x03000000,
	0x03000000, 0x03000000, 0x02006400, 0x02006400, 0x02001500, 0x02000800, 0x02000600, 0x02000100, 0x02006400, 0x02001500, 0x02006400, 0x02006400,
	0x02000100, 0x02000700, 0x02007800, 0x01003200, 0x03000000, 0x03000000, 0x03000000, 0x03000000, 0x03000000, 0x03000000, 0x03000000, 0x03000000,
	0x02007800, 0x01000500, 0x01000a00, 0x02001200, 0x01003200, 0x01003200, 0x02000400, 0x02007800, 0x01000500, 0x01000a00, 0x02001200, 0x01003200,
	0x01003200, 0x02000400, 0x02007800, 0x01000500, 0x02000400, 0x01003200, 0x02000400, 0x02007800, 0x01000500, 0x01000a00, 0x02001200, 0x01003200,
	0x01003200, 0x02000400, 0x02007800, 0x02007800, 0x02007800, 0x02007800, 0x02007800, 0x02006400, 0x02001300, 0x02000a00, 0x02000500, 0x01005000,
	0x01001400, 0x01001400, 0x01001400, 0x01003200, 0x03000000, 0x03000000, 0x03000000, 0x03000000, 0x03000000, 0x03000000, 0x03000000, 0x03000000,
	0x01005000, 0x01005000, 0x01001400, 0x01001400, 0x01001400, 0x01003200, 0x01003200, 0x02000300, 0x02006300, 0x02000a00, 0x02000a00, 0x02000a00,
	0x02000800, 0x01001400, 0x02000800, 0x02000200, 0x02000100, 0x01005000, 0x02000800, 0x02000200, 0x02000100, 0x01005000, 0x02000800, 0x02000200,
	0x02000100, 0x01005000, 0x02000800, 0x02000200, 0x02000100, 0x01005000, 0x02000800, 0x02000200, 0x02000100, 0x01005000, 0x02000800, 0x02000200,
	0x02000100, 0x01005000, 0x02006400, 0x02000100, 0x01001400, 0x01003200, 0x03000000, 0x03000000, 0x03000000, 0x03000000, 0x03000000, 0x03000000,
	0x03000000, 0x03000000, 0x02007800, 0x02007800, 0x01005000, 0x02006400, 0x01003200, 0x02000400, 0x02007800, 0x01000500, 0x01000a00, 0x02001200,
	0x01003200, 0x01003200, 0x02000400, 0x02007800, 0x01000500, 0x01000a00, 0x02001200, 0x01003200, 0x01003200, 0x02000400, 0x02007800, 0x02006400,
	0x01000a00, 0x02000100, 0x04000e02, 0x01000a00, 0x01001400, 0x01003200, 0x03000000, 0x03000000, 0x03000000, 0x03000000, 0x03000000, 0x03000000,
	0x03000000, 0x03000000, 0x03000000, 0x03000000, 0x03000000, 0x03000000, 0x03000000, 0x03000000, 0x03000000, 0x03000000, 0x02007800, 0x02006400,
	0x02000100, 0x02000500, 0x02000100, 0x02007800, 0x01000500, 0x01000a00, 0x02001200, 0x01003200, 0x01003200, 0x02000400, 0x02007800, 0x01000500,
	0x01000a00, 0x02001200, 0x01003200, 0x01003200, 0x02000400, 0x02007800, 0x01000500, 0x01000a00, 0x02001200, 0x01003200, 0x01003200, 0x02000400,
	0x02007800, 0x01000500, 0x01000a00, 0x02001200, 0x01003200, 0x01003200, 0x02000400, 0x02007800, 0x02006400, 0x02000600, 0x02000900, 0x01000000,
	0x02006400, 0x02000600, 0x02006400, 0x02000500, 0x01000000, 0x02006400, 0x02000100, 0x02000500, 0x04007805, 0x04006403, 0x02000100, 0x02000500,
	0x04007802, 0x01003200, 0x03000000, 0x03000000, 0x03000000, 0x03000000, 0x03000000, 0x03000000, 0x03000000, 0x03000000, 0x04007805, 0x02006400,
	0x02000100, 0x02000500, 0x02000100, 0x02007800, 0x02006400, 0x02000300, 0x02000a00, 0x02000500, 0x01000000, 0x02006400, 0x02000300, 0x04006402,
	0x02000100, 0x02000500, 0x04007802, 0x04006403, 0x02001500, 0x04007802, 0x01003200, 0x01003200, 0x02000300, 0x0400780a, 0x02007800, 0x02006400,
	0x04006402, 0x02000100, 0x02000400, 0x02006400, 0x04006402, 0x02000100, 0x02000400, 0x02000100, 0x02006400, 0x04006404, 0x02000100, 0x02000400,
	0x02000400, 0x02006400, 0x02007800, 0x01003200, 0x01000000, 0x02007800, 0x01000500, 0x01000a00, 0x02001200, 0x01003200, 0x01003200, 0x02000400,
	0x02007800, 0x01000500, 0x01000a00, 0x02001200, 0x01003200, 0x01003200, 0x02000400, 0x02007800, 0x01000500, 0x01000a00, 0x02001200, 0x01003200,
	0x01003200, 0x02000400, 0x02007800, 0x01003200, 0x01003200, 0x02000300, 0x02007800, 0x01000500, 0x01000a00, 0x02001200, 0x01003200, 0x01003200,
	0x02000400, 0x02007800, 0x02006400, 0x02000400, 0x01003200, 0x02001000, 0x02007800, 0x01000500, 0x01000a00, 0x02001200, 0x01003200, 0x01003200,
	0x02000400, 0x02007800, 0x01000500, 0x01000a00, 0x02001200, 0x01003200, 0x01003200, 0x02000400, 0x02007800, 0x01003200, 0x01003200, 0x02000300,
	0x02007800, 0x01003200, 0x03000000, 0x03000000, 0x03000000, 0x03000000, 0x03000000, 0x03000000, 0x03000000, 0x03000000, 0x02007800, 0x01003200,
	0x02007800, 0x02007800, 0x01000500, 0x01000a00, 0x02001200, 0x01003200, 0x01003200, 0x02000400, 0x02007800, 0x01003200, 0x02007800, 0x02007800,
	0x01000500, 0x01000a00, 0x02001200, 0x01003200, 0x01003200, 0x02000400, 0x02007800, 0x01000500, 0x01000a00, 0x02001200, 0x01003200, 0x01003200,
	0x02000400, 0x02007800, 0x02006400, 0x02001500, 0x02000100, 0x02006400, 0x02000100, 0x02000e00, 0x01003200, 0x01000a00, 0x01001400, 0x01003200,
	0x03000000, 0x03000000, 0x03000000, 0x03000000, 0x03000000, 0x03000000, 0x03000000, 0x03000000, 0x03000000, 0x03000000, 0x03000000, 0x03000000,
	0x03000000, 0x03000000, 0x03000000, 0x03000000, 0x01003200, 0x02007800, 0x01000500, 0x01000a00, 0x02001200, 0x01003200, 0x01003200, 0x02000400,
	0x02007800, 0x02000e00, 0x02007800, 0x01000500, 0x01000a00, 0x02001200, 0x01003200, 0x01003200, 0x02000400, 0x02007800, 0x04000e03, 0x02007800,
	0x01000500, 0x01000a00, 0x01003200, 0x01003200, 0x01003200, 0x02000400, 0x02001f00, 0x04007803, 0x01003200, 0x01000a00, 0x01003200, 0x01000a00,
	0x01003200, 0x01000a00, 0x01003200, 0x01000a00, 0x01003200, 0x02007800, 0x02006400, 0x02000100, 0x01001400, 0x01001400, 0x01001400, 0x01001400,
	0x01001400, 0x01001400, 0x01005000, 0x01001400, 0x01001400, 0x01000000, 0x01005000, 0x02006400, 0x02000100, 0x02007800, 0x01003200, 0x01000a00,
	0x01003200, 0x01000a00, 0x01003200, 0x01000a00, 0x01003200, 0x01000a00, 0x01003200, 0x02007800, 0x01003200, 0x02006400, 0x01001400, 0x01001400,
	0x01001400, 0x01001400, 0x01001400, 0x01001400, 0x01001400, 0x01001400, 0x02000500, 0x02006300, 0x02000a00, 0x02000a00, 0x02002400, 0x01001400,
	0x01001400, 0x01001400, 0x02000500, 0x01001400, 0x01001400, 0x01001400, 0x02000500, 0x01001400, 0x02000500, 0x01001400, 0x02000500, 0x01001400,
	0x01001400, 0x01001400, 0x02000500, 0x01001400, 0x02000500, 0x01001400, 0x02000500, 0x01001400, 0x02000500, 0x01001400, 0x02000500, 0x01001400,
	0x02000500, 0x01001400, 0x02000500, 0x02000800, 0x02000900, 0x02006300, 0x02000a00, 0x02000100, 0x02000300, 0x01005000, 0x01001400, 0x01001400,
	0x02006300, 0x02000a00, 0x02000a00, 0x02000a00, 0x02001200, 0x01001400, 0x02000200, 0x01001400, 0x02000200, 0x02000600, 0x02000100, 0x02000600,
	0x01000000, 0x01005000, 0x02000600, 0x02000100, 0x02000600, 0x01000000, 0x01005000, 0x02000600, 0x02000100, 0x02000600, 0x01000000, 0x01005000,
	0x02000600, 0x02000100, 0x02000600, 0x01000000, 0x01005000, 0x02000600, 0x02000100, 0x02000600, 0x01000000, 0x01005000, 0x02000600, 0x02000100,
	0x02000600, 0x01000000, 0x01005000, 0x02006400, 0x02000100, 0x02000600, 0x02000100, 0x02000600, 0x01000000, 0x01005000, 0x02000600, 0x02000100,
	0x02000600, 0x01000000, 0x01005000, 0x02000600, 0x02000100, 0x02000600, 0x01000000, 0x01005000, 0x02000600, 0x02000100, 0x02000600, 0x01000000,
	0x01005000, 0x02000600, 0x02000100, 0x02000600, 0x01000000, 0x01005000, 0x02000600, 0x02000100, 0x02000600, 0x01000000, 0x01005000, 0x02000600,
	0x02000100, 0x02000600, 0x01000000, 0x01005000, 0x02000600, 0x02000100, 0x02000600, 0x01000000, 0x01005000, 0x02006400, 0x02000100, 0x02000600,
	0x02000100, 0x02000600, 0x01000000, 0x01005000, 0x02000600, 0x02000100, 0x02000600, 0x01000000, 0x01005000, 0x02000600, 0x02000100, 0x02000600,
	0x01000000, 0x01005000, 0x02000600, 0x02000100, 0x02000600, 0x01000000, 0x01005000, 0x02000600, 0x02000100, 0x02000600, 0x01000000, 0x01005000,
	0x02000600, 0x02000100, 0x02000600, 0x01000000, 0x01005000, 0x02000600, 0x02000100, 0x02000600, 0x01000000, 0x01005000, 0x02006400, 0x02000100,
	0x02000600, 0x02000100, 0x02000600, 0x01000000, 0x01005000, 0x02000600, 0x02000100, 0x02000600, 0x01000000, 0x01005000, 0x02000600, 0x02000100,
	0x02000600, 0x01000000, 0x01005000, 0x02000600, 0x02000100, 0x02000600, 0x01000000, 0x01005000, 0x02006400, 0x02000200, 0x02007800, 0x02006400,
	0x01000000, 0x02006400, 0x02004500, 0x02007800, 0x02000e00, 0x02007800, 0x01000500, 0x01000a00, 0x02001200, 0x01003200, 0x01003200, 0x02000400,
	0x02007800, 0x01000500, 0x01000a00, 0x02001200, 0x01003200, 0x01003200, 0x02000400, 0x02007800, 0x01000500, 0x01000a00, 0x02001200, 0x01003200,
	0x01003200, 0x02000400, 0x02007800, 0x02007800, 0x02007800, 0x01000500, 0x01000a00, 0x02001200, 0x01003200, 0x01003200, 0x02000400, 0x02007800,
	0x01000500, 0x01000a00, 0x02001200, 0x01003200, 0x01003200, 0x02000400, 0x02007800, 0x01000500, 0x02000400, 0x01003200, 0x02000400, 0x02007800,
	0x01000500, 0x02000400, 0x01003200, 0x02000400, 0x02007800, 0x01003200, 0x01003200, 0x02001400, 0x01003200, 0x04007822, 0x02006400, 0x02000300,
	0x02006400, 0x02000100, 0x04007806, 0x01003200, 0x01003200, 0x02001400, 0x01005000, 0x02000200, 0x01000000, 0x01005000, 0x01005000, 0x02006400,
	0x04007806, 0x02006400, 0x02000100, 0x04007802, 0x02006400, 0x02000300, 0x02007800, 0x02006400, 0x02000100, 0x02007800, 0x01003200, 0x01003200,
	0x02000300, 0x04007807, 0x02006400, 0x02000100, 0x0400780a, 0x02006400, 0x02000100, 0x04007802, 0x02006400, 0x02000300, 0x01005000, 0x02000200,
	0x01000000, 0x01005000, 0x01005000, 0x01001400, 0x01001400, 0x02000400, 0x02007800, 0x02006400, 0x02000100, 0x01005000, 0x02006400, 0x02000100,
	0x01001400, 0x01003200, 0x01003200, 0x02000300, 0x04007807, 0x01003200, 0x01003200, 0x02001400, 0x01005000, 0x02000200, 0x04006402, 0x02007800,
	0x01000500, 0x01000a00, 0x02001200, 0x01003200, 0x01003200, 0x02000400, 0x02007800, 0x01003200, 0x01003200, 0x02001400, 0x02007800, 0x01003200,
	0x01003200, 0x02000300, 0x02000400, 0x02006400, 0x02007800, 0x01003200, 0x01000000, 0x02007800, 0x01000500, 0x01000a00, 0x02001200, 0x01003200,
	0x01003200, 0x02000400, 0x02007800, 0x02006400, 0x02000400, 0x02007800, 0x02006400, 0x02000400, 0x01005000, 0x02000200, 0x02000400, 0x02006400,
	0x02007800, 0x01003200, 0x01001400, 0x02000e00, 0x02007800, 0x01003200, 0x02006400, 0x01005000, 0x01000a00, 0x01003200, 0x01001400, 0x01001400,
	0x02006400, 0x02001f00, 0x02001e00, 0x01003200, 0x02003c00, 0x02000600, 0x01003200, 0x01003200, 0x01003200, 0x02000400, 0x01003200, 0x01003200,
	0x02000400, 0x01003200, 0x02000400, 0x02000400, 0x02006400, 0x02007800, 0x01003200, 0x01001400, 0x02000e00, 0x02007800, 0x01003200, 0x02006400,
	0x02000300, 0x01003200, 0x01000a00, 0x01003200, 0x01000a00, 0x01001400, 0x01001400, 0x02000400, 0x01005000, 0x02006400, 0x01000500, 0x02000400,
	0x02001e00, 0x01003200, 0x02003c00, 0x02000600, 0x01003200, 0x02000a00, 0x01003200, 0x02000400, 0x01003200, 0x01003200, 0x02000400, 0x01003200,
	0x02000400, 0x02000400, 0x02006400, 0x02007800, 0x01000500, 0x02000400, 0x01003200, 0x02000400, 0x02007800, 0x01000500, 0x01000a00, 0x02001200,
	0x01003200, 0x01003200, 0x02000400, 0x02007800, 0x02006400, 0x02001000, 0x02007800, 0x01000500, 0x01000a00, 0x02001200, 0x01003200, 0x01003200,
	0x02000400, 0x02007800, 0x01000500, 0x01000a00, 0x02001200, 0x01003200, 0x01003200, 0x02000400, 0x02007800, 0x01000500, 0x01000a00, 0x02001200,
	0x01003200, 0x01003200, 0x02000400, 0x02007800, 0x04000e02, 0x02007800, 0x01000500, 0x01000a00, 0x02001200, 0x01003200, 0x01003200, 0x02000400,
	0x02007800, 0x01000500, 0x01000a00, 0x02001200, 0x01003200, 0x01003200, 0x02000400, 0x02007800, 0x01000500, 0x01000a00, 0x02001200, 0x01003200,
	0x01003200, 0x02000400, 0x02007800, 0x02007800, 0x02007800, 0x02006400, 0x02000300, 0x01000000, 0x02006400, 0x01000a00, 0x02000400, 0x02000e00,
	0x01001400, 0x01003200, 0x01003200, 0x02001400, 0x02006300, 0x02000a00, 0x02000a00, 0x02000a00, 0x02002300, 0x01003200, 0x03000000, 0x03000000,
	0x01003200, 0x03000000, 0x03000000, 0x01003200, 0x03000000, 0x03000000, 0x01003200, 0x03000000, 0x03000000, 0x01003200, 0x03000000, 0x03000000,
	0x01003200, 0x01003200, 0x02001400, 0x01003200, 0x03000000, 0x03000000, 0x01003200, 0x01003200, 0x02001400, 0x02000200, 0x02000500, 0x02000700,
	0x01005000, 0x02000300, 0x01003200, 0x02000800, 0x02007800, 0x02007800, 0x02007800, 0x01000500, 0x01000a00, 0x02001200, 0x01003200, 0x01003200,
	0x02000400, 0x02007800, 0x02006400, 0x02000400, 0x01000a00, 0x01001400, 0x01003200, 0x01003200, 0x02000300, 0x02007800, 0x01000500, 0x01000a00,
	0x01003200, 0x01003200, 0x01003200, 0x02000400, 0x02001f00, 0x02007800, 0x02006400, 0x02000400, 0x01003200, 0x01000a00, 0x01003200, 0x01000a00,
	0x01003200, 0x01000a00, 0x01003200, 0x01000a00, 0x01000a00, 0x01001400, 0x01001400, 0x02000200, 0x02000200, 0x02000a00, 0x04007802, 0x02006400,
	0x02000200, 0x02000200, 0x02000a00, 0x01005000, 0x02006400, 0x02007800, 0x01000500, 0x01000a00, 0x02001200, 0x01003200, 0x01003200, 0x02000400,
	0x02007800, 0x01003200, 0x01003200, 0x02001400, 0x02007800, 0x01000500, 0x01000a00, 0x01003200, 0x01003200, 0x01003200, 0x02000400, 0x02001f00,
	0x02007800, 0x02000e00, 0x02007800, 0x01000500, 0x02000400, 0x01003200, 0x02000400, 0x02007800, 0x01000500, 0x01000a00, 0x02001200, 0x01003200,
	0x01003200, 0x02000400, 0x02007800, 0x02006400, 0x02000300, 0x02007800, 0x01003200, 0x01003200, 0x02001400, 0x02007800, 0x01003200, 0x02006400,
	0x02000400, 0x01003200, 0x01000a00, 0x01003200, 0x01000a00, 0x01003200, 0x01000a00, 0x01000a00, 0x01001400, 0x01001400, 0x04007805, 0x02006400,
	0x02001200, 0x02007800, 0x02006400, 0x02000400, 0x02000200, 0x02007800, 0x02006400, 0x02000400, 0x02007800, 0x01003200, 0x01003200, 0x02000300,
	0x04007802, 0x02006400, 0x02000300, 0x01000000, 0x02006400, 0x02000200, 0x02000200, 0x02000a00, 0x02006400, 0x02000200, 0x02000200, 0x02000a00,
	0x02006400, 0x01000a00, 0x02000400, 0x02000e00, 0x01000a00, 0x01001400, 0x01003200, 0x03000000, 0x03000000, 0x03000000, 0x03000000, 0x03000000,
	0x03000000, 0x03000000, 0x03000000, 0x02006300, 0x02000a00, 0x02000400, 0x01003200, 0x01003200, 0x02000300, 0x01003200, 0x01003200, 0x02000300,
	0x01003200, 0x01003200, 0x02001400, 0x02000800, 0x02000400, 0x02006400, 0x01002800, 0x02000600, 0x02000500, 0x02000100, 0x02000700, 0x02006400,
	0x02001d00, 0x01003200, 0x02003c00, 0x02003c00, 0x02000600, 0x01003200, 0x02000a00, 0x01003200, 0x02000400, 0x01003200, 0x01003200, 0x02000400,
	0x01003200, 0x02000400, 0x02000400, 0x04006402, 0x02007800, 0x02007800, 0x01000500, 0x01000a00, 0x02001200, 0x01003200, 0x01003200, 0x02000400,
	0x02007800, 0x01003200, 0x02007800, 0x02007800, 0x01000500, 0x01000a00, 0x02001200, 0x01003200, 0x01003200, 0x02000400, 0x02007800, 0x01000500,
	0x01000a00, 0x02001200, 0x01003200, 0x01003200, 0x02000400, 0x02007800, 0x02006400, 0x02000400, 0x02007800, 0x01000500, 0x01000a00, 0x01003200,
	0x01003200, 0x01003200, 0x02000400, 0x02001f00, 0x04007804, 0x01003200, 0x01000a00, 0x01003200, 0x01000a00, 0x01003200, 0x02007800, 0x01003200,
	0x02006400, 0x01005000, 0x01001400, 0x01001400, 0x02000200, 0x02000900, 0x02007800, 0x02006400, 0x02000600, 0x02006400, 0x02000600, 0x01003200,
	0x01000a00, 0x01003200, 0x01000a00, 0x01000a00, 0x01001400, 0x01001400, 0x02007800, 0x01000500, 0x01000a00, 0x02001200, 0x01003200, 0x01003200,
	0x02000400, 0x02007800, 0x01000500, 0x01000a00, 0x02001200, 0x01003200, 0x01003200, 0x02000400, 0x02007800, 0x02006400, 0x02004500, 0x02007800,
	0x01000500, 0x01000a00, 0x02001200, 0x01003200, 0x01003200, 0x02000400, 0x02007800, 0x01000500, 0x01000a00, 0x02001200, 0x01003200, 0x01003200,
	0x02000400, 0x02007800, 0x01000500, 0x01000a00, 0x02001200, 0x01003200, 0x01003200, 0x02000400, 0x02007800, 0x01000500, 0x01000a00, 0x02001200,
	0x01003200, 0x01003200, 0x02000400, 0x02007800, 0x02006400, 0x02000700, 0x02006400, 0x02000600, 0x01003200, 0x01000a00, 0x01001400, 0x01003200,
	0x01003200, 0x02001400, 0x02007800, 0x02000e00, 0x02007800, 0x02006400, 0x02000700, 0x02000200, 0x02006400, 0x02000700, 0x02007800, 0x01000500,
	0x01000a00, 0x02001200, 0x01003200, 0x01003200, 0x02000400, 0x02007800, 0x02006400, 0x01000a00, 0x02000e00, 0x01003200, 0x01000a00, 0x01001400,
	0x01003200, 0x03000000, 0x03000000, 0x03000000, 0x03000000, 0x02006300, 0x02000a00, 0x02000100, 0x02000300, 0x02007800, 0x01000500, 0x01000a00,
	0x02001200, 0x01003200, 0x01003200, 0x02000400, 0x02007800, 0x02006400, 0x02002b00, 0x02007800, 0x04007802, 0x02007800, 0x02000e00, 0x02007800,
	0x01000500, 0x01000a00, 0x02001200, 0x01003200, 0x01003200, 0x02000400, 0x02007800, 0x01003200, 0x01003200, 0x02001400, 0x01003200, 0x0400780b,
	0x02006400, 0x02000300, 0x02000100, 0x02006400, 0x01000a00, 0x02000600, 0x02000e00, 0x01000a00, 0x01001400, 0x01003200, 0x01003200, 0x02000300,
	0x04007806, 0x02006400, 0x02000400, 0x01005000, 0x02006400, 0x02000600, 0x04007802, 0x02006400, 0x02000300, 0x04007802, 0x01003200, 0x03000000,
	0x03000000, 0x03000000, 0x03000000, 0x04007809, 0x01003200, 0x01003200, 0x02001400, 0x02007800, 0x02006400, 0x02000600, 0x01000a00, 0x01001400,
	0x01003200, 0x03000000, 0x03000000, 0x03000000, 0x03000000, 0x03000000, 0x03000000, 0x03000000, 0x03000000, 0x02006300, 0x02000a00, 0x02000a00,
	0x02000a00, 0x02002800, 0x01003200, 0x01003200, 0x02001400, 0x01003200, 0x03000000, 0x03000000, 0x03000000, 0x03000000, 0x03000000, 0x03000000,
	0x03000000, 0x03000000, 0x01003200, 0x03000000, 0x03000000, 0x03000000, 0x03000000, 0x03000000, 0x03000000, 0x03000000, 0x03000000, 0x01003200,
	0x01003200, 0x02001400, 0x01003200, 0x01003200, 0x02001400, 0x01003200, 0x03000000, 0x03000000, 0x03000000, 0x03000000, 0x03000000, 0x03000000,
	0x03000000, 0x03000000, 0x01003200, 0x03000000, 0x03000000, 0x03000000, 0x03000000, 0x03000000, 0x03000000, 0x03000000, 0x03000000, 0x01003200,
	0x01003200, 0x02000300, 0x01003200, 0x01003200, 0x02001400, 0x01003200, 0x01003200, 0x02001400, 0x01003200, 0x01003200, 0x02000300, 0x01003200,
	0x03000000, 0x03000000, 0x03000000, 0x03000000, 0x03000000, 0x03000000, 0x03000000, 0x03000000, 0x01003200, 0x03000000, 0x03000000, 0x03000000,
	0x03000000, 0x03000000, 0x03000000, 0x03000000, 0x03000000, 0x01003200, 0x01003200, 0x02000300, 0x01003200, 0x01003200, 0x02000300, 0x01003200,
	0x03000000, 0x03000000, 0x03000000, 0x03000000, 0x03000000, 0x03000000, 0x03000000, 0x03000000, 0x01003200, 0x03000000, 0x03000000, 0x03000000,
	0x03000000, 0x03000000, 0x03000000, 0x03000000, 0x03000000, 0x01003200, 0x01003200, 0x02000300, 0x01003200, 0x01003200, 0x02000300, 0x01003200,
	0x01003200, 0x02001400, 0x01003200, 0x01003200, 0x02000300, 0x01003200, 0x03000000, 0x03000000, 0x03000000, 0x03000000, 0x03000000, 0x03000000,
	0x03000000, 0x03000000, 0x02000400, 0x02000a00, 0x02000200, 0x01005000, 0x02000200, 0x01005000, 0x01005000, 0x02006400, 0x02000600, 0x01001400,
	0x01003200, 0x03000000, 0x03000000, 0x03000000, 0x03000000, 0x03000000, 0x03000000, 0x03000000, 0x03000000, 0x02006300, 0x02000a00, 0x02000200,
	0x02000400, 0x04007802, 0x02006400, 0x02000600, 0x02000400, 0x02000800, 0x01005000, 0x02000200, 0x01005000, 0x01005000, 0x02006400, 0x02000e00,
	0x04006402, 0x02007800, 0x01005000, 0x02000300, 0x01005000, 0x02000200, 0x01005000, 0x01005000, 0x01003200, 0x01000a00, 0x01003200, 0x01001400,
	0x01001400, 0x02000d00, 0x01005000, 0x01003200, 0x01000a00, 0x01003200, 0x01001400, 0x01001400, 0x02000d00, 0x02006300, 0x02000a00, 0x02000a00,
	0x02000a00, 0x02000d00, 0x01001400, 0x02000d00, 0x01001400, 0x02000d00, 0x02000400, 0x02000a00, 0x02000200, 0x01001400, 0x02000d00, 0x01001400,
	0x01001400, 0x02000d00, 0x01001400, 0x01001400, 0x02000d00, 0x01001400, 0x02000d00, 0x01001400, 0x02000d00, 0x01001400, 0x02000d00, 0x01001400,
	0x02000d00, 0x01001400, 0x02000d00, 0x02000400, 0x02000300, 0x02000100, 0x02000900, 0x01000000, 0x01005000, 0x02000300, 0x02000100, 0x02000900,
	0x01000000, 0x01005000, 0x02000300, 0x02000100, 0x02000900, 0x01000000, 0x01005000, 0x02006400, 0x02001000, 0x01005000, 0x02000300, 0x02000100,
	0x02000900, 0x01000000, 0x01005000, 0x02000300, 0x02000100, 0x02000900, 0x01000000, 0x01005000, 0x02000300, 0x02000100, 0x02000900, 0x01000000,
	0x01005000, 0x02000300, 0x02000100, 0x02000900, 0x01000000, 0x01005000, 0x02006400, 0x02000f00, 0x01005000, 0x02000300, 0x02000100, 0x02000900,
	0x01000000, 0x01005000, 0x02006400, 0x02000600, 0x02000200, 0x01005000, 0x02000300, 0x02000100, 0x02000900, 0x01000000, 0x01005000, 0x02000300,
	0x02000100, 0x02000900, 0x01000000, 0x01005000, 0x02000300, 0x02000100, 0x02000900, 0x01000000, 0x01005000, 0x02000300, 0x02000100, 0x02000900,
	0x01000000, 0x01005000, 0x02000300, 0x02000100, 0x02000900, 0x01000000, 0x01005000, 0x02000300, 0x02000100, 0x02000900, 0x01000000, 0x01005000,
	0x02006400, 0x01005000, 0x02000300, 0x02000100, 0x02000900, 0x01000000, 0x01005000, 0x02006400, 0x01000a00, 0x02000600, 0x04000e02, 0x01003200,
	0x01001400, 0x01003200, 0x03000000, 0x03000000, 0x02006300, 0x02000a00, 0x02000a00, 0x02000a00, 0x02006400, 0x01003200, 0x01003200, 0x02001400,
	0x01003200, 0x01003200, 0x02000300, 0x01003200, 0x01003200, 0x02001400, 0x01003200, 0x01003200, 0x02001400, 0x01003200, 0x01003200, 0x02000300,
	0x01003200, 0x01003200, 0x02001400, 0x01003200, 0x01003200, 0x02001400, 0x01003200, 0x03000000, 0x03000000, 0x01003200, 0x03000000, 0x03000000,
	0x01003200, 0x03000000, 0x03000000, 0x01003200, 0x01003200, 0x02000300, 0x01003200, 0x01003200, 0x02001400, 0x01003200, 0x01003200, 0x02001400,
	0x01003200, 0x03000000, 0x03000000, 0x01003200, 0x03000000, 0x03000000, 0x01003200, 0x01003200, 0x02001400, 0x01003200, 0x03000000, 0x03000000,
	0x01003200, 0x01003200, 0x02000300, 0x01003200, 0x01003200, 0x02000300, 0x01003200, 0x03000000, 0x03000000, 0x01003200, 0x01003200, 0x02000300,
	0x01003200, 0x03000000, 0x03000000, 0x01003200, 0x03000000, 0x03000000, 0x01003200, 0x01003200, 0x02000300, 0x01003200, 0x01003200, 0x02000300,
	0x01003200, 0x01003200, 0x02000300, 0x01003200, 0x03000000, 0x03000000, 0x01003200, 0x01003200, 0x02001400, 0x01003200, 0x01003200, 0x02001400,
	0x01003200, 0x01003200, 0x02000300, 0x01003200, 0x03000000, 0x03000000, 0x01003200, 0x03000000, 0x03000000, 0x01003200, 0x01003200, 0x02000300,
	0x01003200, 0x03000000, 0x03000000, 0x01003200, 0x01003200, 0x02001400, 0x01003200, 0x03000000, 0x03000000, 0x01003200, 0x01003200, 0x02001400,
	0x01003200, 0x01003200, 0x02001400, 0x01003200, 0x03000000, 0x03000000, 0x01003200, 0x01003200, 0x02000300, 0x01003200, 0x01003200, 0x02001400,
	0x01003200, 0x03000000, 0x03000000, 0x01003200, 0x01003200, 0x02001400, 0x01003200, 0x01003200, 0x02000300, 0x01003200, 0x01003200, 0x02000300,
	0x01003200, 0x03000000, 0x03000000, 0x01003200, 0x01003200, 0x02000300, 0x01003200, 0x03000000, 0x03000000, 0x01003200, 0x03000000, 0x03000000,
	0x01003200, 0x03000000, 0x03000000, 0x01003200, 0x03000000, 0x03000000, 0x01003200, 0x01003200, 0x02000300, 0x01003200, 0x01003200, 0x02000300,
	0x01003200, 0x03000000, 0x03000000, 0x01003200, 0x03000000, 0x03000000, 0x01003200, 0x01003200, 0x02000300, 0x01003200, 0x01003200, 0x02000300,
	0x01003200, 0x01003200, 0x02000300, 0x01003200, 0x03000000, 0x03000000, 0x01003200, 0x03000000, 0x03000000, 0x01003200, 0x03000000, 0x03000000,
	0x01003200, 0x01003200, 0x02000300, 0x01003200, 0x03000000, 0x03000000, 0x01003200, 0x01003200, 0x02001400, 0x01003200, 0x03000000, 0x03000000,
	0x01003200, 0x03000000, 0x03000000, 0x01003200, 0x03000000, 0x03000000, 0x01003200, 0x03000000, 0x03000000, 0x01003200, 0x01003200, 0x02000300,
	0x01003200, 0x01003200, 0x02000300, 0x01003200, 0x01003200, 0x02000300, 0x01003200, 0x01003200, 0x02001400, 0x01003200, 0x01003200, 0x02001400,
	0x01003200, 0x01003200, 0x02000300, 0x01003200, 0x01003200, 0x02000300, 0x01003200, 0x03000000, 0x03000000, 0x01003200, 0x01003200, 0x02001400,
	0x01003200, 0x01003200, 0x02001400, 0x01003200, 0x03000000, 0x03000000, 0x01003200, 0x03000000, 0x03000000, 0x01003200, 0x03000000, 0x03000000,
	0x01003200, 0x01003200, 0x02000300, 0x01003200, 0x01003200, 0x02000300, 0x01003200, 0x03000000, 0x03000000, 0x01003200, 0x01003200, 0x02001400,
	0x01003200, 0x03000000, 0x03000000, 0x01003200, 0x03000000, 0x03000000, 0x01003200, 0x03000000, 0x03000000, 0x01003200, 0x01003200, 0x02000300,
	0x01003200, 0x03000000, 0x03000000, 0x01003200, 0x01003200, 0x02000300, 0x01003200, 0x01003200, 0x02000300, 0x01003200, 0x03000000, 0x03000000,
	0x01003200, 0x03000000, 0x03000000, 0x02000a00, 0x02000a00, 0x02000200, 0x01005000, 0x02006400, 0x02000e00, 0x01005000, 0x02000300, 0x02000100,
	0x02000900, 0x01000000, 0x01005000, 0x02000300, 0x02000100, 0x02000900, 0x01000000, 0x01005000, 0x02000300, 0x02000100, 0x02000900, 0x01000000,
	0x01005000, 0x02000300, 0x02000100, 0x02000900, 0x01000000, 0x01005000, 0x02000300, 0x02000100, 0x02000900, 0x01000000, 0x01005000, 0x02000300,
	0x02000100, 0x02000900, 0x01000000, 0x01005000, 0x02000300, 0x02000100, 0x02000900, 0x01000000, 0x01005000, 0x02000300, 0x02000100, 0x02000900,
	0x01000000, 0x01005000, 0x02000300, 0x02000100, 0x02000900, 0x01000000, 0x01005000, 0x02000300, 0x02000100, 0x02000900, 0x01000000, 0x01005000,
	0x02000300, 0x02000100, 0x02000900, 0x01000000, 0x01005000, 0x02006400, 0x02000d00, 0x01005000, 0x02000300, 0x02000100, 0x02000900, 0x01000000,
	0x01005000, 0x02006400, 0x02000600, 0x02000300, 0x02000100, 0x02000900, 0x01000000, 0x01005000, 0x02006400, 0x02000600, 0x02000200, 0x02000400,
	0x01005000, 0x02006400, 0x02000600, 0x02000200, 0x01005000, 0x02006400, 0x02000c00, 0x01005000, 0x02000300, 0x02000100, 0x02000900, 0x01000000,
	0x01005000, 0x02000300, 0x02000100, 0x02000900, 0x01000000, 0x01005000, 0x02000300, 0x02000100, 0x02000900, 0x01000000, 0x01005000, 0x02000300,
	0x02000100, 0x02000900, 0x01000000, 0x01005000, 0x02000300, 0x02000100, 0x02000900, 0x01000000, 0x01005000, 0x02006400, 0x02000600, 0x02000400,
	0x01005000, 0x02000300, 0x02000100, 0x02000900, 0x01000000, 0x01005000, 0x02000300, 0x02000100, 0x02000900, 0x01000000, 0x01005000, 0x02000300,
	0x02000100, 0x02000900, 0x01000000, 0x01005000, 0x02000300, 0x02000100, 0x02000900, 0x01000000, 0x01005000, 0x02000300, 0x02000100, 0x02000900,
	0x01000000, 0x01005000, 0x02000300, 0x02000100, 0x02000900, 0x01000000, 0x01005000, 0x02006400, 0x02000b00, 0x01005000, 0x02000300, 0x02000100,
	0x02000900, 0x01000000, 0x01005000, 0x02000300, 0x02000100, 0x02000900, 0x01000000, 0x01005000, 0x02000300, 0x02000100, 0x02000900, 0x01000000,
	0x01005000, 0x02000300, 0x02000100, 0x02000900, 0x01000000, 0x01005000, 0x02000300, 0x02000100, 0x02000900, 0x01000000, 0x01005000, 0x02000300,
	0x02000100, 0x02000900, 0x01000000, 0x01005000, 0x02000300, 0x02000100, 0x02000900, 0x01000000, 0x01005000, 0x02000300, 0x02000100, 0x02000900,
	0x01000000, 0x01005000, 0x02000300, 0x02000100, 0x02000900, 0x01000000, 0x01005000, 0x02000300, 0x02000100, 0x02000900, 0x01000000, 0x01005000,
	0x02006400, 0x02000600, 0x01003200, 0x01001400, 0x01003200, 0x03000000, 0x03000000, 0x03000000, 0x03000000, 0x03000000, 0x03000000, 0x03000000,
	0x03000000, 0x01005000, 0x02000300, 0x02000100, 0x02000900, 0x01000000, 0x01005000, 0x02000300, 0x02000100, 0x02000900, 0x01000000, 0x01005000,
	0x02000300, 0x02000100, 0x02000900, 0x01000000, 0x01005000, 0x02000300, 0x02000100, 0x02000900, 0x01000000, 0x01005000, 0x02000300, 0x02000100,
	0x02000900, 0x01000000, 0x01005000, 0x02000300, 0x02000100, 0x02000900, 0x01000000, 0x01005000, 0x02000300, 0x02000100, 0x02000900, 0x01000000,
	0x01005000, 0x02006400, 0x02000600, 0x01005000, 0x02000300, 0x02000100, 0x02000900, 0x01000000, 0x01005000, 0x02000300, 0x02000100, 0x02000900,
	0x01000000, 0x01005000, 0x02000300, 0x02000100, 0x02000900, 0x01000000, 0x01005000, 0x02000300, 0x02000100, 0x02000900, 0x01000000, 0x01005000,
	0x02000300, 0x02000100, 0x02000900, 0x01000000, 0x01005000, 0x02000300, 0x02000100, 0x02000900, 0x01000000, 0x01005000, 0x02000300, 0x02000100,
	0x02000900, 0x01000000, 0x01005000, 0x02000300, 0x02000100, 0x02000900, 0x01000000, 0x01005000, 0x02006400, 0x02000a00, 0x02000300, 0x01005000,
	0x02006400, 0x02000600, 0x02000300, 0x02000100, 0x02000900, 0x01000000, 0x01005000, 0x02000300, 0x02000100, 0x02000900, 0x01000000, 0x01005000,
	0x02000300, 0x02000100, 0x02000900, 0x01000000, 0x01005000, 0x02006400, 0x02000a00, 0x02000100, 0x01005000, 0x02000300, 0x02000100, 0x02000900,
	0x01000000, 0x01005000, 0x02006400, 0x02000600, 0x02000400, 0x02000a00, 0x02000200, 0x01005000, 0x02000300, 0x02000100, 0x02000900, 0x01000000,
	0x01005000, 0x02000300, 0x02000100, 0x02000900, 0x01000000, 0x01005000, 0x02000300, 0x02000100, 0x02000900, 0x01000000, 0x01005000, 0x02000300,
	0x02000100, 0x02000900, 0x01000000, 0x01005000, 0x02000300, 0x02000100, 0x02000900, 0x01000000, 0x01005000, 0x02000300, 0x02000100, 0x02000900,
	0x01000000, 0x01005000, 0x02006400, 0x02000a00, 0x01005000, 0x02000300, 0x02000100, 0x02000900, 0x01000000, 0x01005000, 0x02000300, 0x02000100,
	0x02000900, 0x01000000, 0x01005000, 0x02000300, 0x02000100, 0x02000900, 0x01000000, 0x01005000, 0x02006400, 0x02000600, 0x02000400, 0x02000a00,
	0x02000200, 0x01005000, 0x02000300, 0x02000100, 0x02000900, 0x01000000, 0x01005000, 0x02000300, 0x02000100, 0x02000900, 0x01000000, 0x01005000,
	0x02000300, 0x02000100, 0x02000900, 0x01000000, 0x01005000, 0x02000300, 0x02000100, 0x02000900, 0x01000000, 0x01005000, 0x02000300, 0x02000100,
	0x02000900, 0x01000000, 0x01005000, 0x02000300, 0x02000100, 0x02000900, 0x01000000, 0x01005000, 0x02006400, 0x02000600, 0x01003200, 0x01001400,
	0x01003200, 0x03000000, 0x03000000, 0x03000000, 0x03000000, 0x03000000, 0x03000000, 0x03000000, 0x03000000, 0x01005000, 0x02006400, 0x02000600,
	0x02000400, 0x02000a00, 0x02000200, 0x01005000, 0x02000300, 0x02000100, 0x02000900, 0x01000000, 0x01005000, 0x02000300, 0x02000100, 0x02000900,
	0x01000000, 0x01005000, 0x02000300, 0x02000100, 0x02000900, 0x01000000, 0x01005000, 0x02000300, 0x02000100, 0x02000900, 0x01000000, 0x01005000,
	0x02006400, 0x02000900, 0x02000a00, 0x01000000, 0x01005000, 0x02000300, 0x02000100, 0x02000900, 0x01000000, 0x01005000, 0x02000300, 0x02000100,
	0x02000900, 0x01000000, 0x01005000, 0x02000300, 0x02000100, 0x02000900, 0x01000000, 0x01005000, 0x02000300, 0x02000100, 0x02000900, 0x01000000,
	0x01005000, 0x02006400, 0x02000900, 0x01005000, 0x02000300, 0x02000100, 0x02000900, 0x01000000, 0x01005000, 0x02000300, 0x02000100, 0x02000900,
	0x01000000, 0x01005000, 0x02006400, 0x02000600, 0x01003200, 0x01001400, 0x01003200, 0x01003200, 0x02000300, 0x01005000, 0x02000300, 0x02000100,
	0x02000900, 0x01000000, 0x01005000, 0x02000300, 0x02000100, 0x02000900, 0x01000000, 0x01005000, 0x02000300, 0x02000100, 0x02000900, 0x01000000,
	0x01005000, 0x02000300, 0x02000100, 0x02000900, 0x01000000, 0x01005000, 0x02000300, 0x02000100, 0x02000900, 0x01000000, 0x01005000, 0x02000300,
	0x02000100, 0x02000900, 0x01000000, 0x01005000, 0x02000300, 0x02000100, 0x02000900, 0x01000000, 0x01005000, 0x02000300, 0x02000100, 0x02000900,
	0x01000000, 0x01005000, 0x02000300, 0x02000100, 0x02000900, 0x01000000, 0x01005000, 0x02000300, 0x02000100, 0x02000900, 0x01000000, 0x01005000,
	0x02000300, 0x02000100, 0x02000900, 0x01000000, 0x01005000, 0x02000300, 0x02000100, 0x02000900, 0x01000000, 0x01005000, 0x02000300, 0x02000100,
	0x02000900, 0x01000000, 0x01005000, 0x02000300, 0x02000100, 0x02000900, 0x01000000, 0x01005000, 0x02000300, 0x02000100, 0x02000900, 0x01000000,
	0x01005000, 0x02000300, 0x02000100, 0x02000900, 0x01000000, 0x01005000, 0x02000300, 0x02000100, 0x02000900, 0x01000000, 0x01005000, 0x02000300,
	0x02000100, 0x02000900, 0x01000000, 0x01005000, 0x02000300, 0x02000100, 0x02000900, 0x01000000, 0x01005000, 0x02000300, 0x02000100, 0x02000900,
	0x01000000, 0x01005000, 0x02000300, 0x02000100, 0x02000900, 0x01000000, 0x01005000, 0x02006400, 0x02000600, 0x02000400, 0x02000a00, 0x02000200,
	0x01005000, 0x02000300, 0x02000100, 0x02000900, 0x01000000, 0x01005000, 0x02006400, 0x01000a00, 0x02000600, 0x02000e00, 0x01003200, 0x01001400,
	0x01003200, 0x01003200, 0x02001400, 0x02006300, 0x02000a00, 0x02000a00, 0x02000a00, 0x02007e00, 0x01003200, 0x01003200, 0x02001400, 0x01003200,
	0x03000000, 0x03000000, 0x03000000, 0x03000000, 0x03000000, 0x03000000, 0x03000000, 0x03000000, 0x01003200, 0x03000000, 0x03000000, 0x03000000,
	0x03000000, 0x03000000, 0x03000000, 0x03000000, 0x03000000, 0x01003200, 0x01003200, 0x02000300, 0x01003200, 0x01003200, 0x02000300, 0x01003200,
	0x03000000, 0x03000000, 0x03000000, 0x03000000, 0x03000000, 0x03000000, 0x03000000, 0x03000000, 0x01003200, 0x03000000, 0x03000000, 0x03000000,
	0x03000000, 0x03000000, 0x03000000, 0x03000000, 0x03000000, 0x01003200, 0x03000000, 0x03000000, 0x03000000, 0x03000000, 0x03000000, 0x03000000,
	0x03000000, 0x03000000, 0x01003200, 0x03000000, 0x03000000, 0x03000000, 0x03000000, 0x03000000, 0x03000000, 0x03000000, 0x03000000, 0x01003200,
	0x03000000, 0x03000000, 0x03000000, 0x03000000, 0x03000000, 0x03000000, 0x03000000, 0x03000000, 0x01003200, 0x03000000, 0x03000000, 0x03000000,
	0x03000000, 0x03000000, 0x03000000, 0x03000000, 0x03000000, 0x01003200, 0x03000000, 0x03000000, 0x03000000, 0x03000000, 0x03000000, 0x03000000,
	0x03000000, 0x03000000, 0x01003200, 0x03000000, 0x03000000, 0x03000000, 0x03000000, 0x03000000, 0x03000000, 0x03000000, 0x03000000, 0x01003200,
	0x01003200, 0x02001400, 0x01003200, 0x01003200, 0x02001400, 0x01003200, 0x01003200, 0x02001400, 0x01003200, 0x01003200, 0x02000300, 0x01003200,
	0x03000000, 0x03000000, 0x03000000, 0x03000000, 0x03000000, 0x03000000, 0x03000000, 0x03000000, 0x01003200, 0x01003200, 0x02001400, 0x01003200,
	0x01003200, 0x02000300, 0x01003200, 0x01003200, 0x02000300, 0x01003200, 0x01003200, 0x02000300, 0x01003200, 0x01003200, 0x02001400, 0x01003200,
	0x01003200, 0x02000300, 0x01003200, 0x03000000, 0x03000000, 0x03000000, 0x03000000, 0x03000000, 0x03000000, 0x03000000, 0x03000000, 0x01003200,
	0x03000000, 0x03000000, 0x03000000, 0x03000000, 0x03000000, 0x03000000, 0x03000000, 0x03000000, 0x01003200, 0x03000000, 0x03000000, 0x03000000,
	0x03000000, 0x03000000, 0x03000000, 0x03000000, 0x03000000, 0x01003200, 0x03000000, 0x03000000, 0x03000000, 0x03000000, 0x03000000, 0x03000000,
	0x03000000, 0x03000000, 0x01003200, 0x03000000, 0x03000000, 0x03000000, 0x03000000, 0x03000000, 0x03000000, 0x03000000, 0x03000000, 0x01003200,
	0x03000000, 0x03000000, 0x03000000, 0x03000000, 0x03000000, 0x03000000, 0x03000000, 0x03000000, 0x01003200, 0x01003200, 0x02000300, 0x01003200,
	0x03000000, 0x03000000, 0x03000000, 0x03000000, 0x03000000, 0x03000000, 0x03000000, 0x03000000, 0x01003200, 0x01003200, 0x02000300, 0x01003200,
	0x01003200, 0x02000300, 0x01003200, 0x03000000, 0x03000000, 0x03000000, 0x03000000, 0x03000000, 0x03000000, 0x03000000, 0x03000000, 0x01003200,
	0x01003200, 0x02001400, 0x01003200, 0x01003200, 0x02000300, 0x01003200, 0x01003200, 0x02001400, 0x01003200, 0x03000000, 0x03000000, 0x03000000,
	0x03000000, 0x03000000, 0x03000000, 0x03000000, 0x03000000, 0x01003200, 0x01003200, 0x02000300, 0x01003200, 0x03000000, 0x03000000, 0x03000000,
	0x03000000, 0x03000000, 0x03000000, 0x03000000, 0x03000000, 0x01003200, 0x03000000, 0x03000000, 0x03000000, 0x03000000, 0x03000000, 0x03000000,
	0x03000000, 0x03000000, 0x01003200, 0x03000000, 0x03000000, 0x03000000, 0x03000000, 0x03000000, 0x03000000, 0x03000000, 0x03000000, 0x01003200,
	0x01003200, 0x02001400, 0x01003200, 0x03000000, 0x03000000, 0x03000000, 0x03000000, 0x03000000, 0x03000000, 0x03000000, 0x03000000, 0x01003200,
	0x01003200, 0x02000300, 0x01003200, 0x03000000, 0x03000000, 0x03000000, 0x03000000, 0x03000000, 0x03000000, 0x03000000, 0x03000000, 0x01003200,
	0x03000000, 0x03000000, 0x03000000, 0x03000000, 0x03000000, 0x03000000, 0x03000000, 0x03000000, 0x02000700, 0x02000400, 0x02000900, 0x01005000,
	0x02000300, 0x02000100, 0x02000900, 0x01000000, 0x01005000, 0x02000300, 0x02000100, 0x02000900, 0x01000000, 0x01005000, 0x02000300, 0x02000100,
	0x02000900, 0x01000000, 0x01005000, 0x02000300, 0x02000100, 0x02000900, 0x01000000, 0x01005000, 0x02006400, 0x02000800, 0x01005000, 0x02000300,
	0x02000100, 0x02000900, 0x01000000, 0x01005000, 0x02000300, 0x02000100, 0x02000900, 0x01000000, 0x01005000, 0x02006400, 0x02000600, 0x02000700,
	0x02000400, 0x02000900, 0x01005000, 0x02000300, 0x02000100, 0x02000900, 0x01000000, 0x01005000, 0x02000300, 0x02000100, 0x02000900, 0x01000000,
	0x01005000, 0x02000300, 0x02000100, 0x02000900, 0x01000000, 0x01005000, 0x02006400, 0x02000700, 0x01000000, 0x01005000, 0x02000300, 0x02000100,
	0x02000900, 0x01000000, 0x01005000, 0x02000300, 0x02000100, 0x02000900, 0x01000000, 0x01005000, 0x02000300, 0x02000100, 0x02000900, 0x01000000,
	0x01005000, 0x02006400, 0x02000600, 0x02000400, 0x02000a00, 0x02000200, 0x01005000, 0x02000300, 0x02000100, 0x02000900, 0x01000000, 0x01005000,
	0x02006400, 0x02000600, 0x02000a00, 0x01000000, 0x01005000, 0x02000300, 0x02000100, 0x02000900, 0x01000000, 0x01005000, 0x02006400, 0x02000600,
	0x02000300, 0x02000100, 0x02000900, 0x01000000, 0x01005000, 0x02000300, 0x02000100, 0x02000900, 0x01000000, 0x01005000, 0x02000300, 0x02000100,
	0x02000900, 0x01000000, 0x01005000, 0x02000300, 0x02000100, 0x02000900, 0x01000000, 0x01005000, 0x02006400, 0x02000600, 0x02000300, 0x02000100,
	0x02000900, 0x01000000, 0x01005000, 0x02000300, 0x02000100, 0x02000900, 0x01000000, 0x01005000, 0x02000300, 0x02000100, 0x02000900, 0x01000000,
	0x01005000, 0x02000300, 0x02000100, 0x02000900, 0x01000000, 0x01005000, 0x02000300, 0x02000100, 0x02000900, 0x01000000, 0x01005000, 0x02000300,
	0x02000100, 0x02000900, 0x01000000, 0x01005000, 0x02000300, 0x02000100, 0x02000900, 0x01000000, 0x01005000, 0x02000300, 0x02000100, 0x02000900,
	0x01000000, 0x01005000, 0x02000300, 0x02000100, 0x02000900, 0x01000000, 0x01005000, 0x02000300, 0x02000100, 0x02000900, 0x01000000, 0x01005000,
	0x02000300, 0x02000100, 0x02000900, 0x01000000, 0x01005000, 0x02000300, 0x02000100, 0x02000900, 0x01000000, 0x01005000, 0x02006400, 0x02000600,
	0x01003200, 0x01001400, 0x01003200, 0x03000000, 0x03000000, 0x03000000, 0x03000000, 0x03000000, 0x03000000, 0x03000000, 0x03000000, 0x01005000,
	0x02000300, 0x02000100, 0x02000900, 0x01000000, 0x01005000, 0x02006400, 0x02000600, 0x02000300, 0x02000100, 0x02000900, 0x01000000, 0x01005000,
	0x02000300, 0x02000100, 0x02000900, 0x01000000, 0x01005000, 0x02000300, 0x02000100, 0x02000900, 0x01000000, 0x01005000, 0x02000300, 0x02000100,
	0x02000900, 0x01000000, 0x01005000, 0x02000300, 0x02000100, 0x02000900, 0x01000000, 0x01005000, 0x02006400, 0x02000600, 0x02000100, 0x01005000,
	0x02000300, 0x02000100, 0x02000900, 0x01000000, 0x01005000, 0x02000300, 0x02000100, 0x02000900, 0x01000000, 0x01005000, 0x02000300, 0x02000100,
	0x02000900, 0x01000000, 0x01005000, 0x02000300, 0x02000100, 0x02000900, 0x01000000, 0x01005000, 0x02000300, 0x02000100, 0x02000900, 0x01000000,
	0x01005000, 0x02000300, 0x02000100, 0x02000900, 0x01000000, 0x01005000, 0x02000300, 0x02000100, 0x02000900, 0x01000000, 0x01005000, 0x02000300,
	0x02000100, 0x02000900, 0x01000000, 0x01005000, 0x02000300, 0x02000100, 0x02000900, 0x01000000, 0x01005000, 0x02000300, 0x02000100, 0x02000900,
	0x01000000, 0x01005000, 0x02000300, 0x02000100, 0x02000900, 0x01000000, 0x01005000, 0x02006400, 0x02000600, 0x02000400, 0x01005000, 0x02000300,
	0x02000100, 0x02000900, 0x01000000, 0x01005000, 0x02006400, 0x02000600, 0x01000000, 0x01005000, 0x02000300, 0x02000100, 0x02000900, 0x01000000,
	0x01005000, 0x02000300, 0x02000100, 0x02000900, 0x01000000, 0x01005000, 0x02000300, 0x02000100, 0x02000900, 0x01000000, 0x01005000, 0x02000300,
	0x02000100, 0x02000900, 0x01000000, 0x01005000, 0x02000300, 0x02000100, 0x02000900, 0x01000000, 0x01005000, 0x02000300, 0x02000100, 0x02000900,
	0x01000000, 0x01005000, 0x02000300, 0x02000100, 0x02000900, 0x01000000, 0x01005000, 0x02000300, 0x02000100, 0x02000900, 0x01000000, 0x01005000,
	0x02000300, 0x02000100, 0x02000900, 0x01000000, 0x01005000, 0x02000300, 0x02000100, 0x02000900, 0x01000000, 0x01005000, 0x02006400, 0x02000500,
	0x02000100, 0x01005000, 0x02000300, 0x02000100, 0x02000900, 0x01000000, 0x01005000, 0x02000300, 0x02000100, 0x02000900, 0x01000000, 0x01005000,
	0x02000300, 0x02000100, 0x02000900, 0x01000000, 0x01005000, 0x02000300, 0x02000100, 0x02000900, 0x01000000, 0x01005000, 0x02000300, 0x02000100,
	0x02000900, 0x01000000, 0x01005000, 0x02000300, 0x02000100, 0x02000900, 0x01000000, 0x01005000, 0x02000300, 0x02000100, 0x02000900, 0x01000000,
	0x01005000, 0x02000300, 0x02000100, 0x02000900, 0x01000000, 0x01005000, 0x02000300, 0x02000100, 0x02000900, 0x01000000, 0x01005000, 0x02000300,
	0x02000100, 0x02000900, 0x01000000, 0x01005000, 0x02000300, 0x02000100, 0x02000900, 0x01000000, 0x01005000, 0x02006400, 0x02000500, 0x02000300,
	0x01005000, 0x02000300, 0x02000100, 0x02000900, 0x01000000, 0x01005000, 0x02006400, 0x02000500, 0x02000300, 0x01005000, 0x02006400, 0x02000600,
	0x02000400, 0x02000a00, 0x02000200, 0x01005000, 0x02000300, 0x02000100, 0x02000900, 0x01000000, 0x01005000, 0x02000300, 0x02000100, 0x02000900,
	0x01000000, 0x01005000, 0x02006400, 0x02000500, 0x02000300, 0x01005000, 0x02000300, 0x02000100, 0x02000900, 0x01000000, 0x01005000, 0x02000300,
	0x02000100, 0x02000900, 0x01000000, 0x01005000, 0x02000300, 0x02000100, 0x02000900, 0x01000000, 0x01005000, 0x02006400, 0x02000600, 0x02000400,
	0x01005000, 0x02000300, 0x02000100, 0x02000900, 0x01000000, 0x01005000, 0x02000300, 0x02000100, 0x02000900, 0x01000000, 0x01005000, 0x02000300,
	0x02000100, 0x02000900, 0x01000000, 0x01005000, 0x02000300, 0x02000100, 0x02000900, 0x01000000, 0x01005000, 0x02006400, 0x02000600, 0x02000300,
	0x02000100, 0x02000900, 0x01000000, 0x01005000, 0x02000300, 0x02000100, 0x02000900, 0x01000000, 0x01005000, 0x02006400, 0x02000600, 0x02000300,
	0x02000100, 0x02000900, 0x01000000, 0x01005000, 0x02000300, 0x02000100, 0x02000900, 0x01000000, 0x01005000, 0x02000300, 0x02000100, 0x02000900,
	0x01000000, 0x01005000, 0x02000300, 0x02000100, 0x02000900, 0x01000000, 0x01005000, 0x02000300, 0x02000100, 0x02000900, 0x01000000, 0x01005000,
	0x02000300, 0x02000100, 0x02000900, 0x01000000, 0x01005000, 0x02006400, 0x02000600, 0x01003200, 0x01001400, 0x01003200, 0x03000000, 0x03000000,
	0x03000000, 0x03000000, 0x03000000, 0x03000000, 0x03000000, 0x03000000, 0x02006300, 0x02000a00, 0x02000a00, 0x02001400, 0x01003200, 0x01003200,
	0x02001400, 0x01003200, 0x01003200, 0x02001400, 0x01003200, 0x03000000, 0x03000000, 0x03000000, 0x03000000, 0x03000000, 0x03000000, 0x03000000,
	0x03000000, 0x01003200, 0x01003200, 0x02000300, 0x01003200, 0x01003200, 0x02001400, 0x01003200, 0x03000000, 0x03000000, 0x03000000, 0x03000000,
	0x03000000, 0x03000000, 0x03000000, 0x03000000, 0x01003200, 0x01003200, 0x02001400, 0x01003200, 0x01003200, 0x02001400, 0x01003200, 0x03000000,
	0x03000000, 0x03000000, 0x03000000, 0x03000000, 0x03000000, 0x03000000, 0x03000000, 0x01003200, 0x03000000, 0x03000000, 0x03000000, 0x03000000,
	0x03000000, 0x03000000, 0x03000000, 0x03000000, 0x01003200, 0x01003200, 0x02001400, 0x01003200, 0x03000000, 0x03000000, 0x03000000, 0x03000000,
	0x03000000, 0x03000000, 0x03000000, 0x03000000, 0x01003200, 0x03000000, 0x03000000, 0x03000000, 0x03000000, 0x03000000, 0x03000000, 0x03000000,
	0x03000000, 0x01003200, 0x01003200, 0x02000300, 0x01003200, 0x01003200, 0x02001400, 0x01003200, 0x03000000, 0x03000000, 0x03000000, 0x03000000,
	0x03000000, 0x03000000, 0x03000000, 0x03000000, 0x01003200, 0x03000000, 0x03000000, 0x03000000, 0x03000000, 0x03000000, 0x03000000, 0x03000000,
	0x03000000, 0x02000800, 0x02000500, 0x01005000, 0x02006400, 0x02000500, 0x02000100, 0x01005000, 0x02000300, 0x02000100, 0x02000900, 0x01000000,
	0x01005000, 0x02006400, 0x02000600, 0x02000300, 0x02000100, 0x02000900, 0x01000000, 0x01005000, 0x02000300, 0x02000100, 0x02000900, 0x01000000,
	0x01005000, 0x02006400, 0x01000a00, 0x02000600, 0x02000e00, 0x01003200, 0x01001400, 0x01003200, 0x03000000, 0x03000000, 0x03000000, 0x03000000,
	0x03000000, 0x03000000, 0x03000000, 0x03000000, 0x01005000, 0x02006400, 0x02000600, 0x02000300, 0x02000100, 0x02000900, 0x01000000, 0x01005000,
	0x02000300, 0x02000100, 0x02000900, 0x01000000, 0x01005000, 0x02000300, 0x02000100, 0x02000900, 0x01000000, 0x01005000, 0x02000300, 0x02000100,
	0x02000900, 0x01000000, 0x01005000, 0x02000300, 0x02000100, 0x02000900, 0x01000000, 0x01005000, 0x02000300, 0x02000100, 0x02000900, 0x01000000,
	0x01005000, 0x02000300, 0x02000100, 0x02000900, 0x01000000, 0x01005000, 0x02000300, 0x02000100, 0x02000900, 0x01000000, 0x01005000, 0x02000300,
	0x02000100, 0x02000900, 0x01000000, 0x01005000, 0x02000300, 0x02000100, 0x02000900, 0x01000000, 0x01005000, 0x02000300, 0x02000100, 0x02000900,
	0x01000000, 0x01005000, 0x02000300, 0x02000100, 0x02000900, 0x01000000, 0x01005000, 0x02000300, 0x02000100, 0x02000900, 0x01000000, 0x01005000,
	0x02000300, 0x02000100, 0x02000900, 0x01000000, 0x01005000, 0x02000300, 0x02000100, 0x02000900, 0x01000000, 0x01005000, 0x02000300, 0x02000100,
	0x02000900, 0x01000000, 0x01005000, 0x02000300, 0x02000100, 0x02000900, 0x01000000, 0x01005000, 0x02000300, 0x02000100, 0x02000900, 0x01000000,
	0x01005000, 0x02000300, 0x02000100, 0x02000900, 0x01000000, 0x01005000, 0x02000300, 0x02000100, 0x02000900, 0x01000000, 0x01005000, 0x02000300,
	0x02000100, 0x02000900, 0x01000000, 0x01005000, 0x02000300, 0x02000100, 0x02000900, 0x01000000, 0x01005000, 0x02006400, 0x02000500, 0x02000300,
	0x01005000, 0x02006400, 0x02000500, 0x02000a00, 0x01000000, 0x01005000, 0x02000300, 0x02000100, 0x02000900, 0x01000000, 0x01005000, 0x02000300,
	0x02000100, 0x02000900, 0x01000000, 0x01005000, 0x02006400, 0x02000500, 0x02000100, 0x01005000, 0x02000300, 0x02000100, 0x02000900, 0x01000000,
	0x01005000, 0x02006400, 0x02000500, 0x02000100, 0x01005000, 0x02000300, 0x02000100, 0x02000900, 0x01000000, 0x01005000, 0x02000300, 0x02000100,
	0x02000900, 0x01000000, 0x01005000, 0x02000300, 0x02000100, 0x02000900, 0x01000000, 0x01005000, 0x02006400, 0x02000500, 0x01005000, 0x02000300,
	0x02000100, 0x02000900, 0x01000000, 0x01005000, 0x02000300, 0x02000100, 0x02000900, 0x01000000, 0x01005000, 0x02000300, 0x02000100, 0x02000900,
	0x01000000, 0x01005000, 0x02000300, 0x02000100, 0x02000900, 0x01000000, 0x01005000, 0x02000300, 0x02000100, 0x02000900, 0x01000000, 0x01005000,
	0x02000300, 0x02000100, 0x02000900, 0x01000000, 0x01005000, 0x02000300, 0x02000100, 0x02000900, 0x01000000, 0x01005000, 0x02000300, 0x02000100,
	0x02000900, 0x01000000, 0x01005000, 0x02006400, 0x02000400, 0x02000800, 0x02000600, 0x02000100, 0x01005000, 0x02000300, 0x02000100, 0x02000900,
	0x01000000, 0x01005000, 0x02000300, 0x02000100, 0x02000900, 0x01000000, 0x01005000, 0x02000300, 0x02000100, 0x02000900, 0x01000000, 0x01005000,
	0x02000300, 0x02000100, 0x02000900, 0x01000000, 0x01005000, 0x02000300, 0x02000100, 0x02000900, 0x01000000, 0x01005000, 0x02000300, 0x02000100,
	0x02000900, 0x01000000, 0x01005000, 0x02000300, 0x02000100, 0x02000900, 0x01000000, 0x01005000, 0x02000300, 0x02000100, 0x02000900, 0x01000000,
	0x01005000, 0x02000300, 0x02000100, 0x02000900, 0x01000000, 0x01005000, 0x02000300, 0x02000100, 0x02000900, 0x01000000, 0x01005000, 0x02000300,
	0x02000100, 0x02000900, 0x01000000, 0x01005000, 0x02000300, 0x02000100, 0x02000900, 0x01000000, 0x01005000, 0x02000300, 0x02000100, 0x02000900,
	0x01000000, 0x01005000, 0x02006400, 0x02000400, 0x02000100, 0x01005000, 0x02000300, 0x02000100, 0x02000900, 0x01000000, 0x01005000, 0x02000300,
	0x02000100, 0x02000900, 0x01000000, 0x01005000, 0x02000300, 0x02000100, 0x02000900, 0x01000000, 0x01005000, 0x02006400, 0x02000600, 0x02000300,
	0x02000100, 0x02000900, 0x01000000, 0x01005000, 0x02000300, 0x02000100, 0x02000900, 0x01000000, 0x01005000, 0x02000300, 0x02000100, 0x02000900,
	0x01000000, 0x01005000, 0x02000300, 0x02000100, 0x02000900, 0x01000000, 0x01005000, 0x02000300, 0x02000100, 0x02000900, 0x01000000, 0x01005000,
	0x02000300, 0x02000100, 0x02000900, 0x01000000, 0x01005000, 0x02000300, 0x02000100, 0x02000900, 0x01000000, 0x01005000, 0x02000300, 0x02000100,
	0x02000900, 0x01000000, 0x01005000, 0x02000300, 0x02000100, 0x02000900, 0x01000000, 0x01005000, 0x02000300, 0x02000100, 0x02000900, 0x01000000,
	0x01005000, 0x02006400, 0x02000600, 0x02000800, 0x02000500, 0x01005000, 0x02000300, 0x02000100, 0x02000900, 0x01000000, 0x01005000, 0x02000300,
	0x02000100, 0x02000900, 0x01000000, 0x01005000, 0x02000300, 0x02000100, 0x02000900, 0x01000000, 0x01005000, 0x02000300, 0x02000100, 0x02000900,
	0x01000000, 0x01005000, 0x02000300, 0x02000100, 0x02000900, 0x01000000, 0x01005000, 0x02000300, 0x02000100, 0x02000900, 0x01000000, 0x01005000,
	0x02000300, 0x02000100, 0x02000900, 0x01000000, 0x01005000, 0x02000300, 0x02000100, 0x02000900, 0x01000000, 0x01005000, 0x02006400, 0x02000600,
	0x01003200, 0x01001400, 0x01003200, 0x01003200, 0x02000300, 0x01005000, 0x02006400, 0x02000600, 0x01003200, 0x01001400, 0x01003200, 0x03000000,
	0x03000000, 0x03000000, 0x03000000, 0x03000000, 0x03000000, 0x03000000, 0x03000000, 0x01005000, 0x02000300, 0x02000100, 0x02000900, 0x01000000,
	0x01005000, 0x02006400, 0x02000600, 0x02000800, 0x02000500, 0x01005000, 0x02000300, 0x02000100, 0x02000900, 0x01000000, 0x01005000, 0x02000300,
	0x02000100, 0x02000900, 0x01000000, 0x01005000, 0x02000300, 0x02000100, 0x02000900, 0x01000000, 0x01005000, 0x02006400, 0x02000400, 0x02000a00,
	0x01000000, 0x01005000, 0x02006400, 0x02000600, 0x02000300, 0x02000100, 0x02000900, 0x01000000, 0x01005000, 0x02000300, 0x02000100, 0x02000900,
	0x01000000, 0x01005000, 0x02000300, 0x02000100, 0x02000900, 0x01000000, 0x01005000, 0x02000300, 0x02000100, 0x02000900, 0x01000000, 0x01005000,
	0x02000300, 0x02000100, 0x02000900, 0x01000000, 0x01005000, 0x02000300, 0x02000100, 0x02000900, 0x01000000, 0x01005000, 0x02000300, 0x02000100,
	0x02000900, 0x01000000, 0x01005000, 0x02000300, 0x02000100, 0x02000900, 0x01000000, 0x01005000, 0x02000300, 0x02000100, 0x02000900, 0x01000000,
	0x01005000, 0x02000300, 0x02000100, 0x02000900, 0x01000000, 0x01005000, 0x02006400, 0x02000600, 0x02000400, 0x02000a00, 0x02000200, 0x01005000,
	0x02000300, 0x02000100, 0x02000900, 0x01000000, 0x01005000, 0x02000300, 0x02000100, 0x02000900, 0x01000000, 0x01005000, 0x02006400, 0x02000600,
	0x01003200, 0x01001400, 0x01003200, 0x01003200, 0x02000300, 0x01005000, 0x02000300, 0x02000100, 0x02000900, 0x01000000, 0x01005000, 0x02000300,
	0x02000100, 0x02000900, 0x01000000, 0x01005000, 0x02006400, 0x02000400, 0x02000800, 0x02000600, 0x02000100, 0x01005000, 0x02000300, 0x02000100,
	0x02000900, 0x01000000, 0x01005000, 0x02000300, 0x02000100, 0x02000900, 0x01000000, 0x01005000, 0x02000300, 0x02000100, 0x02000900, 0x01000000,
	0x01005000, 0x02006400, 0x02000600, 0x02000400, 0x02000a00, 0x02000200, 0x01005000, 0x02000300, 0x02000100, 0x02000900, 0x01000000, 0x01005000,
	0x02006400, 0x02000600, 0x02000700, 0x02000400, 0x02000900, 0x01005000, 0x02000300, 0x02000100, 0x02000900, 0x01000000, 0x01005000, 0x02000300,
	0x02000100, 0x02000900, 0x01000000, 0x01005000, 0x02000300, 0x02000100, 0x02000900, 0x01000000, 0x01005000, 0x02000300, 0x02000100, 0x02000900,
	0x01000000, 0x01005000, 0x02000300, 0x02000100, 0x02000900, 0x01000000, 0x01005000, 0x02000300, 0x02000100, 0x02000900, 0x01000000, 0x01005000,
	0x02000300, 0x02000100, 0x02000900, 0x01000000, 0x01005000, 0x02006400, 0x02000400, 0x02000100, 0x01005000, 0x02006400, 0x02000600, 0x02000300,
	0x02000100, 0x02000900, 0x01000000, 0x01005000, 0x02000300, 0x02000100, 0x02000900, 0x01000000, 0x01005000, 0x02000300, 0x02000100, 0x02000900,
	0x01000000, 0x01005000, 0x02000300, 0x02000100, 0x02000900, 0x01000000, 0x01005000, 0x02000300, 0x02000100, 0x02000900, 0x01000000, 0x01005000,
	0x02006400, 0x01000a00, 0x02000600, 0x04000e02, 0x01003200, 0x01001400, 0x01003200, 0x01003200, 0x02001400, 0x01003200, 0x02000400, 0x02006400,
	0x02007800, 0x01003200, 0x01001400, 0x04000e02, 0x02007800, 0x01003200, 0x02000200, 0x02006400, 0x02006400, 0x02000600, 0x02000200, 0x02000400,
	0x02006400, 0x02000e00, 0x02007800, 0x01000500, 0x01000a00, 0x02001200, 0x01003200, 0x01003200, 0x02000400, 0x02007800, 0x01000500, 0x01000a00,
	0x02001200, 0x01003200, 0x01003200, 0x02000400, 0x02007800, 0x01000500, 0x01000a00, 0x02001200, 0x01003200, 0x01003200, 0x02000400, 0x02007800,
	0x01000500, 0x01000a00, 0x02001200, 0x01003200, 0x01003200, 0x02000400, 0x02007800, 0x01000500, 0x01000a00, 0x02001200, 0x01003200, 0x01003200,
	0x02000400, 0x02007800, 0x01000500, 0x01000a00, 0x02001200, 0x01003200, 0x01003200, 0x02000400, 0x02007800, 0x01000500, 0x01000a00, 0x02001200,
	0x01003200, 0x01003200, 0x02000400, 0x02007800, 0x01000500, 0x01000a00, 0x02001200, 0x01003200, 0x01003200, 0x02000400, 0x02007800, 0x01000500,
	0x01000a00, 0x02001200, 0x01003200, 0x01003200, 0x02000400, 0x02007800, 0x01000500, 0x01000a00, 0x02001200, 0x01003200, 0x01003200, 0x02000400,
	0x02007800, 0x02006400, 0x02000700, 0x02000900, 0x01000000, 0x02006400, 0x02000400, 0x02007800, 0x01000500, 0x01000a00, 0x02001200, 0x01003200,
	0x01003200, 0x02000400, 0x02007800, 0x01003200, 0x01003200, 0x02001400, 0x02007800, 0x01003200, 0x02007800, 0x02007800, 0x02006400, 0x02000600,
	0x02000300, 0x01000000, 0x02006400, 0x02004700, 0x01005000, 0x01001400, 0x01001400, 0x01001400, 0x01003200, 0x03000000, 0x03000000, 0x03000000,
	0x03000000, 0x02006300, 0x02000a00, 0x02000a00, 0x02000a00, 0x02006c00, 0x01003200, 0x03000000, 0x03000000, 0x03000000, 0x03000000, 0x01003200,
	0x01003200, 0x02000300, 0x01003200, 0x01003200, 0x02000300, 0x01003200, 0x03000000, 0x03000000, 0x03000000, 0x03000000, 0x01003200, 0x01003200,
	0x02000300, 0x01003200, 0x01003200, 0x02001400, 0x01003200, 0x01003200, 0x02000300, 0x01003200, 0x01003200, 0x02001400, 0x01003200, 0x01003200,
	0x02001400, 0x01003200, 0x03000000, 0x03000000, 0x03000000, 0x03000000, 0x01003200, 0x03000000, 0x03000000, 0x03000000, 0x03000000, 0x01003200,
	0x01003200, 0x02000300, 0x01003200, 0x01003200, 0x02000300, 0x01003200, 0x01003200, 0x02001400, 0x01003200, 0x03000000, 0x03000000, 0x03000000,
	0x03000000, 0x01003200, 0x03000000, 0x03000000, 0x03000000, 0x03000000, 0x01003200, 0x01003200, 0x02001400, 0x01003200, 0x01003200, 0x02001400,
	0x01003200, 0x01003200, 0x02000300, 0x01003200, 0x03000000, 0x03000000, 0x03000000, 0x03000000, 0x01003200, 0x03000000, 0x03000000, 0x03000000,
	0x03000000, 0x01003200, 0x03000000, 0x03000000, 0x03000000, 0x03000000, 0x01003200, 0x01003200, 0x02001400, 0x01003200, 0x01003200, 0x02000300,
	0x01003200, 0x03000000, 0x03000000, 0x03000000, 0x03000000, 0x01003200, 0x01003200, 0x02000300, 0x01003200, 0x01003200, 0x02001400, 0x01003200,
	0x01003200, 0x02001400, 0x01003200, 0x01003200, 0x02000300, 0x01003200, 0x03000000, 0x03000000, 0x03000000, 0x03000000, 0x01003200, 0x01003200,
	0x02000300, 0x01003200, 0x01003200, 0x02001400, 0x02000900, 0x02000800, 0x02000300, 0x02006300, 0x02000a00, 0x02000300, 0x01001400, 0x02000300,
	0x02000700, 0x01005000, 0x02000700, 0x01005000, 0x02006400, 0x02000600, 0x02000200, 0x01003200, 0x02007800, 0x01000500, 0x01000a00, 0x02001200,
	0x01003200, 0x01003200, 0x02000400, 0x02007800, 0x01000500, 0x01000a00, 0x01003200, 0x01003200, 0x01003200, 0x02000400, 0x02001f00, 0x02007800,
	0x02006400, 0x02000200, 0x02000a00, 0x02000500, 0x04007806, 0x01003200, 0x01000a00, 0x01003200, 0x01000a00, 0x01003200, 0x01000a00, 0x02007800,
	0x01003200, 0x02006400, 0x02000200, 0x02000a00, 0x02000500, 0x01005000, 0x01001400, 0x01001400, 0x01001400, 0x01001400, 0x01001400, 0x01001400,
	0x01001400, 0x01001400, 0x01003200, 0x02002000, 0x02007800, 0x01000500, 0x01000a00, 0x02001200, 0x01003200, 0x01003200, 0x02000400, 0x02007800,
	0x01000500, 0x01000a00, 0x02001200, 0x01003200, 0x01003200, 0x02000400, 0x02007800, 0x01003200, 0x03000000, 0x03000000, 0x03000000, 0x03000000,
	0x03000000, 0x03000000, 0x03000000, 0x03000000, 0x02007800, 0x01000500, 0x01000a00, 0x01003200, 0x01003200, 0x01003200, 0x02000400, 0x02002000,
	0x04007803, 0x02006400, 0x02000600, 0x01003200, 0x01000a00, 0x01003200, 0x01000a00, 0x01003200, 0x01000a00, 0x01003200, 0x01000a00, 0x01000a00,
	0x01001400, 0x01001400, 0x02007800, 0x02006400, 0x02000400, 0x04007802, 0x02006400, 0x01000a00, 0x02000600, 0x02000e00, 0x01000a00, 0x01001400,
	0x01003200, 0x01003200, 0x02000300, 0x04007803, 0x02006400, 0x02000600, 0x02000700, 0x04007803, 0x02006400, 0x02002d00, 0x02000900, 0x02000800,
	0x02000300, 0x04007802, 0x02006400, 0x02002d00, 0x0400780a, 0x02006400, 0x02000400, 0x02007800, 0x02006400, 0x02000400, 0x02007800, 0x01003200,
	0x03000000, 0x03000000, 0x03000000, 0x03000000, 0x02007800, 0x02006400, 0x02000600, 0x01001400, 0x01001400, 0x02000200, 0x02006300, 0x02000a00,
	0x02000100, 0x02000300, 0x04006409, 0x02006400, 0x02000700, 0x01005000, 0x02006400, 0x02000600, 0x01001400, 0x01001400, 0x02001300, 0x02006400,
	0x02006400, 0x02000400, 0x02000400, 0x02006400, 0x02006400, 0x02000500, 0x02000700, 0x02000700, 0x02000400, 0x02000900, 0x02006400, 0x02006400,
	0x02000400, 0x02006400, 0x02007800, 0x01003200, 0x01000000, 0x02007800, 0x02000e00, 0x02007800, 0x04000e03, 0x02007800, 0x01003200, 0x02006400,
	0x02000400, 0x01003200, 0x01000a00, 0x01001400, 0x0200b500, 0x02001000, 0x01003200, 0x02002000, 0x01003200, 0x02008000, 0x02000500, 0x02001000,
	0x01003200, 0x01003200, 0x02000300, 0x01003200, 0x03000000, 0x03000000, 0x03000000, 0x03000000, 0x03000000, 0x03000000, 0x03000000, 0x03000000,
	0x01003200, 0x01003200, 0x02001400, 0x01003200, 0x01003200, 0x02000300, 0x01003200, 0x03000000, 0x03000000, 0x03000000, 0x03000000, 0x03000000,
	0x03000000, 0x03000000, 0x03000000, 0x01003200, 0x03000000, 0x03000000, 0x03000000, 0x03000000, 0x03000000, 0x03000000, 0x03000000, 0x03000000,
	0x02007800, 0x01003200, 0x02007800, 0x02007800, 0x02006400, 0x02000400, 0x02000400, 0x01005000, 0x02000300, 0x02007800, 0x02006400, 0x02001500,
	0x02006400, 0x02000400, 0x01005000, 0x02000400, 0x01005000, 0x02006400, 0x02006400, 0x02007800, 0x01003200, 0x01001400, 0x02000e00, 0x02007800,
	0x01003200, 0x02000200, 0x02006400, 0x02006400, 0x02000200, 0x02000300, 0x02006400, 0x02006400, 0x02000200, 0x01001400, 0x01001400, 0x02000200,
	0x02006400, 0x01003200, 0x02000200, 0x02006400, 0x02006400, 0x02000400, 0x02006400, 0x02006400, 0x02000400, 0x02006400, 0x02006400, 0x02000200,
	0x02000700, 0x02000700, 0x02000400, 0x02000900, 0x02006400, 0x04007802, 0x02007800, 0x01000500, 0x01000a00, 0x01003200, 0x01003200, 0x01003200,
	0x02000400, 0x02002000, 0x02007800, 0x02000e00, 0x02007800, 0x02006400, 0x02000400, 0x02007800, 0x01003200, 0x02006400, 0x02000200, 0x02000400,
	0x01000000, 0x02006400, 0x02000400, 0x04007802, 0x02006400, 0x02000200, 0x01003200, 0x01000a00, 0x01003200, 0x01000a00, 0x01003200, 0x01000a00,
	0x01000a00, 0x01001400, 0x01001400, 0x01005000, 0x01000000, 0x01005000, 0x02006400, 0x01005000, 0x02006400, 0x02000200, 0x01001400, 0x01001400,
	0x02000a00, 0x02006400, 0x01000500, 0x02000400, 0x02001700, 0x02000300, 0x02001700, 0x02000300, 0x02001700, 0x02000300, 0x02002700, 0x02000300,
	0x02000100, 0x01000000, 0x01003200, 0x01003200, 0x01003200, 0x01003200, 0x01003200, 0x02000400, 0x01003200, 0x01003200, 0x02000400, 0x02000400,
	0x02006400, 0x02007800, 0x02007800, 0x01000500, 0x01000a00, 0x02001200, 0x01003200, 0x01003200, 0x02000400, 0x02007800, 0x01000500, 0x01000a00,
	0x02001200, 0x01003200, 0x01003200, 0x02000400, 0x02007800, 0x01000500, 0x01000a00, 0x02001200, 0x01003200, 0x01003200, 0x02000400, 0x02007800,
	0x01003200, 0x01003200, 0x02001400, 0x02007800, 0x02006400, 0x02000400, 0x02006400, 0x02000300, 0x01003200, 0x02004000, 0x02007800, 0x01000500,
	0x01000a00, 0x02001200, 0x01003200, 0x01003200, 0x02000400, 0x02007800, 0x01000500, 0x02000400, 0x01003200, 0x02000400, 0x02007800, 0x01000500,
	0x01000a00, 0x02001200, 0x01003200, 0x01003200, 0x02000400, 0x02007800, 0x02000e00, 0x02007800, 0x01004b00, 0x01004b00, 0x01004b00, 0x01004b00,
	0x02006400, 0x02000300, 0x02007800, 0x01000500, 0x01000a00, 0x02001200, 0x01003200, 0x01003200, 0x02000400, 0x02007800, 0x02006400, 0x02004f00,
	0x02007800, 0x01000500, 0x01000a00, 0x02001200, 0x01003200, 0x01003200, 0x02000400, 0x02007800, 0x02007800, 0x02007800, 0x01000500, 0x01000a00,
	0x02001200, 0x01003200, 0x01003200, 0x02000400, 0x02007800, 0x01000500, 0x01000a00, 0x02001200, 0x01003200, 0x01003200, 0x02000400, 0x02007800,
	0x01003200, 0x01003200, 0x02001400, 0x02007800, 0x02007800, 0x02007800, 0x01000500, 0x01000a00, 0x02001200, 0x01003200, 0x01003200, 0x02000400,
	0x02007800, 0x01000500, 0x01000a00, 0x02001200, 0x01003200, 0x01003200, 0x02000400, 0x02007800, 0x02006400, 0x02000300, 0x02000300, 0x02006400,
	0x02000b00, 0x02006400, 0x02000a00, 0x02000800, 0x02000900, 0x01000000, 0x02006400, 0x02000300, 0x02007800, 0x02006400, 0x02000300, 0x02000300,
	0x02006400, 0x02000b00, 0x02006400, 0x02000300, 0x02007800, 0x02007800, 0x02007800, 0x02007800, 0x02007800, 0x02006400, 0x02000400, 0x01005000,
	0x02006400, 0x02000300, 0x01005000, 0x01001400, 0x01001400, 0x02000400, 0x01005000, 0x01000000, 0x01005000, 0x01001400, 0x01001400, 0x02007800,
	0x01000500, 0x01000a00, 0x02001200, 0x01003200, 0x01003200, 0x02000400, 0x02007800, 0x02000e00, 0x02007800, 0x01000500, 0x02000400, 0x01003200,
	0x02000400, 0x02007800, 0x01000500, 0x01000a00, 0x02001200, 0x01003200, 0x01003200, 0x02000400, 0x02007800, 0x01003200, 0x01003200, 0x02000300,
	0x02007800, 0x02006400, 0x02000400, 0x02007800, 0x02006400, 0x02000400, 0x04007803, 0x02006400, 0x02000400, 0x01005000, 0x02006400, 0x02000300,
	0x01001400, 0x01003200, 0x01003200, 0x02001400, 0x02006300, 0x02000a00, 0x02000300, 0x01003200, 0x01003200, 0x02000300, 0x01003200, 0x03000000,
	0x03000000, 0x03000000, 0x03000000, 0x03000000, 0x03000000, 0x03000000, 0x03000000, 0x02000600, 0x04007803, 0x01003200, 0x03000000, 0x03000000,
	0x03000000, 0x03000000, 0x02007800, 0x02006400, 0x02000400, 0x02007800, 0x01003200, 0x01003200, 0x02001400, 0x02001200, 0x01005000, 0x02006400,
	0x01005000, 0x02000200, 0x01005000, 0x01005000, 0x01000a00, 0x01001400, 0x01001400, 0x02000f00, 0x02000700, 0x02000400, 0x02000900, 0x02006400,
	0x02006400, 0x02000300, 0x01000a00, 0x01000a00, 0x02006400, 0x02007800, 0x01003200, 0x01000000, 0x02007800, 0x01000500, 0x01000a00, 0x02001200,
	0x01003200, 0x01003200, 0x02000400, 0x02007800, 0x01000500, 0x01000a00, 0x02001200, 0x01003200, 0x01003200, 0x02000400, 0x02007800, 0x02000e00,
	0x02007800, 0x01000500, 0x01000a00, 0x02001200, 0x01003200, 0x01003200, 0x02000400, 0x02007800, 0x02006400, 0x02000100, 0x02007800, 0x01000500,
	0x01000a00, 0x02001200, 0x01003200, 0x01003200, 0x02000400, 0x02007800, 0x02006400, 0x02000400, 0x02007800, 0x01000500, 0x01000a00, 0x02001200,
	0x01003200, 0x01003200, 0x02000400, 0x02007800, 0x01000500, 0x01000a00, 0x02001200, 0x01003200, 0x01003200, 0x02000400, 0x02007800, 0x01000500,
	0x01000a00, 0x02001200, 0x01003200, 0x01003200, 0x02000400, 0x02007800, 0x02006400, 0x02000100, 0x02007800, 0x01000500, 0x01000a00, 0x02001200,
	0x01003200, 0x01003200, 0x02000400, 0x02007800, 0x01000500, 0x01000a00, 0x02001200, 0x01003200, 0x01003200, 0x02000400, 0x02007800, 0x01000500,
	0x01000a00, 0x02001200, 0x01003200, 0x01003200, 0x02000400, 0x02007800, 0x01003200, 0x01003200, 0x02001400, 0x02007800, 0x01000500, 0x01000a00,
	0x02001200, 0x01003200, 0x01003200, 0x02000400, 0x02007800, 0x01003200, 0x02007800, 0x02007800, 0x02000e00, 0x02007800, 0x01003200, 0x02007800,
	0x02007800, 0x01000500, 0x01000a00, 0x01003200, 0x01003200, 0x01003200, 0x02000400, 0x02002000, 0x04007806, 0x02006400, 0x02000300, 0x04007805,
	0x01003200, 0x01000a00, 0x01003200, 0x02007800, 0x01003200, 0x02006400, 0x02000100, 0x02000200, 0x02000800, 0x01005000, 0x01001400, 0x01001400,
	0x01001400, 0x01001400, 0x01001400, 0x01003200, 0x03000000, 0x03000000, 0x03000000, 0x03000000, 0x03000000, 0x03000000, 0x03000000, 0x03000000,
	0x01005000, 0x01001400, 0x01001400, 0x02000300, 0x02000900, 0x02000800, 0x02000300, 0x02006300, 0x02000a00, 0x02000a00, 0x02000a00, 0x02001b00,
	0x01001400, 0x02000300, 0x02000900, 0x02000800, 0x02000300, 0x01001400, 0x01001400, 0x02000300, 0x02000900, 0x02000800, 0x02000300, 0x01001400,
	0x02000300, 0x02000900, 0x02000800, 0x02000300, 0x01001400, 0x01001400, 0x02000300, 0x01001400, 0x02000300, 0x02000900, 0x02000800, 0x02000300,
	0x01001400, 0x02000300, 0x01001400, 0x02000300, 0x02000900, 0x02000800, 0x02000300, 0x01001400, 0x02000300, 0x02000200, 0x02000900, 0x02000300,
	0x01000000, 0x01005000, 0x02000200, 0x02000900, 0x02000300, 0x01000000, 0x01005000, 0x02000200, 0x02000900, 0x02000300, 0x01000000, 0x01005000,
	0x02000200, 0x02000900, 0x02000300, 0x01000000, 0x01005000, 0x02000200, 0x02000900, 0x02000300, 0x01000000, 0x01005000, 0x02006400, 0x02000100,
	0x01005000, 0x02000200, 0x02000900, 0x02000300, 0x01000000, 0x01005000, 0x02000200, 0x02000900, 0x02000300, 0x01000000, 0x01005000, 0x02000200,
	0x02000900, 0x02000300, 0x01000000, 0x01005000, 0x02000200, 0x02000900, 0x02000300, 0x01000000, 0x01005000, 0x02000200, 0x02000900, 0x02000300,
	0x01000000, 0x01005000, 0x02000200, 0x02000900, 0x02000300, 0x01000000, 0x01005000, 0x02000200, 0x02000900, 0x02000300, 0x01000000, 0x01005000,
	0x02006400, 0x02000100, 0x02000300, 0x02000700, 0x02000400, 0x02000900, 0x02007800, 0x01000500, 0x01000a00, 0x02001200, 0x01003200, 0x01003200,
	0x02000400, 0x02007800, 0x02006400, 0x02000400, 0x02007800, 0x01000500, 0x01000a00, 0x02001200, 0x01003200, 0x01003200, 0x02000400, 0x02007800,
	0x01000500, 0x01000a00, 0x02001200, 0x01003200, 0x01003200, 0x02000400, 0x02007800, 0x02000e00, 0x02007800, 0x02000e00, 0x02007800, 0x01000500,
	0x01000a00, 0x02001200, 0x01003200, 0x01003200, 0x02000400, 0x02007800, 0x01000500, 0x01000a00, 0x01003200, 0x01003200, 0x01003200, 0x02000400,
	0x02002000, 0x02007800, 0x02000e00, 0x02007800, 0x01000500, 0x01000a00, 0x02001200, 0x01003200, 0x01003200, 0x02000400, 0x02007800, 0x01003200,
	0x03000000, 0x03000000, 0x02007800, 0x01003200, 0x04007802, 0x02007800, 0x02006400, 0x02000100, 0x01005000, 0x02000300, 0x01000000, 0x01005000,
	0x02000200, 0x04007806, 0x02006400, 0x02000100, 0x01003200, 0x01000a00, 0x01003200, 0x01000a00, 0x01003200, 0x01000a00, 0x01001400, 0x01001400,
	0x02007800, 0x04007807, 0x02006400, 0x02000400, 0x04007802, 0x02006400, 0x02000400, 0x02007800, 0x01003200, 0x01003200, 0x02000300, 0x02007800,
	0x02006400, 0x02000100, 0x02007800, 0x02006400, 0x01000000, 0x02006400, 0x02000100, 0x01005000, 0x02000300, 0x01005000, 0x02000200, 0x01000000,
	0x01005000, 0x01005000, 0x01001400, 0x01001400, 0x02000200, 0x04007804, 0x02006400, 0x02000100, 0x04007807, 0x01003200, 0x03000000, 0x03000000,
	0x03000000, 0x03000000, 0x03000000, 0x03000000, 0x03000000, 0x03000000, 0x03000000, 0x03000000, 0x03000000, 0x03000000, 0x03000000, 0x03000000,
	0x03000000, 0x03000000, 0x02007800, 0x02006400, 0x02000100, 0x04007802, 0x01003200, 0x01003200, 0x02001400, 0x02007800, 0x02006400, 0x02000400,
	0x0400780b, 0x02006400, 0x02000100, 0x02007800, 0x02006400, 0x02000400, 0x04007805, 0x01003200, 0x03000000, 0x03000000, 0x03000000, 0x03000000,
	0x01005000, 0x02000300, 0x02006400, 0x02000400, 0x02000a00, 0x02000500, 0x01000000, 0x02006400, 0x02000400, 0x02007800, 0x02006400, 0x02001000,
	0x02006400, 0x02000100, 0x02000500, 0x01003200, 0x02007800, 0x04006402, 0x02001500, 0x04007806, 0x02006400, 0x02001500, 0x02000100, 0x02006400,
	0x02001500, 0x02000100, 0x04006402, 0x02000100, 0x02000500, 0x01005000, 0x02000200, 0x01000000, 0x01005000, 0x01005000, 0x01000a00, 0x01003200,
	0x01001400, 0x01001400, 0x02000800, 0x02006400, 0x02001d00, 0x01003200, 0x02003c00, 0x02000600, 0x01003200, 0x01003200, 0x01003200, 0x02000400,
	0x01003200, 0x01003200, 0x02000400, 0x01003200, 0x02000400, 0x02000400, 0x02006400, 0x02006400, 0x02000200, 0x02000e00, 0x01001400, 0x01003200,
	0x01003200, 0x02001400, 0x02006400, 0x02005100,
}

